time,mode,center_x,center_y,center_z,formation_error,min_obstacle_clearance,min_agent_distance,energy,path_length,max_height,avg_force_norm,min_pair_distance
0.0,column,-5.4,0.0,1.2,0.794399688893766,3.2163083384538815,0.8037115436470766,1.8297747946611065,0.03192920950978327,1.2,2.5543367607826637,0.8037115436470766
0.05,column,-5.3790000000000004,0.0,1.2,0.7818599783314818,3.2088344102451343,0.8112512198552672,3.6443565364542945,0.09520640168923385,1.2,2.5080064508932245,0.8112512198552672
0.1,column,-5.3580000000000005,0.0,1.2,0.7639558679078702,3.1938807129898352,0.8227956765170197,5.447756112092668,0.18912676435165637,1.2,2.4521503644349516,0.8227956765170197
0.15000000000000002,column,-5.337000000000001,0.0,1.2,0.7409588975049533,3.171438492004225,0.8385848960807839,7.249152591968789,0.313442188036091,1.2,2.433424301053245,0.8385848960807839
0.2,column,-5.316000000000001,0.0,1.2,0.713677325544889,3.1415003216993,0.8589238689801285,9.04987653977326,0.4680191255843129,1.2,2.4240657067956923,0.8589238689801285
0.25,column,-5.295000000000001,0.0,1.2,0.6844444537054463,3.1040659218150584,0.8854356419640214,10.850134660185141,0.652497242645268,1.2,2.414369980149732,0.8854356419640214
0.30000000000000004,column,-5.274,0.0,1.2,0.6550757549730492,3.059135081516903,0.9190508287831572,12.45011898705313,0.8633293776514502,1.2,2.3091409957441003,0.9190508287831572
0.35000000000000003,column,-5.253,0.0,1.2,0.6258325660314613,3.0067076804734754,0.9591112047682178,13.941886879975119,1.080282851183023,1.2,2.381175444284099,0.9591112047682178
0.4,column,-5.232,0.0,1.2,0.5980485323150371,2.9542592436884405,1.0058985902703834,15.604284305585056,1.30447414014216,1.2,2.540619253784224,1.0058985902703834
0.45,column,-5.211,0.0,1.2,0.572195770240738,2.901806430314271,1.0584503001914571,17.42456031272336,1.535419543790743,1.2,2.6528080192151453,1.0584503001914571
0.5,column,-5.19,0.0,1.2,0.5487816056343365,2.8493506195625686,1.1163316960330867,18.817819502982367,1.7737047269526318,1.2,2.1817933052634735,1.1163316960330867
0.55,column,-5.169,0.0,1.2,0.5280388199229422,2.796892974208059,1.1781609781033684,20.072895263743682,2.01926406846331,1.2,2.0993942486313015,1.1781609781033684
0.6000000000000001,column,-5.148000000000001,0.0,1.2,0.5100930850466314,2.7444343177133055,1.2129401611739776,21.566056370460316,2.2704969266035384,1.2,2.2654813828621174,1.2129401611739776
0.65,column,-5.127000000000001,0.0,1.2,0.49411872949683344,2.691975033391744,1.1936695376669664,23.229442778995537,2.524400520075703,1.2,2.5191343403100923,1.1936695376669664
0.7000000000000001,column,-5.106000000000001,0.0,1.2,0.4796482405743566,2.6394785466492854,1.1878720339936297,25.02629704262216,2.7751595538953917,1.2,2.637783125547195,1.1878720339936297
0.75,column,-5.085,0.0,1.2,0.46758570784451814,2.5869840293740474,1.1951101238257293,26.406380429536593,3.020362677038773,1.2,2.227891109062699,1.1951101238257293
0.8,column,-5.064,0.0,1.2,0.4594821431050556,2.5345821176980863,1.214372074395485,27.746926513810138,3.26011517710404,1.2,2.174549235286894,1.214372074395485
0.8500000000000001,column,-5.043,0.0,1.2,0.4569004890743136,2.482370951815507,1.24394858583386,29.275060226657835,3.4887942757673627,1.2,2.3981219358099706,1.24394858583386
0.9,column,-5.022,0.0,1.2,0.4578752842482217,2.4359029441208264,1.2858629613459784,30.75999657016235,3.7068285212129934,1.2,2.3481020993862396,1.2858629613459784
0.9500000000000001,column,-5.001,0.0,1.2,0.4615210429229871,2.395014459378542,1.2915410508979261,32.20138246932715,3.9148514667248886,1.2,2.2970435198501917,1.2915410508979261
1.0,column,-4.9799999999999995,0.0,1.2,0.46749522479076033,2.359513849016781,1.292780355040145,33.60099028178721,4.113895946119963,1.2,2.249110741857981,1.292780355040145
1.05,column,-4.9590000000000005,0.0,1.2,0.4750572131908246,2.329184595597229,1.268199717283844,34.96345596727476,4.305292206471884,1.2,2.210782800208428,1.268199717283844
1.1,column,-4.938000000000001,0.0,1.2,0.48399929271531583,2.3037884129597446,1.2388649807214411,36.270694499929576,4.491463639260337,1.2,2.1590238878133756,1.2388649807214411
1.1500000000000001,column,-4.917,0.0,1.2,0.4943343059010051,2.28271561922228,1.2056961289867738,37.04695820837423,4.675208179526522,1.2,1.4721969455061372,1.2056961289867738
1.2000000000000002,column,-4.896000000000001,0.0,1.2,0.5055949247056561,2.2646512731590924,1.1708163586413367,37.76335713651652,4.858621479130883,1.2,1.3766308266678615,1.1708163586413367
1.25,column,-4.875,0.0,1.2,0.5183667822475773,2.2477852023401086,1.1367706796133163,38.48720796786196,5.043809135691019,1.2,1.4245620629653337,1.1367706796133163
1.3,column,-4.854,0.0,1.2,0.5328802617093096,2.2296655817256843,1.106519514030252,39.31943991727308,5.232750524014735,1.2,1.6316416916177214,1.106519514030252
1.35,column,-4.833,0.0,1.2,0.5493331967286695,2.207788405152697,1.0802509474295585,40.134814881107474,5.424725238680194,1.2,1.6279771193175372,1.0802509474295585
1.4000000000000001,column,-4.812,0.0,1.2,0.5672232780465818,2.182395807287909,1.0580708428382675,41.36085690625374,5.6130277252736,1.2,2.082884454355972,1.0580708428382675
1.4500000000000002,column,-4.791,0.0,1.2,0.5847028382991627,2.153739550594879,1.0399550831725994,42.56320689180083,5.797237031606999,1.2,2.04656415659191,1.0399550831725994
1.5,column,-4.7700000000000005,0.0,1.2,0.6013696440492107,2.1220785073099337,1.026056834147184,43.742219076513905,5.977019594420682,1.2,2.007531179374793,1.026056834147184
1.55,column,-4.7490000000000006,0.0,1.2,0.6168013930565958,2.087676433331617,1.0163367223777342,44.89853879480493,6.152214644207259,1.2,1.9662181366024658,1.0163367223777342
1.6,column,-4.728,0.0,1.2,0.6307834479421133,2.050799373639336,1.010723092251913,46.033160129194165,6.323050805513648,1.2,1.9232822809104388,1.010723092251913
1.6500000000000001,column,-4.707000000000001,0.0,1.2,0.6431766972346291,2.011713734106518,1.009127891012746,47.141796492434764,6.490836057333662,1.2,1.87274903328936,1.009127891012746
1.7000000000000002,column,-4.686,0.0,1.2,0.653918420335754,1.9706845032363873,1.0114557444465315,48.22500042040054,6.659511476429669,1.2,1.8285136105461806,1.0114557444465315
1.75,column,-4.665000000000001,0.0,1.2,0.6630068957294116,1.9279736328698205,1.0135950243484937,49.124377213498036,6.833728387120186,1.2,1.6752500388931608,1.0135950243484937
1.8,column,-4.644,0.0,1.2,0.6713105091235357,1.8838385928205688,1.0157530851433947,49.98981194189943,7.015483487004577,1.2,1.6340304388387115,1.0157530851433947
1.85,column,-4.623,0.0,1.2,0.678524253801812,1.8385319324371576,1.0180345787585836,50.828381447550036,7.205598120583113,1.2,1.5977628348597137,1.0180345787585836
1.9000000000000001,column,-4.602,0.0,1.2,0.6843938105465911,1.7922989204144548,1.0204718590080322,51.60190377816963,7.40429509396327,1.2,1.5342311230372083,1.0204718590080322
1.9500000000000002,column,-4.581,0.0,1.2,0.6887798591784074,1.7453758159368018,1.023054749946925,52.29438528708234,7.611360416609722,1.2,1.4595019604715467,1.023054749946925
2.0,column,-4.5600000000000005,0.0,1.2,0.691645359007567,1.697988583244682,1.0282737283995929,52.819290337762894,7.822674613817531,1.2,1.273495159931882,1.0282737283995929
2.0500000000000003,column,-4.539,0.0,1.2,0.6928197313582245,1.6503519345827127,1.0405954338929446,53.99585454951383,8.029720373525029,1.2,1.9390049338840682,1.0405954338929446
2.1,column,-4.518000000000001,0.0,1.2,0.6917643118552276,1.6026687222448626,1.0597586344081313,55.448416807800804,8.225953637871509,1.2,2.1477928626659444,1.0597586344081313
2.15,column,-4.497000000000001,0.0,1.2,0.6899285041768095,1.555128841263171,1.0855267079441557,56.8922844472183,8.413151347842469,1.2,2.139804790739556,1.0855267079441557
2.2,column,-4.476000000000001,0.0,1.2,0.6873235723834489,1.5079087732567125,1.1031361558122799,58.051822433050106,8.591562962099554,1.2,1.9072558050167714,1.1031361558122799
2.25,column,-4.455,0.0,1.2,0.6843080077836939,1.461171399469163,1.1111792509373288,59.12371889132009,8.763396187079435,1.2,1.8344207743767327,1.1111792509373288
2.3000000000000003,column,-4.434,0.0,1.2,0.6809879605701983,1.4150664359251437,1.128396707337715,60.15066277109462,8.9299485653771,1.2,1.8582414990489013,1.128396707337715
2.35,column,-4.413,0.0,1.2,0.6772192863793729,1.371211360759456,1.1541460904235832,61.113708054607656,9.091443620714116,1.2,1.890642099125476,1.1541460904235832
2.4000000000000004,column,-4.392,0.0,1.2,0.672882183500169,1.3329247194918927,1.1848460643759127,62.48758677016831,9.23935212851022,1.2,2.1959588880417895,1.1848460643759127
2.45,column,-4.371,0.0,1.2,0.668377395603019,1.302128143452979,1.2167684508345078,63.852697355057444,9.373700835088815,1.2,2.1654347156511498,1.2167684508345078
2.5,column,-4.3500000000000005,0.0,1.2,0.6632566013644565,1.2788382291412193,1.2475617677850264,65.31075655276467,9.49341380213211,1.2,2.202195238583021,1.2475617677850264
2.5500000000000003,column,-4.329000000000001,0.0,1.2,0.6575828136823654,1.2630488939443691,1.2350993216409105,66.71481476956336,9.599785852333172,1.2,2.129879529769089,1.2350993216409105
2.6,column,-4.308,0.0,1.2,0.6512596566424815,1.2545807084720497,1.203006684319186,67.96558368296259,9.695200729075896,1.2,1.9951767050698646,1.203006684319186
2.6500000000000004,column,-4.287,0.0,1.2,0.6444366655953427,1.2529224408582824,1.166843476964031,69.14219353322964,9.789730807354202,1.2,1.9985828244904145,1.166843476964031
2.7,column,-4.2738482211274365,0.012575993666628113,1.2,0.6484774593020441,1.25754729574018,1.138605679162947,70.80128327134514,9.88068536165308,1.2,2.5492557539991507,1.138605679162947
2.75,column,-4.264620552818589,0.03143998416657018,1.2,0.6578863330734416,1.2680000841333252,1.1221142351813729,72.62310777985249,9.974738385666091,1.2,2.668851026266659,1.1221142351813729
2.8000000000000003,column,-4.255392884509742,0.05030397466651245,1.2,0.6726437136330615,1.283855432526377,1.1179180989398498,74.36412468364875,10.077328639194132,1.2,2.5909591462160955,1.1179180989398498
2.85,column,-4.246165216200896,0.06916796516645453,1.2,0.6921290703951042,1.304677646450042,1.1267089713441802,76.03399352420757,10.193971472502973,1.2,2.515355377232431,1.1267089713441802
2.9000000000000004,column,-4.236937547892049,0.0880319556663968,1.2,0.7157959588140136,1.3300240860376826,1.150165009646929,77.42059244685132,10.320418304087589,1.2,2.272918228994136,1.150165009646929
2.95,column,-4.227709879583203,0.10689594616633886,1.2,0.7416639320540799,1.3594484415591954,1.1845023031792599,78.03831442500612,10.45838544212959,1.2,1.5529319065597444,1.1845023031792599
3.0,column,-4.218482211274356,0.12575993666628094,1.2,0.768786522639126,1.392503895714748,1.1922895188508098,78.30420572108874,10.602454853124275,1.2,0.9293242683575296,1.1922895188508098
3.0500000000000003,column,-4.2092545429655095,0.14462392716622322,1.2,0.7969258972147986,1.4287461544923457,1.1581217925141742,78.75616169635992,10.740245363986775,1.2,1.2591914331343677,1.1581217925141742
3.1,column,-4.200026874656663,0.16348791766616527,1.2,0.8242267664595058,1.4677363260362961,1.1330056131282795,79.5597544270267,10.867506459420152,1.2,1.6406559807908916,1.1330056131282795
3.1500000000000004,column,-4.190799206347816,0.18235190816610755,1.2,0.8504451461876036,1.5079884969355017,1.114016224647341,81.03618656069048,10.990642886197403,1.2,2.1751957501140056,1.114016224647341
3.2,column,-4.18157153803897,0.2012158986660496,1.2,0.8752216993866606,1.5474732781310325,1.10163978363492,82.54312371427542,11.113420906480336,1.2,2.299155763627796,1.10163978363492
3.25,column,-4.172343869730123,0.2200798891659917,1.2,0.8989997503478511,1.584122758673836,1.0965630605532881,84.12638581082247,11.239237545341151,1.2,2.3989126090544652,1.0965630605532881
3.3000000000000003,column,-4.163116201421277,0.23894387966593394,1.2,0.9220537453915452,1.616287129182251,1.1002507751237833,85.12650526328383,11.36729074481562,1.2,1.893341788968635,1.1002507751237833
3.35,column,-4.15388853311243,0.25780787016587603,1.2,0.94628498523976,1.6432351011966864,1.1125470662000763,85.7609215658641,11.499234354226132,1.2,1.5616516880307738,1.1125470662000763
3.4000000000000004,column,-4.144660864803583,0.2766718606658183,1.2,0.9718994625134734,1.6651474220657843,1.1333233649648058,86.31227490257764,11.637705626487852,1.2,1.4683773673027498,1.1333233649648058
3.45,column,-4.135433196494737,0.29553585116576037,1.2,0.9984695890914527,1.6829928039261088,1.1608477768084595,86.74704019451309,11.78382330791696,1.2,1.2818170695830917,1.1608477768084595
3.5,column,-4.12620552818589,0.31439984166570245,1.2,1.025108317583641,1.6981726061734252,1.1910089280877576,87.17394032417923,11.937332491681369,1.2,1.2269324736837286,1.1910089280877576
3.5500000000000003,column,-4.116977859877043,0.3332638321656447,1.2,1.051043722073493,1.7120505595395876,1.2200852889729605,87.73575690614213,12.09776868506699,1.2,1.2860072096820723,1.2200852889729605
3.6,column,-4.107750191568197,0.3521278226655868,1.2,1.075739279250163,1.725706312725102,1.2459344453418209,88.79697899310617,12.26591416219621,1.2,1.7586020627544496,1.2459344453418209
3.6500000000000004,column,-4.09852252325935,0.37099181316552904,1.2,1.099082006375714,1.7398771816287506,1.2529052562546712,89.89583123988915,12.443592616426,1.2,1.8282133386023098,1.2529052562546712
3.7,column,-4.089294854950503,0.3898558036654711,1.2,1.1207395176309984,1.7549170263832639,1.2526940162961786,91.0021715334762,12.628666498168295,1.2,1.8464615497730024,1.2526940162961786
3.75,column,-4.0800671866416565,0.40871979416541315,1.2,1.14121253656718,1.7708950460547321,1.2262601437353868,92.04248852291634,12.820869933969957,1.2,1.7379102210049162,1.2262601437353868
3.8000000000000003,column,-4.070839518332811,0.42758378466535546,1.2,1.1607357715516635,1.785047218466824,1.1841489920500516,92.98014940481764,13.019605618933141,1.2,1.4713672629019583,1.1841489920500516
3.85,column,-4.061611850023964,0.44644777516529754,1.2,1.179422176568428,1.7873245956889445,1.148915604471015,93.96373360364244,13.223740538835598,1.2,1.5711539071810479,1.148915604471015
3.9000000000000004,column,-4.052384181715118,0.4653117656652398,1.2,1.1974410916921072,1.7889600167801893,1.125244123264708,94.81962107003535,13.422571900218085,1.2,1.608004451479611,1.125244123264708
3.95,column,-4.043156513406271,0.4841757561651819,1.2,1.2140550952580962,1.7897570757277708,1.107186575587153,96.02663971911748,13.612204389795284,1.2,1.9788391273507593,1.107186575587153
4.0,column,-4.033928845097424,0.503039746665124,1.2,1.227780393030687,1.7895159249654846,1.0945094907397475,97.17722600321648,13.794610507857914,1.2,1.9597667722202694,1.0945094907397475
4.05,column,-4.024701176788577,0.521903737165066,1.2,1.2386343448503971,1.7880716649185084,1.0871903706483703,98.29096947036305,13.97182279892651,1.2,1.950626041631537,1.0871903706483703
4.1000000000000005,column,-4.015473508479731,0.5407677276650085,1.2,1.2466376947791116,1.7853017826858866,1.0853988294671024,99.38039224304464,14.145921072154326,1.2,1.9427272388526906,1.0853988294671024
4.15,column,-4.006245840170884,0.5596317181649505,1.2,1.2517792362046516,1.781131721327114,1.0916743615987787,100.67994173390348,14.320383842623857,1.2,2.108226240751874,1.0916743615987787
4.2,column,-3.997018171862037,0.5784957086648926,1.2,1.2536390497326966,1.7755352177000427,1.104971990676467,101.93341322083077,14.496205848311622,1.2,2.05741484642813,1.104971990676467
4.25,column,-3.9877905035531906,0.5973596991648347,1.2,1.2524193342369536,1.768528100665239,1.126043388194808,103.2678730733573,14.665052995370822,1.2,2.1750504334429066,1.126043388194808
4.3,column,-3.9785628352443445,0.6162236896647767,1.2,1.250666284850919,1.760156987579775,1.1522188622201859,104.43569942852815,14.830648163509904,1.2,1.9357390726812338,1.1522188622201859
4.3500000000000005,column,-3.969335166935497,0.6350876801647192,1.2,1.2479061110408214,1.750485986822837,1.1810240531958256,105.53238036709715,14.996717898861416,1.2,1.7242321702556587,1.1810240531958256
4.4,column,-3.960107498626651,0.6539516706646613,1.2,1.2437186665318374,1.739584349722532,1.2011542805451099,106.62434952040196,15.166247114078091,1.2,1.783662818407248,1.2011542805451099
4.45,column,-3.9508798303178043,0.6728156611646033,1.2,1.237806527718273,1.7275167293845257,1.2040983499491313,107.73876857848887,15.340918924671964,1.2,1.8499948209216668,1.2040983499491313
4.5,column,-3.9416521620089577,0.6916796516645454,1.2,1.2299800008863166,1.7143364314716227,1.2060283249315746,108.86549238681972,15.521458211966067,1.2,1.8741672548702855,1.2060283249315746
4.55,column,-3.9324244937001107,0.7105436421644875,1.2,1.2201757778498887,1.7000813926236762,1.2070246773605666,109.96622630509052,15.707510976300034,1.2,1.8385234438797717,1.2070246773605666
4.6000000000000005,column,-3.923196825391264,0.72940763266443,1.2,1.2085093704866403,1.6847725901838473,1.2073195226004174,111.04606838410702,15.89838767833026,1.2,1.8102400295138215,1.2073195226004174
4.65,column,-3.9139691570824175,0.748271623164372,1.2,1.1951181072891266,1.6684148851899736,1.20724790823505,112.4453853859996,16.086302353425566,1.2,2.1152324407247294,1.20724790823505
4.7,column,-3.904741488773571,0.7671356136643142,1.2,1.1820624554021435,1.6510006161608408,1.2071934044942398,113.84149266698242,16.27102606428826,1.2,2.101138258219396,1.2071934044942398
4.75,column,-3.8955138204647244,0.7859996041642562,1.2,1.1693953726071526,1.6325163390058592,1.2049392172880815,115.16142476382493,16.44276100276198,1.2,2.124426602616614,1.2049392172880815
4.800000000000001,column,-3.886286152155878,0.8048635946641984,1.2,1.1586576433855302,1.6129527798588397,1.2004604267318597,116.37140994206257,16.60362265472947,1.2,2.03483940185783,1.2004604267318597
4.8500000000000005,column,-3.8770584838470312,0.8237275851641409,1.2,1.1496360774593217,1.5922541956818983,1.1940508692958225,117.47003751270447,16.756030041748808,1.2,1.939412943843945,1.1940508692958225
4.9,column,-3.8678308155381846,0.8425915756640829,1.2,1.1421765105919766,1.5703025183543384,1.186281665452865,118.47276089803383,16.90245599917402,1.2,1.8518424313946564,1.186281665452865
4.95,column,-3.858603147229338,0.8614555661640251,1.2,1.1361772251906594,1.5469094109143748,1.1779597602854661,119.3980101112164,17.045034388907172,1.2,1.7737182587250175,1.1779597602854661
5.0,normal,-3.8493754789204915,0.8803195566639671,1.2,1.4981402629292415,1.5218194536279737,1.1777185157039793,121.0113474289688,17.17946955627581,1.2,2.406417967813249,1.1777185157039793
5.050000000000001,normal,-3.8401478106116445,0.8991835471639096,1.2,1.4951579969501,1.494730191553304,1.1853539836818987,122.50480537020475,17.31303344016705,1.2,2.3056270598049577,1.1853539836818987
5.1000000000000005,normal,-3.830920142302798,0.9180475376638517,1.2,1.4906980344003231,1.4657082516624989,1.199585011256346,123.87865866161437,17.452460964508035,1.2,2.1699742703543192,1.199585011256346
5.15,normal,-3.8216924739939513,0.9369115281637936,1.2,1.4846498161200183,1.4352162645858615,1.218505399871583,125.34412045244903,17.595250613429144,1.2,2.190596581984987,1.218505399871583
5.2,normal,-3.8124648056851047,0.9557755186637358,1.2,1.4759201362091334,1.4040044284997002,1.2376005157824228,126.93215247616672,17.740118149752146,1.2,2.358634036408305,1.2376005157824228
5.25,normal,-3.803237137376258,0.9746395091636778,1.2,1.4658245263098686,1.372943723601964,1.2518164495386463,128.56737852615495,17.888098003050224,1.2,2.435031251586557,1.2518164495386463
5.300000000000001,normal,-3.7940094690674115,0.9935034996636203,1.2,1.4561991243811439,1.3428098840371687,1.2234155069260837,130.20183760336718,18.044259717685417,1.2,2.45014925404229,1.2234155069260837
5.3500000000000005,normal,-3.784781800758565,1.0123674901635624,1.2,1.4469715809835832,1.314139725037757,1.1898567816425827,131.74061969089627,18.215192275283837,1.2,2.384074042565575,1.1898567816425827
5.4,normal,-3.7755541324497184,1.0312314806635043,1.2,1.4379752215023984,1.2872567103844739,1.164515151727694,133.34100671883587,18.403068636407102,1.2,2.4192818070838804,1.164515151727694
5.45,normal,-3.766326464140872,1.0500954711634465,1.2,1.4296425966789528,1.2623605101796787,1.1450111962224832,134.8599534289614,18.596104311467105,1.2,2.318108929790763,1.1450111962224832
5.5,normal,-3.757098795832025,1.0689594616633886,1.2,1.4199672091897153,1.2395288243406393,1.1332588604920002,136.43090289299732,18.796434956046472,1.2,2.3939277004204147,1.1332588604920002
5.550000000000001,normal,-3.7478711275231786,1.087823452163331,1.2,1.4094884945659956,1.218795126326516,1.129308625489584,137.93799016125277,19.005056778805,1.2,2.3336532622239856,1.129308625489584
5.6000000000000005,normal,-3.7386434592143316,1.1066874426632731,1.2,1.3982727223264277,1.2001491965614246,1.132784782599759,139.28996018247165,19.222114451875015,1.2,2.1858150748853102,1.132784782599759
5.65,normal,-3.729415790905485,1.1255514331632153,1.2,1.3879700158965598,1.1835442356496726,1.1427584599625187,140.60443866544063,19.44755813244659,1.2,2.1341716899724026,1.1427584599625187
5.7,normal,-3.7201881225966384,1.1444154236631574,1.2,1.3785871872141808,1.1689088958266909,1.158465334480624,142.13776467336157,19.679170534840328,1.2,2.287277462513132,1.158465334480624
5.75,normal,-3.710960454287792,1.1632794141630993,1.2,1.3710703321706543,1.1561634980157076,1.177629433049739,143.5797227586435,19.91469183472126,1.2,2.1556766075110767,1.177629433049739
5.800000000000001,normal,-3.7017327859789453,1.1821434046630417,1.2,1.3651466463852457,1.1452386326706732,1.2005365324904953,144.53427947880624,20.150811489402052,1.2,1.4905414035733415,1.2005365324904953
5.8500000000000005,normal,-3.6925051176700987,1.2010073951629838,1.2,1.3590540083674252,1.136087059820022,1.2247295561949938,145.55392194266216,20.385821883168596,1.2,1.702834574015732,1.2247295561949938
5.9,normal,-3.683277449361252,1.219871385662926,1.2,1.3520975099207682,1.1286866152348736,1.250182032153047,146.33912398988318,20.61836606830415,1.2,1.4221610131442213,1.250182032153047
5.95,normal,-3.6740497810524055,1.238735376162868,1.2,1.3449262157133481,1.1230335909728708,1.2551970567490607,147.14665104882278,20.847403641987047,1.2,1.4769918110989646,1.2551970567490607
6.0,normal,-3.664822112743559,1.25759936666281,1.2,1.3372977959272536,1.119130226347555,1.257654660062705,147.9756759760992,21.07222773591829,1.2,1.5211512753694136,1.257654660062705
6.050000000000001,normal,-3.6555944444347124,1.2764633571627526,1.2,1.3290077206658442,1.1169703258116936,1.2599874097222006,148.7833422431578,21.2929086507105,1.2,1.5176276544764793,1.2599874097222006
6.1000000000000005,normal,-3.646366776125866,1.2953273476626948,1.2,1.3200038194992008,1.1165270440214707,1.2621541745314573,149.56391801824265,21.509699572829042,1.2,1.5049829821039693,1.2621541745314573
6.15,normal,-3.637139107817019,1.3141913381626367,1.2,1.3102777663064231,1.1177502680984224,1.2641553118864834,150.58800093359702,21.722895584711477,1.2,1.810377302404881,1.2641553118864834
6.2,normal,-3.6279114395081726,1.3330553286625788,1.2,1.3011208149190154,1.1205677724107928,1.2660227383950045,151.53565825909777,21.932844875101452,1.2,1.73128003162543,1.2660227383950045
6.25,normal,-3.618683771199326,1.3519193191625207,1.2,1.2923879089547161,1.1248879893924084,1.2678087376851264,152.41473940683358,22.13996226817289,1.2,1.654607044217355,1.2678087376851264
6.300000000000001,normal,-3.6094561028904795,1.3707833096624633,1.2,1.28376339479756,1.1306038691197,1.2695746231683518,153.23835098374047,22.344737693228574,1.2,1.586461593656675,1.2695746231683518
6.3500000000000005,normal,-3.600228434581633,1.3896473001624055,1.2,1.2751263049939567,1.137597290115292,1.2713802192431012,154.02548103631023,22.547721642217148,1.2,1.5348809035678599,1.2713802192431012
6.4,normal,-3.5910007662727863,1.4085112906623474,1.2,1.266380063800702,1.1457435093336716,1.2732749404154105,154.8142852717977,22.749467234992323,1.2,1.520579189770152,1.2732749404154105
6.45,normal,-3.5817730979639397,1.4273752811622895,1.2,1.2580802232982207,1.1549152025990999,1.2704699615296493,155.73636628522428,22.943074735905615,1.2,1.675852927319135,1.2704699615296493
6.5,normal,-3.5799999999999996,1.4479648465900068,1.2,1.2717122006599273,1.1649857485668118,1.263195503866723,156.61434767468018,23.133009183321168,1.2,1.628083367154881,1.263195503866723
6.550000000000001,normal,-3.58,1.468964846590007,1.2,1.2837000288876041,1.1757386193000998,1.2520381267071246,157.4364309349973,23.32403435596448,1.2,1.567095469441591,1.2520381267071246
6.6000000000000005,normal,-3.58,1.489964846590007,1.2,1.2946966868548937,1.1868343881710333,1.2379637185280143,158.16581260481524,23.516587119884594,1.2,1.460719843391812,1.2379637185280143
6.65,normal,-3.58,1.510964846590007,1.2,1.304698803988202,1.19780369127095,1.2271741872600277,158.86675843601262,23.70390225751935,1.2,1.441363553651475,1.2271741872600277
6.7,normal,-3.5799999999999996,1.5319648465900066,1.2,1.3128091642339637,1.2080571952530972,1.2205332303815837,159.57667516209477,23.886749033406485,1.2,1.4662051430596335,1.2205332303815837
6.75,normal,-3.58,1.5529648465900068,1.2,1.3190616109740667,1.2171376287228393,1.2184888859625675,160.28610620216392,24.067074145553306,1.2,1.4697777645870485,1.2184888859625675
6.800000000000001,normal,-3.58,1.5739648465900071,1.2,1.3235049544433397,1.2247941574342749,1.2209949588773745,160.97419655934408,24.246195248932466,1.2,1.4347524161361798,1.2209949588773745
6.8500000000000005,normal,-3.5799999999999996,1.594964846590007,1.2,1.327415102135065,1.2310228718718907,1.2275392243523686,161.60727880347292,24.426275299975163,1.2,1.3362327735514927,1.2275392243523686
6.9,normal,-3.58,1.615964846590007,1.2,1.3307711874955566,1.2360526477890295,1.2372661454284066,162.1898692740072,24.608071047581877,1.2,1.2264040777813923,1.2372661454284066
6.95,normal,-3.58,1.6369648465900069,1.2,1.333550067712502,1.2402802623508324,1.2491433447836566,162.62480975517883,24.791659179437836,1.2,1.0772095819839111,1.2491433447836566
7.0,normal,-3.5799999999999996,1.6579648465900068,1.2,1.3357167997011636,1.244181060938657,1.2621169528154352,163.11927734523732,24.976977569344506,1.2,1.0731865461683774,1.2621169528154352
7.050000000000001,normal,-3.58,1.678964846590007,1.2,1.337197733950072,1.2482258104252373,1.2752235766145013,163.6445831392716,25.163802095054248,1.2,1.074606600378274,1.2752235766145013
7.1000000000000005,normal,-3.58,1.6999648465900072,1.2,1.3379238014354584,1.2528225392652772,1.2877630703275702,164.16609957249705,25.352065832578685,1.2,1.0736326629182211,1.2877630703275702
7.15,normal,-3.58,1.720964846590007,1.2,1.337873515542709,1.2582869230250273,1.299605365578477,164.68343433456724,25.541881890814388,1.2,1.0609425524711873,1.299605365578477
7.2,normal,-3.58,1.7419648465900068,1.2,1.3370746222263572,1.2113844641263716,1.3107634613301578,165.1942019045157,25.733258211601203,1.2,1.0372297117651565,1.3107634613301578
7.25,normal,-3.58,1.7629648465900067,1.2,1.3355587897816594,1.1589411729673706,1.3212463713498819,166.13056887741058,25.91915304568496,1.2,1.4926760152473324,1.3212463713498819
7.300000000000001,normal,-3.58,1.783964846590007,1.2,1.331719373502215,1.1065926579440153,1.3310591589388503,167.0308295221128,26.100530694260748,1.2,1.459171827594991,1.3310591589388503
7.3500000000000005,normal,-3.58,1.804964846590007,1.2,1.3257372600282467,1.0545229337811521,1.3402031285266702,167.8827800627334,26.278604093166425,1.2,1.4188968492725995,1.3402031285266702
7.4,normal,-3.58,1.8259648465900067,1.2,1.317850490738154,1.0029412413705967,1.3486761532908447,168.69099545698217,26.454650741965565,1.2,1.3831566970957667,1.3486761532908447
7.45,normal,-3.58,1.8469648465900068,1.2,1.3083229630290487,0.9520536770798367,1.3564731164522779,169.31657886070207,26.62544964055532,1.2,1.2104204866803545,1.3564731164522779
7.5,normal,-3.58,1.8679648465900067,1.2,1.2985678709805568,0.9020632288937427,1.3635864431236653,170.33756667501027,26.787724094387947,1.2,1.6340105251707602,1.3635864431236653
7.550000000000001,normal,-3.58,1.888964846590007,1.2,1.2889912545926343,0.8579764228612503,1.3700066995368803,171.32037746048172,26.943096314652085,1.2,1.5763094320142343,1.3700066995368803
7.6000000000000005,normal,-3.58,1.909964846590007,1.2,1.279449703567698,0.8199794336762247,1.375723237094756,172.2877986162975,27.092972065745073,1.2,1.5485134804743779,1.375723237094756
7.65,normal,-3.58,1.930964846590007,1.2,1.2700137169941335,0.7883096947672417,1.3623053238759404,173.237400304039,27.23894783429556,1.2,1.5197895635195535,1.3623053238759404
7.7,normal,-3.5799999999999996,1.9519648465900068,1.2,1.2608069205871697,0.7632127490857381,1.343171359047192,174.12866523585728,27.382630267464926,1.2,1.463440236745943,1.343171359047192
7.75,normal,-3.58,1.9729648465900067,1.2,1.2520810539448934,0.7446648625952192,1.2968083915518671,174.96441788729885,27.52536771808195,1.2,1.4073298086164523,1.2968083915518671
7.800000000000001,normal,-3.58,1.993964846590007,1.2,1.2439507018769322,0.7326300291858929,1.2518426089332488,175.7478094184159,27.6681904243581,1.2,1.3514035904073742,1.2518426089332488
7.8500000000000005,normal,-3.58,2.014964846590007,1.2,1.236597941071127,0.727043454016916,1.2087252351459354,176.50062860915557,27.81232650413037,1.2,1.3446754912051122,1.2087252351459354
7.9,normal,-3.58,2.035964846590007,1.2,1.2295180784093322,0.7277957633792536,1.169299222308776,177.28805942531363,27.960286067713348,1.2,1.4369471977491508,1.169299222308776
7.95,normal,-3.58,2.056964846590007,1.2,1.222515423717267,0.7347200794866893,1.1359679047463405,178.19534865105408,28.114543328108596,1.2,1.615529419389644,1.1359679047463405
8.0,normal,-3.5799999999999996,2.0779648465900067,1.2,1.2155200582391361,0.7470974344116252,1.1101188300191775,179.25204976820953,28.27772163399665,1.2,1.753183689327041,1.1101188300191775
8.05,normal,-3.5800000000000005,2.098964846590007,1.2,1.2085256646127172,0.7639630483264004,1.0917220777421606,180.41470222552135,28.4520270146052,1.2,1.8497351995233426,1.0917220777421606
8.1,normal,-3.58,2.1199648465900065,1.2,1.2015408443410163,0.7846137394520081,1.0802366256878726,181.71155015298564,28.63807632678765,1.2,1.9693345992050229,1.0802366256878726
8.15,normal,-3.58,2.140964846590007,1.2,1.1946342773838372,0.8079890218258732,1.075019069701198,182.9071853453152,28.834496091875785,1.2,1.9066066239379527,1.075019069701198
8.200000000000001,normal,-3.58,2.161964846590007,1.2,1.1882638914018226,0.833164834461882,1.0747773092577697,183.99696110173574,29.038196509963417,1.2,1.8620129652274464,1.0747773092577697
8.25,normal,-3.5799999999999996,2.1829648465900067,1.2,1.1823812253757726,0.8566638150919152,1.075372908728693,185.21084886278965,29.24278829549364,1.2,1.9163101596047507,1.075372908728693
8.3,normal,-3.58,2.203964846590007,1.2,1.176930346470362,0.8738043597989045,1.0678273980545132,186.47414562385973,29.441882515874322,1.2,2.0201009252718927,1.0678273980545132
8.35,normal,-3.58,2.2249648465900065,1.2,1.1742188846468558,0.88451637534031,1.0254972412083152,187.5725391920157,29.638199622932245,1.2,1.8702747369166015,1.0254972412083152
8.4,normal,-3.58,2.245964846590007,1.2,1.1746466710743906,0.8894842252313788,0.9936598778924339,188.5358254672998,29.83418632352058,1.2,1.6942808406731096,0.9936598778924339
8.450000000000001,normal,-3.58,2.266964846590007,1.2,1.1757210273868097,0.8895146940033696,0.9718511067446853,189.43452258397392,30.03174030697124,1.2,1.5483592310595495,0.9718511067446853
8.5,normal,-3.58,2.2879648465900067,1.2,1.1761322897804742,0.8854987272105377,0.9596780704646637,190.31795374721037,30.23126012518684,1.2,1.5708571918132663,0.9596780704646637
8.55,normal,-3.58,2.308964846590007,1.2,1.175405473488255,0.8783749943152146,0.956816351731209,191.21123040412817,30.43253668211701,1.2,1.648267826391391,0.956816351731209
8.6,normal,-3.58,2.3299648465900065,1.2,1.1729744758664578,0.8691091860197795,0.960626900164559,192.11354747673028,30.63106636898259,1.2,1.6965058514949334,0.960626900164559
8.65,normal,-3.58,2.350964846590007,1.2,1.1692415164298535,0.8592059524745594,0.9565474391212075,193.04390623483647,30.825777863114197,1.2,1.7475440060676959,0.9565474391212075
8.700000000000001,normal,-3.58,2.371964846590007,1.2,1.1643131998719638,0.8492694100034608,0.9257176502681742,194.00338294154784,31.016693323057556,1.2,1.7905338620774256,0.9257176502681742
8.75,normal,-3.58,2.3929648465900066,1.2,1.1582632366865844,0.8396461683554541,0.8919215335238619,194.98281422152644,31.204310932580256,1.2,1.8319600123277293,0.8919215335238619
8.8,normal,-3.58,2.413964846590007,1.2,1.151047609857137,0.8306364133280812,0.8554534647433243,195.96129146613367,31.389386106074344,1.2,1.833027145037764,0.8554534647433243
8.85,normal,-3.58,2.4349648465900064,1.2,1.142873491149014,0.8224948347969292,0.816655903814233,196.9386536011079,31.572742832516475,1.2,1.8331003972295705,0.816655903814233
8.9,normal,-3.58,2.455964846590007,1.2,1.1339605256094982,0.815432554353066,0.7764846848144639,197.70530070614575,31.755263325168023,1.2,1.671105704360518,0.7764846848144639
8.950000000000001,normal,-3.58,2.4769648465900067,1.2,1.1240355492741787,0.8096195578203003,0.7363992925227729,198.45332858753588,31.937919463748358,1.2,1.6547875276899888,0.7363992925227729
9.0,normal,-3.58,2.4979648465900066,1.2,1.1133591020246243,0.8051871518966527,0.7003638811481404,199.667128612438,32.12161175623615,1.2,2.0917185074824647,0.7003638811481404
9.05,normal,-3.58,2.518964846590007,1.2,1.1011731630123778,0.8022303719491379,0.6720962304104624,200.42166600557027,32.30498147685374,1.2,1.4782094213720425,0.6720962304104624
9.1,normal,-3.58,2.5399648465900064,1.2,1.0888299592481658,0.8014466848047084,0.6574487902070183,201.0714022265218,32.490192298742556,1.2,1.3808921052931016,0.6574487902070183
9.15,normal,-3.58,2.560964846590007,1.2,1.0769892493192983,0.8045685562692968,0.6610971478191427,201.77634755644505,32.678324195554616,1.2,1.467550186975463,0.6610971478191427
9.200000000000001,normal,-3.58,2.581964846590007,1.2,1.0661872731799296,0.8125147247245423,0.6840319060868025,202.4864430136973,32.87112049368916,1.2,1.4708886325580788,0.6840319060868025
9.25,normal,-3.58,2.6029648465900066,1.2,1.0566384236639395,0.8256514700943327,0.7242968335578315,203.15041958221312,33.06991385510054,1.2,1.431747084930603,0.7242968335578315
9.3,normal,-3.58,2.623964846590007,1.2,1.0484482332185434,0.8439613104182386,0.7779181398775521,203.77467913545553,33.275612860133776,1.2,1.402548506396199,0.7779181398775521
9.35,normal,-3.58,2.6449648465900064,1.2,1.0416083729482408,0.8669386141210063,0.8405181473409226,204.48718601880142,33.4891498885191,1.2,1.441013934847157,0.8405181473409226
9.4,normal,-3.58,2.665964846590007,1.2,1.0361212987579764,0.893937400839182,0.9082270363794938,205.31941319413613,33.710591195989934,1.2,1.6488147849042563,0.9082270363794938
9.450000000000001,normal,-3.58,2.6869648465900067,1.2,1.0319032106638697,0.9243599313114208,0.9782656529863261,206.21570820936878,33.932914893851674,1.2,1.769180561551977,0.9782656529863261
9.5,normal,-3.58,2.7079648465900066,1.2,1.028267973292346,0.9574903483618606,1.0492344464176397,207.3459582078261,34.15053251260781,1.2,2.0789706085237056,1.0492344464176397
9.55,normal,-3.58,2.728964846590007,1.2,1.0240792585508647,0.9872504642111883,1.11485583692822,208.3902354887701,34.36499723640691,1.2,1.989324272515513,1.11485583692822
9.600000000000001,normal,-3.58,2.749964846590007,1.2,1.0195492686471341,1.013160143132923,1.1297838991064413,209.24517672737872,34.578396606150974,1.2,1.793894199480075,1.1297838991064413
9.65,normal,-3.58,2.7709648465900067,1.2,1.0147780050044377,1.0350406456487946,1.1536252247614418,210.0719371035326,34.78893615904188,1.2,1.7970277185240857,1.1536252247614418
9.700000000000001,normal,-3.58,2.791964846590007,1.2,1.0091439004892024,1.0529909380662388,1.1837107604680515,210.93453406583154,34.99229820489039,1.2,1.801413930632362,1.1837107604680515
9.75,normal,-3.58,2.812964846590006,1.2,1.0017249597782025,1.0672973749749082,1.218472124803237,211.70907825187464,35.18350185228371,1.2,1.5721378381838154,1.218472124803237
9.8,normal,-3.58,2.833964846590008,1.2,0.9932609857713182,1.0783749652008465,1.2540482348190647,212.35459283912496,35.36237346343854,1.2,1.5495942147647677,1.2540482348190647
9.850000000000001,normal,-3.58,2.8549648465900073,1.2,0.9834311990394301,1.0866908647266438,1.2811931284910003,212.99532523358567,35.52866486070901,1.2,1.5616880930366235,1.2811931284910003
9.9,normal,-3.58,2.875964846590007,1.2,0.9719312154638517,1.092585840156381,1.2929323649819673,213.63851041531555,35.68268070470964,1.2,1.549853977132326,1.2929323649819673
9.950000000000001,normal,-3.58,2.896964846590007,1.2,0.9585765924778962,1.0962417158728992,1.3041355270288448,214.21533026207635,35.825743696815174,1.2,1.4610597068808882,1.3041355270288448
10.0,normal,-3.58,2.917964846590007,1.2,0.9434210220409666,1.0978631920902278,1.3147125845615328,214.7339028722679,35.96002288699053,1.2,1.3785432870057412,1.3147125845615328
10.05,normal,-3.58,2.938964846590007,1.2,0.926540226231625,1.0976716574140244,1.3245769960077052,215.20157947708816,36.09159366813672,1.2,1.3023289406067957,1.3245769960077052
10.100000000000001,normal,-3.58,2.9599648465900077,1.2,0.9080244135763573,1.0958996582062397,1.333648006743523,215.62515188964585,36.22108857665551,1.2,1.2323203810881262,1.333648006743523
10.15,normal,-3.58,2.9809648465900067,1.2,0.8879735161485787,1.092785944794804,1.341852556115748,216.0110127614047,36.34907976506593,1.2,1.1683522699721423,1.341852556115748
10.200000000000001,normal,-3.58,3.0019648465900075,1.2,0.8664942965056637,1.088571036911669,1.3491267991188616,216.365272826903,36.47607901209226,1.2,1.1102599587096502,1.3491267991188616
10.25,normal,-3.58,3.0229648465900065,1.2,0.8436990197843792,1.0834932694414066,1.355417260508894,216.69385660463914,36.60255168886277,1.2,1.0579643084690624,1.355417260508894
10.3,normal,-3.58,3.0439648465900073,1.2,0.8197058136533931,1.0777852947418292,1.3606816470636713,217.0026409754081,36.72891472844779,1.2,1.011610612991018,1.3606816470636713
10.350000000000001,normal,-3.58,3.0649648465900072,1.2,0.794645923359085,1.0716710295481287,1.3648893484811124,217.29781475168195,36.855602228412714,1.2,0.971904665779301,1.3648893484811124
10.4,normal,-3.58,3.085964846590007,1.2,0.768669094601784,1.065363042819284,1.368021659704177,217.62470786765402,36.982033418146955,1.2,0.9864293216719364,1.368021659704177
10.450000000000001,normal,-3.58,3.106964846590007,1.2,0.7420206072827387,1.0590603858168288,1.3700717578994448,217.91303267139574,37.10961185831012,1.2,0.9168234408517796,1.3700717578994448
10.5,normal,-3.58,3.127964846590007,1.2,0.7148402085125087,1.0388486823617962,1.3710444664458639,218.17692939875928,37.23971616017956,1.2,0.8678932863747999,1.3710444664458639
10.55,normal,-3.58,3.148964846590007,1.2,0.6874484194128169,0.9899577990988522,1.3709558365662313,218.42925226203664,37.37322149043028,1.2,0.8440534829240077,1.3709558365662313
10.600000000000001,normal,-3.58,3.169964846590007,1.2,0.6615118158212531,0.9427943783959498,1.3698325750157734,219.06725949182783,37.5084895003588,1.2,1.2050598796333492,1.3698325750157734
10.65,normal,-3.569035153409993,3.1799999999999997,1.2,0.638009312329768,0.9014908647791449,1.3677194977352076,219.99442200268393,37.64444331851314,1.2,1.4405131116328842,1.3677194977352076
10.700000000000001,normal,-3.5480351534099923,3.1799999999999993,1.2,0.6163755434347946,0.8664535030083376,1.3646714238477182,220.91904733611955,37.779469855750264,1.2,1.4318565335301487,1.3646714238477182
10.75,normal,-3.5270351534099933,3.1799999999999997,1.2,0.5954501642560313,0.8381491327195658,1.3607514699031777,221.8421896500977,37.914405432652984,1.2,1.4256004367827486,1.3607514699031777
10.8,normal,-3.5060351534099925,3.1799999999999997,1.2,0.5747539666657961,0.817082306618617,1.35602938030491,222.7647037991481,38.05007282364339,1.2,1.4212183305298045,1.35602938030491
10.850000000000001,normal,-3.4850351534099926,3.1799999999999997,1.2,0.5550358823485488,0.8037766504566095,1.3036461333377773,223.6872539513615,38.18724457461172,1.2,1.4183349857073382,1.3036461333377773
10.9,normal,-3.4640351534099927,3.1799999999999997,1.2,0.5365678762633614,0.7987508308074085,1.2441058811587429,224.5492410717951,38.3240995037249,1.2,1.3749040385049849,1.2441058811587429
10.950000000000001,normal,-3.4430351534099928,3.1799999999999997,1.2,0.5190106427197441,0.8018361600381205,1.1890034454678513,225.37204396496801,38.458415300473476,1.2,1.4335953307640683,1.1890034454678513
11.0,normal,-3.422035153409993,3.1799999999999997,1.2,0.5019877508844546,0.8127256752464607,1.1424922060034886,226.47756033312717,38.58735112198339,1.2,1.8629186514645095,1.1424922060034886
11.05,normal,-3.401035153409993,3.1799999999999997,1.2,0.4849725041888739,0.8318245013844272,1.11022301743652,228.2783268416789,38.71736307083666,1.2,2.4405808394617847,1.11022301743652
11.100000000000001,normal,-3.380035153409992,3.1799999999999997,1.2,0.4679024854747708,0.8584197357261603,1.0783915312353314,230.08112030020126,38.859949781161966,1.2,2.447273320360266,1.0783915312353314
11.15,normal,-3.359035153409993,3.1799999999999997,1.2,0.45168612607396563,0.8918031631980234,1.04801151414621,231.86222062758327,39.017174622852934,1.2,2.439147474560782,1.04801151414621
11.200000000000001,normal,-3.3380351534099924,3.1799999999999997,1.2,0.4437302104116786,0.9314486483118043,1.025373316913456,233.53456824467452,39.18901063338065,1.2,2.360740688514881,1.025373316913456
11.25,normal,-3.317035153409993,3.1799999999999993,1.2,0.4454921166321334,0.9768170330217747,1.0104219755448276,235.15620841839885,39.36857534687721,1.2,2.351877640482946,1.0104219755448276
11.3,normal,-3.296035153409992,3.1799999999999997,1.2,0.44778548791079575,1.021898049281747,1.0026348944719192,236.62278463664205,39.554144824225475,1.2,2.29395010957656,1.0026348944719192
11.350000000000001,normal,-3.275035153409992,3.1799999999999997,1.2,0.4504031771929621,1.0657187385977938,1.0010934333934143,237.72667739138092,39.7409979991712,1.2,2.0153356802788975,1.0010934333934143
11.4,normal,-3.2540351534099927,3.1799999999999997,1.2,0.4545342841085345,1.0861926879234365,1.0023360993513604,238.82239047338385,39.92170943154187,1.2,2.025828586242881,1.0023360993513604
11.450000000000001,normal,-3.2330351534099924,3.1799999999999997,1.2,0.46151091245133313,1.0906542592888948,1.0036858090198617,240.202833788539,40.097497190822324,1.2,2.243785066253909,1.0036858090198617
11.5,normal,-3.2120351534099925,3.1799999999999993,1.2,0.4703993290698252,1.0902295138904323,1.0038382175213936,241.80475152301977,40.27096952636986,1.2,2.345603498147436,1.0038382175213936
11.55,normal,-3.191035153409993,3.1799999999999997,1.2,0.4786356603940348,1.085551265082048,1.000335885509877,243.44601666454315,40.44117769372657,1.2,2.4816237360056954,1.000335885509877
11.600000000000001,normal,-3.170035153409992,3.1799999999999997,1.2,0.484596851371571,1.077735524628226,0.9934458508505412,245.02314648971486,40.61012634805764,1.2,2.40283195608561,0.9934458508505412
11.65,normal,-3.1490351534099927,3.1799999999999997,1.2,0.4880788228438574,1.0678784218335833,0.9839765034584401,246.49246866609818,40.781017206607714,1.2,2.293650863303738,0.9839765034584401
11.700000000000001,normal,-3.128035153409992,3.1799999999999997,1.2,0.48924226412908983,1.0569017174028827,0.9729214585096447,247.89161128853698,40.95771038934161,1.2,2.236767803785434,0.9729214585096447
11.75,normal,-3.1070351534099934,3.1799999999999997,1.2,0.4884128876211859,1.0452495068646666,0.9612541813084566,249.26853605949321,41.143625470337085,1.2,2.2388958158821106,0.9612541813084566
11.8,normal,-3.0860351534099926,3.1799999999999997,1.2,0.4862259191752184,1.0328957094096003,0.9497149997062131,250.1655871986975,41.339202238010834,1.2,1.7849716909215494,0.9497149997062131
11.850000000000001,normal,-3.065035153409992,3.1799999999999997,1.2,0.483157502268588,1.0198368605402373,0.9402283544403878,250.51106137964703,41.53885988217874,1.2,1.1713516245874018,0.9402283544403878
11.9,normal,-3.0440351534099928,3.18,1.2,0.4812729767595639,1.0060919903053611,0.9342609885452008,250.72341641459016,41.73725700928815,1.2,0.8949634122911723,0.9342609885452008
11.950000000000001,normal,-3.023035153409993,3.1799999999999997,1.2,0.48226013286690916,0.9917022058567362,0.9367417683001653,251.3866204294795,41.92799605657618,1.2,1.4086450490670184,0.9367417683001653
12.0,normal,-3.0020351534099925,3.1799999999999993,1.2,0.48667095889375417,0.9767300136237234,0.9479160450799048,252.02341029926305,42.11170703964996,1.2,1.3652227108395445,0.9479160450799048
12.05,normal,-2.9810351534099926,3.1799999999999997,1.2,0.4938342892717313,0.960774951343077,0.96682032068578,252.6361147723956,42.28817705812174,1.2,1.29915382898443,0.96682032068578
12.100000000000001,normal,-2.960035153409992,3.1799999999999997,1.2,0.5024427390737076,0.9431404458549075,0.992742995275113,253.46044488213607,42.45391929261507,1.2,1.546402919081923,0.992742995275113
12.15,normal,-2.9390351534099928,3.1799999999999997,1.2,0.5126025869161475,0.9283447957633173,1.0246101980408557,254.39264126294995,42.61252854086524,1.2,1.7533731920274627,1.0246101980408557
12.200000000000001,normal,-2.918035153409992,3.1799999999999997,1.2,0.5233981043290645,0.9150243183417439,1.061376575187513,255.46452344916116,42.76749170944438,1.2,1.9420907963940999,1.061376575187513
12.25,normal,-2.8970351534099934,3.1799999999999997,1.2,0.5341272874297756,0.9021875412943963,1.1026190434518828,256.551159557653,42.920898673305885,1.2,1.9775283582083651,1.1026190434518828
12.3,normal,-2.8760351534099926,3.1799999999999997,1.2,0.5442407018927653,0.8899126143644929,1.1485283019674395,257.57153005102623,43.074937264534704,1.2,1.9151149229571351,1.1485283019674395
12.350000000000001,normal,-2.8550351534099923,3.1799999999999997,1.2,0.5535321245242208,0.8783336361690135,1.1863177261749644,258.1356495348893,43.228425468428235,1.2,1.4570817873332884,1.1863177261749644
12.4,normal,-2.8340351534099923,3.1799999999999997,1.2,0.561784052738168,0.8682500279891534,1.186397244432254,258.74731465845383,43.37607913982175,1.2,1.309354314651512,1.186397244432254
12.450000000000001,normal,-2.813035153409993,3.1799999999999997,1.2,0.56844105965081,0.8610290383793373,1.1802526448172224,259.3930327023344,43.51830174687958,1.2,1.3247846813752573,1.1802526448172224
12.5,normal,-2.792035153409993,3.1799999999999997,1.2,0.573517618518146,0.8578178264953673,1.1791885900182824,260.1128698769652,43.65736129274687,1.2,1.4283744476762184,1.1791885900182824
12.55,normal,-2.7710351534099926,3.1799999999999997,1.2,0.5773448773938851,0.8593168465630734,1.1836159535984943,260.8142668221872,43.79342075629267,1.2,1.4441985845548504,1.1836159535984943
12.600000000000001,normal,-2.750035153409992,3.1799999999999997,1.2,0.5809148951509119,0.8657773443543708,1.1929139657261127,261.4174674974262,43.92801496855523,1.2,1.3917143154708818,1.1929139657261127
12.65,normal,-2.7290351534099933,3.1799999999999997,1.2,0.5862597341367739,0.8766498065673201,1.2059855949728473,261.95168449523766,44.06251892690412,1.2,1.3704561731893201,1.2059855949728473
12.700000000000001,normal,-2.7080351534099925,3.1799999999999997,1.2,0.5958246655736799,0.8913962097444756,1.221504728533945,262.4379496252808,44.19778466055017,1.2,1.3578980837769852,1.221504728533945
12.75,normal,-2.687035153409993,3.1799999999999997,1.2,0.6094360217334616,0.9095125928396453,1.2381601769956365,262.900109480182,44.33415999181815,1.2,1.3467256894396837,1.2381601769956365
12.8,normal,-2.666035153409992,3.1799999999999997,1.2,0.6243087083770634,0.9305352880531148,1.2548141728731301,263.3551705762484,44.47171906572729,1.2,1.3322539603123247,1.2548141728731301
12.850000000000001,normal,-2.6450351534099927,3.1799999999999997,1.2,0.6382536347228991,0.9540441426126385,1.2705747266732592,264.1511366220737,44.604202741115586,1.2,1.6172397572938588,1.2705747266732592
12.9,normal,-2.6240351534099924,3.1799999999999997,1.2,0.6491626799820628,0.9743129782232816,1.2402630610163905,264.9456712324202,44.732480206060096,1.2,1.588409551564514,1.2402630610163905
12.950000000000001,normal,-2.603035153409993,3.1799999999999997,1.2,0.6566310998561555,0.9912231987913338,1.198782747270501,265.72287875725704,44.856548035815194,1.2,1.5122708828348432,1.198782747270501
13.0,normal,-2.582035153409993,3.1799999999999997,1.2,0.660714978510415,1.0048760562357946,1.1641368011437563,266.5893713597395,44.976612408821985,1.2,1.5964778847242407,1.1641368011437563
13.05,normal,-2.5610351534099927,3.1799999999999997,1.2,0.6616522698812219,1.0155072919547061,1.1396967349007023,267.58190986560567,45.096956720272544,1.2,1.7587304166620334,1.1396967349007023
13.100000000000001,normal,-2.540035153409992,3.1799999999999997,1.2,0.6598981646629206,1.0234279088043812,1.126978668016377,268.59354500868665,45.22522862475549,1.2,1.8010003806386254,1.126978668016377
13.15,normal,-2.519035153409993,3.1799999999999997,1.2,0.6560208638413806,1.0290058496467964,1.1260931726407502,269.55675654762445,45.3632322756874,1.2,1.7562760358686464,1.1260931726407502
13.200000000000001,normal,-2.4980351534099925,3.1799999999999997,1.2,0.6503392798640715,1.0326490454257586,1.1360868697349629,270.44980206530704,45.51196098291053,1.2,1.6745548856837196,1.1360868697349629
13.25,normal,-2.4770351534099935,3.1799999999999997,1.2,0.6429440971332027,1.0336274840948236,1.1550086363796814,271.27355860800753,45.67179590694834,1.2,1.5184845742602706,1.1550086363796814
13.3,normal,-2.4560351534099927,3.18,1.2,0.6338922557578078,1.0309981070173921,1.180468236314495,272.1407318200675,45.843029998089676,1.2,1.480444187304792,1.180468236314495
13.350000000000001,normal,-2.4350351534099928,3.1799999999999997,1.2,0.6231076578717563,1.0239082997419438,1.193466032227031,272.8807239073305,46.0236986925195,1.2,1.4938849715947506,1.193466032227031
13.4,normal,-2.414035153409993,3.1799999999999997,1.2,0.6108021595416372,1.0120322330623022,1.197240062354537,273.54200893261884,46.2123569120672,1.2,1.475390212452974,1.197240062354537
13.450000000000001,normal,-2.3930351534099925,3.1799999999999997,1.2,0.5971217257226753,0.9959422711120143,1.2082426204826473,274.0869609687433,46.40410344890783,1.2,1.3770238199436577,1.2082426204826473
13.5,normal,-2.3720351534099926,3.1799999999999997,1.2,0.5828849593253586,0.9783465536622675,1.2239481470331253,274.4983562435462,46.59781950598201,1.2,1.2157145841417845,1.2239481470331253
13.55,normal,-2.351035153409993,3.1799999999999997,1.2,0.5681641352812111,0.9607525889028927,1.2425775373136358,274.8128038098246,46.793658073775354,1.2,1.0540874349995808,1.2425775373136358
13.600000000000001,normal,-2.3300351534099923,3.1799999999999997,1.2,0.5527734668946458,0.9441683000182992,1.2574530457517703,275.27368139860425,46.98890234794317,1.2,1.204128870796468,1.2574530457517703
13.65,normal,-2.3090351534099933,3.18,1.2,0.5367722787587365,0.9342338988078287,1.2424001047071123,275.80421801031724,47.18374552334784,1.2,1.2802226034781985,1.2424001047071123
13.700000000000001,normal,-2.2880351534099925,3.1799999999999997,1.2,0.5199734187281414,0.9313451333037581,1.227406133801222,276.36997647573105,47.37879362918056,1.2,1.3133598000073736,1.227406133801222
13.75,normal,-2.267035153409993,3.1799999999999997,1.2,0.502219813269955,0.9354479179225914,1.1995610343105736,277.09100414286524,47.57347098638108,1.2,1.4705754814981673,1.1995610343105736
13.8,normal,-2.2460351534099923,3.1799999999999997,1.2,0.48368060735072743,0.9461187077120161,1.1680312798325654,278.0483599106545,47.76742229116465,1.2,1.6687135490566152,1.1680312798325654
13.850000000000001,normal,-2.2250351534099924,3.1799999999999997,1.2,0.4647319496914868,0.9619748858581756,1.1497653232365526,278.9211202084907,47.960820770846595,1.2,1.563908720178381,1.1497653232365526
13.9,normal,-2.204035153409993,3.1799999999999997,1.2,0.4457516264992483,0.9767647329502827,1.1460886451133356,279.8788272931279,48.153368312103275,1.2,1.6614574439163614,1.1460886451133356
13.950000000000001,normal,-2.1830351534099925,3.1799999999999997,1.2,0.42738737835997387,0.9895747732995293,1.1548635901383864,280.7455068607734,48.34223992615105,1.2,1.5902214001486197,1.1548635901383864
14.0,normal,-2.162035153409993,3.1799999999999997,1.2,0.410711380958608,0.9997144954505615,1.173604701528341,281.40447224829245,48.52837276408166,1.2,1.4224338799177172,1.173604701528341
14.05,normal,-2.141035153409993,3.1799999999999997,1.2,0.3960257163407957,1.0069393812214107,1.1939578338064007,281.74677160648594,48.71372972402102,1.2,1.1041597906722798,1.1939578338064007
14.100000000000001,normal,-2.1200351534099924,3.1799999999999997,1.2,0.38317350298724334,1.0114429980539976,1.1837920134174882,281.96950927258297,48.898925238670444,1.2,0.8711003201605806,1.1837920134174882
14.15,normal,-2.099035153409993,3.1799999999999997,1.2,0.37214147037721473,1.0136939697211957,1.1778397899665283,282.2137140012932,49.08214133921449,1.2,0.9740880964358235,1.1778397899665283
14.200000000000001,normal,-2.078035153409992,3.1799999999999997,1.2,0.3631489637049834,1.0143084749998232,1.176479095434864,282.5160139313564,49.263613556065884,1.2,1.0879502637979974,1.176479095434864
14.25,normal,-2.0570351534099935,3.1799999999999997,1.2,0.355989314255171,1.0139585672818217,1.1795181021342063,282.84160721858916,49.44326959918786,1.2,1.0988073771957814,1.1795181021342063
14.3,normal,-2.0360351534099927,3.1799999999999997,1.2,0.350515900779339,1.0133053691162677,1.186277524715608,283.1438363178744,49.62023132573437,1.2,1.0016217334648165,1.186277524715608
14.350000000000001,normal,-2.015035153409993,3.1799999999999997,1.2,0.3468628396732649,1.0127256517770649,1.1957839000117059,283.40244420987176,49.7937413613013,1.2,0.8619738220068459,1.1957839000117059
14.4,normal,-1.994035153409993,3.1799999999999997,1.2,0.34530205599352726,1.0124936214385931,1.2070409730430334,283.64198587006746,49.96322215547443,1.2,0.8195589707255795,1.2070409730430334
14.450000000000001,normal,-1.9730351534099928,3.1799999999999997,1.2,0.34588634019714587,1.012797453536124,1.2191101703622222,283.88089614068167,50.12858327149601,1.2,0.828760241119619,1.2191101703622222
14.5,normal,-1.952035153409993,3.1799999999999997,1.2,0.3481246497826617,1.0137344838276023,1.2311549401436739,284.1258475106624,50.29027921264645,1.2,0.8540777862733414,1.2311549401436739
14.55,normal,-1.9310351534099928,3.1799999999999997,1.2,0.35127237898227254,1.0152395727011716,1.2423959953170791,284.3805001689595,50.44884304198886,1.2,0.8731761349398244,1.2423959953170791
14.600000000000001,normal,-1.910035153409992,3.1799999999999997,1.2,0.35468633477840333,1.0172056207999007,1.252018702738862,284.6459524025849,50.6043511146988,1.2,0.8923082815357617,1.252018702738862
14.65,normal,-1.8890351534099932,3.1799999999999997,1.2,0.3579460343726175,1.0195263735197524,1.259584862481719,284.91826149521296,50.75682287521431,1.2,0.9045061008341329,1.259584862481719
14.700000000000001,normal,-1.8680351534099924,3.1799999999999997,1.2,0.3607826484938646,1.0220984804766196,1.2648069802143402,285.19255710033224,50.90641310985251,1.2,0.909224029976429,1.2648069802143402
14.75,normal,-1.8470351534099936,3.1799999999999997,1.2,0.36301153186746316,1.0248232631463425,1.267532971155495,285.46309061974733,51.05342195702865,1.2,0.9055320336778558,1.267532971155495
14.8,normal,-1.8260351534099926,3.1799999999999997,1.2,0.36450578878002593,1.0276081769336323,1.2677311332011802,285.7240966820798,51.19838210790402,1.2,0.8932283971311993,1.2677311332011802
14.850000000000001,normal,-1.8050351534099927,3.1799999999999997,1.2,0.365181714675034,1.0303679675367445,1.2654770727569036,285.9703307489098,51.342261276711696,1.2,0.8725833242007163,1.2654770727569036
14.9,normal,-1.7840351534099925,3.1799999999999997,1.2,0.3649908429857883,1.0330255323012352,1.2609430795614491,286.19739490387303,51.48628145594895,1.2,0.8440557993016133,1.2609430795614491
14.950000000000001,normal,-1.763035153409993,3.1799999999999997,1.2,0.3639153287033947,1.0355125053059149,1.2543896965594263,286.40195416791323,51.63126804029746,1.2,0.8081509764641982,1.2543896965594263
15.0,normal,-1.742035153409993,3.1799999999999997,1.2,0.361965032131053,1.0377695904222421,1.2462153580547515,286.5813851676239,51.777649804575574,1.2,0.7636979138718203,1.2462153580547515
15.05,normal,-1.721035153409993,3.1799999999999997,1.2,0.3591762091119358,1.039746669889716,1.2371204189949039,286.733656946723,51.92572126005618,1.2,0.7055994393652745,1.2371204189949039
15.100000000000001,normal,-1.700035153409992,3.1799999999999997,1.2,0.35560517205364384,1.0414027174654354,1.2278829959428703,286.86398411830703,52.07570750115453,1.2,0.6490386220976602,1.2278829959428703
15.15,normal,-1.6790351534099932,3.1799999999999997,1.2,0.35132524166616036,1.0427055453481544,1.2192914146282134,286.98223932224255,52.227890015526945,1.2,0.6093930903995932,1.2192914146282134
15.200000000000001,normal,-1.6580351534099924,3.1799999999999997,1.2,0.346400593548164,1.043460708147965,1.2119168172864756,287.09154684341013,52.382197128669205,1.2,0.5766643383086867,1.2119168172864756
15.25,normal,-1.6370351534099932,3.1799999999999997,1.2,0.34096198519597387,1.0433303585652318,1.20622041016432,287.206599459579,52.538600082149834,1.2,0.5814336556950892,1.20622041016432
15.3,normal,-1.6160351534099928,3.1799999999999997,1.2,0.3351322230780112,1.0419683200147978,1.202510227830492,287.33807453235175,52.69712562026936,1.2,0.6233603035521437,1.202510227830492
15.350000000000001,normal,-1.5950351534099927,3.1799999999999997,1.2,0.3290231427899288,1.0390476483373898,1.1990228130191949,287.48882308474435,52.85783492234752,1.2,0.6750761380060271,1.1990228130191949
15.4,normal,-1.5740351534099928,3.1799999999999997,1.2,0.32273888731496525,1.0342970358352,1.1966679829029565,287.6522214362727,53.02079394846558,1.2,0.7059921743948137,1.1966679829029565
15.450000000000001,normal,-1.5530351534099927,3.1799999999999997,1.2,0.31638279305359496,1.0275412821819465,1.1973353460105396,287.81533411489426,53.1863251310714,1.2,0.7105999676956832,1.1973353460105396
15.5,normal,-1.5320351534099927,3.1799999999999997,1.2,0.31002528981385813,1.0187366827658857,1.2005368406251096,287.9616089777579,53.354322855412775,1.2,0.6815515377006632,1.2005368406251096
15.55,normal,-1.5110351534099926,3.1799999999999997,1.2,0.30383110497508703,1.0079903778077288,1.2055384781617469,288.0938529381989,53.52454937865348,1.2,0.6500078586345264,1.2055384781617469
15.600000000000001,normal,-1.4900351534099923,3.1799999999999997,1.2,0.29794765095246695,0.9955558876105584,1.2082066102627644,288.22248775260687,53.696680905953016,1.2,0.6763249162208064,1.2082066102627644
15.65,normal,-1.469035153409993,3.1799999999999997,1.2,0.29243878250310107,0.9818046160067211,1.201461417897624,288.3566321535551,53.87034013760002,1.2,0.7168683786694233,1.201461417897624
15.700000000000001,normal,-1.4480351534099922,3.1799999999999997,1.2,0.28724200682937423,0.9671810089015653,1.1992069689783915,288.495920000686,54.045101783217056,1.2,0.731038921920965,1.1992069689783915
15.75,normal,-1.4270351534099934,3.1799999999999997,1.2,0.28220072573794247,0.9521529762276459,1.2014129931842246,288.6306292514902,54.22054988390782,1.2,0.7086725179692986,1.2014129931842246
15.8,normal,-1.4060351534099924,3.1799999999999997,1.2,0.2771217258614178,0.9371679088991507,1.2074895690108118,289.0995314077034,54.398168675056276,1.2,1.133410674161351,1.2074895690108118
15.850000000000001,normal,-1.3850351534099925,3.1799999999999997,1.2,0.2711558013662553,0.9281822297141173,1.2142431438561079,289.47528344064233,54.57791842787395,1.2,1.0449802865296784,1.2142431438561079
15.9,normal,-1.3640351534099924,3.1799999999999997,1.2,0.2642695080017273,0.9251475096810944,1.1908713679046254,289.7855272699536,54.759494184257065,1.2,0.9921013530887233,1.1908713679046254
15.950000000000001,normal,-1.343035153409993,3.1799999999999997,1.2,0.256570668078899,0.9277934900872684,1.1699280236708238,290.08327809385224,54.94265374682302,1.2,0.9849662701792983,1.1699280236708238
16.0,normal,-1.3220351534099928,3.1799999999999997,1.2,0.24837277459126353,0.9356493375543251,1.1538893906266405,290.4252936764862,55.12751611974922,1.2,1.0076547725498661,1.1538893906266405
16.05,normal,-1.3010351534099927,3.1799999999999997,1.2,0.240357113074384,0.948110392484028,1.1446680683097703,290.82926766384264,55.31451524798411,1.2,1.0259622862742268,1.1446680683097703
16.1,normal,-1.2800351534099919,3.1799999999999997,1.2,0.23361164451479782,0.9644274683231229,1.1479318439406336,291.47361641181647,55.49863031649297,1.2,1.2957630775071591,1.1479318439406336
16.150000000000002,normal,-1.2590351534099924,3.1799999999999997,1.2,0.22829677661877543,0.9785604290558583,1.158693987257397,291.9749906986639,55.67667196335516,1.2,1.1723403032124464,1.158693987257397
16.2,normal,-1.2380351534099931,3.1799999999999997,1.2,0.22421185947048877,0.9902875362203767,1.174207436698649,292.304187150084,55.84878437635314,1.2,0.9964338517437534,1.174207436698649
16.25,normal,-1.2170351534099924,3.1799999999999997,1.2,0.22124867907968562,0.9995739794440075,1.1926739560293111,292.50227547836187,56.0161594990515,1.2,0.8174385526335582,1.1926739560293111
16.3,normal,-1.1960351534099927,3.1799999999999997,1.2,0.2196563130304859,1.0065325961616944,1.2063821586188166,292.6309676885462,56.180015631432866,1.2,0.677413544554858,1.2063821586188166
16.35,normal,-1.1750351534099925,3.1799999999999997,1.2,0.21964583332031692,1.0113941311653594,1.2075002708535931,292.7415379565771,56.3405259227469,1.2,0.6291731397104117,1.2075002708535931
16.400000000000002,normal,-1.1540351534099917,3.1799999999999997,1.2,0.22096831611069065,1.0144765817753565,1.2116118274924996,292.8588319930105,56.49740061813367,1.2,0.6453684355722694,1.2116118274924996
16.45,normal,-1.1330351534099925,3.1799999999999997,1.2,0.22308159656039805,1.0161461154045202,1.2180476780265639,292.9845990293501,56.6499912040842,1.2,0.6465705021292502,1.2180476780265639
16.5,normal,-1.1120351534099928,3.1799999999999997,1.2,0.22548299347846443,1.016657595187556,1.2259933535232665,293.1178560081738,56.797788781862835,1.2,0.6304749235731966,1.2259933535232665
16.55,normal,-1.091035153409993,3.1799999999999997,1.2,0.22782013849209623,1.016264972374661,1.2301645223023894,293.2572264583165,56.94039364747401,1.2,0.6086498543617588,1.2301645223023894
16.6,normal,-1.0700351534099921,3.1799999999999997,1.2,0.22984816023209284,1.0151888468713501,1.2322263406426206,293.3915485560401,57.07767391217183,1.2,0.5793408998436603,1.2322263406426206
16.650000000000002,normal,-1.049035153409992,3.1799999999999997,1.2,0.23141674138634452,1.0135991553044241,1.234578733475365,293.51916188919813,57.209592793579915,1.2,0.5597086209956934,1.234578733475365
16.7,normal,-1.0280351534099932,3.1799999999999997,1.2,0.2324190565626417,1.0116119259646823,1.2361485377562302,293.6416746789716,57.3361026650298,1.2,0.5492626828050367,1.2361485377562302
16.75,normal,-1.0070351534099924,3.1799999999999997,1.2,0.23277648904209708,1.0092957934103837,1.2374127047536267,293.7584390852745,57.45711322133029,1.2,0.5340776915347645,1.2374127047536267
16.8,normal,-0.9860351534099924,3.1799999999999997,1.2,0.2324477165365167,1.0066836627142393,1.2387736531482711,293.8663749567043,57.57267916944381,1.2,0.5179955301109498,1.2387736531482711
16.85,normal,-0.9650351534099927,3.1799999999999997,1.2,0.2314154721444829,1.0037856799924205,1.2401636944504253,293.9625827409767,57.68299696539381,1.2,0.4981297428445125,1.2401636944504253
16.900000000000002,normal,-0.9440351534099919,3.1799999999999997,1.2,0.22968934055650386,1.0006005237279654,1.2413711233768492,294.0487820965086,57.78816591102154,1.2,0.48985273843056676,1.2413711233768492
16.95,normal,-0.9230351534099926,3.1799999999999997,1.2,0.22727004974147072,0.9971245266744491,1.242192738691903,294.1260573690445,57.88836459398387,1.2,0.4791058212147373,1.242192738691903
17.0,normal,-0.9020351534099931,3.1799999999999997,1.2,0.2241730835614193,0.993358592720847,1.24247463788325,294.1953537231113,57.983888278036005,1.2,0.4636781024357573,1.24247463788325
17.05,normal,-0.8810351534099922,3.1799999999999997,1.2,0.22043349162154616,0.989313124494575,1.2402367292128893,294.2571823306174,58.07517167142534,1.2,0.44331606729450296,1.2402367292128893
17.1,normal,-0.8600351534099921,3.1799999999999997,1.2,0.21610776303065898,0.9850112879958237,1.237310111186834,294.31129099266127,58.16269750735106,1.2,0.41632719202867446,1.237310111186834
17.150000000000002,normal,-0.8390351534099921,3.1799999999999997,1.2,0.2112883677653182,0.9804909609148609,1.2360391976522946,294.35771013155284,58.247004412267955,1.2,0.38681839436003895,1.2360391976522946
17.2,normal,-0.8180351534099933,3.1799999999999997,1.2,0.20609624811589322,0.975805434342385,1.2363823925753463,294.39700902853565,58.32869327991654,1.2,0.3567091459631695,1.2363823925753463
17.25,normal,-0.7970351534099925,3.1799999999999997,1.2,0.20066749282604146,0.9710227361268713,1.2326440749036194,294.43041569148363,58.408360993265646,1.2,0.32806354591901404,1.2326440749036194
17.3,normal,-0.7760351534099924,3.1799999999999997,1.2,0.19514595218287284,0.9662236041963344,1.22792874434812,294.4596765785776,58.486544211929996,1.2,0.3126348296274686,1.22792874434812
17.35,normal,-0.7550351534099924,3.1799999999999997,1.2,0.18967452153965875,0.9614981330227157,1.2244629874410224,294.48457105080314,58.563713099760605,1.2,0.29971511254716166,1.2244629874410224
17.400000000000002,normal,-0.734035153409992,3.1799999999999997,1.2,0.18440587615184353,0.9569199764629908,1.222288172813852,294.50526657871035,58.640124036226375,1.2,0.27420979246895794,1.222288172813852
17.45,normal,-0.7130351534099928,3.1799999999999997,1.2,0.1794557089491288,0.9524144567714834,1.2213157282221798,294.523604822978,58.71592034433359,1.2,0.25048055059931795,1.2213157282221798
17.5,normal,-0.6920351534099928,3.1799999999999997,1.2,0.17492750009934413,0.9478823397934812,1.2257541377109904,294.8629704629624,58.79470456164542,1.2,0.7054396623634891,1.2257541377109904
17.55,normal,-0.6710351534099919,3.1799999999999997,1.2,0.1722264054422652,0.9486567545130449,1.2201039212492366,295.10539155193044,58.87720319965021,1.2,0.6492046529201903,1.2201039212492366
17.6,normal,-0.6500351534099923,3.1799999999999997,1.2,0.17130405892372713,0.9541449654593481,1.205801280162655,295.1949363169837,58.958416309099526,1.2,0.5052085446493929,1.205801280162655
17.650000000000002,normal,-0.6290351534099923,3.1799999999999997,1.2,0.1708250335099572,0.9580611970729136,1.197219975581065,295.3416647170484,59.038718185859196,1.2,0.6254332203238258,1.197219975581065
17.7,normal,-0.6080351534099935,3.1799999999999997,1.2,0.17087311564798288,0.9598845258002509,1.1950137989664873,295.52042701080904,59.1189131985458,1.2,0.6863211702698315,1.1950137989664873
17.75,normal,-0.5870351534099926,3.1799999999999997,1.2,0.17137714531527476,0.9593656173601826,1.1989445161383518,295.68642943933213,59.199837226116344,1.2,0.6686139093767017,1.1989445161383518
17.8,normal,-0.5660351534099926,3.1799999999999997,1.2,0.1721318868982201,0.9566007327155908,1.2079751653544804,295.8054349049541,59.28204944479157,1.2,0.5878770794431353,1.2079751653544804
17.85,normal,-0.5450351534099925,3.1799999999999997,1.2,0.17297358787040312,0.9520001728611647,1.220557844635963,295.8713678227727,59.36566199053182,1.2,0.46937404661425175,1.220557844635963
17.900000000000002,normal,-0.5240351534099917,3.1799999999999997,1.2,0.17383905087248125,0.9461772973908944,1.2283244960305157,296.16206237246695,59.45325657826143,1.2,0.7254736725828457,1.2283244960305157
17.95,normal,-0.5030351534099929,3.1799999999999997,1.2,0.17595139095615564,0.9452834464567454,1.230797766578844,296.4532755491917,59.546044458332055,1.2,0.6947231012133412,1.230797766578844
18.0,normal,-0.48203515340999287,3.1799999999999997,1.2,0.17911180354068965,0.9494634520660192,1.2283017398201606,296.70152524618305,59.64461743329271,1.2,0.6447983398370734,1.2283017398201606
18.05,normal,-0.461035153409992,3.1799999999999997,1.2,0.18309099502415074,0.958501891958425,1.2281345586390455,296.7482931649801,59.7434949944637,1.2,0.37381075583421175,1.2281345586390455
18.1,normal,-0.4400351534099924,3.1799999999999997,1.2,0.18649336663870297,0.9665910160919269,1.2303156849781105,296.7976733501288,59.84270191749354,1.2,0.37719165302164764,1.2303156849781105
18.150000000000002,normal,-0.41903515340999237,3.1799999999999997,1.2,0.18926408409759327,0.9736644763253886,1.234588417104362,296.8428765649778,59.94224650590039,1.2,0.35466737472850896,1.234588417104362
18.2,normal,-0.3980351534099931,3.1799999999999997,1.2,0.1913782903568922,0.9797716282992874,1.235233426845966,296.87963756341674,60.04211822959936,1.2,0.3153084961031955,1.235233426845966
18.25,normal,-0.37703515340999233,3.1799999999999997,1.2,0.19283777101557953,0.9850608940454131,1.2345812017994509,296.90720555727853,60.14229062952457,1.2,0.29608185208781546,1.2345812017994509
18.3,normal,-0.3560351534099927,3.1799999999999997,1.2,0.19366877327196935,0.9897511129900582,1.2338465627620396,296.9271009002049,60.24268254260661,1.2,0.27048059946498193,1.2338465627620396
18.35,normal,-0.33503515340999185,3.1799999999999997,1.2,0.19393188737344955,0.9866705965741496,1.2330588444828658,296.943004459594,60.34324147818389,1.2,0.2433618140600867,1.2330588444828658
18.400000000000002,normal,-0.31403515340999183,3.1799999999999997,1.2,0.1937023571536521,0.9774159330970744,1.2322468059012261,296.95864645067036,60.443968207491004,1.2,0.22159577067705372,1.2322468059012261
18.45,normal,-0.29303515340999303,3.1799999999999997,1.2,0.19306415938175325,0.9685436861527965,1.2314386634429275,296.9765951168608,60.54488600281751,1.2,0.21863972831958473,1.2314386634429275
18.5,normal,-0.27203515340999296,3.1799999999999997,1.2,0.1920934937242246,0.9599798798395194,1.2306625701653149,296.9975232359076,60.64606427204903,1.2,0.2358225815759371,1.2306625701653149
18.55,normal,-0.25103515340999216,3.1799999999999997,1.2,0.19086135068074012,0.9516334332511405,1.2286923192961134,297.0211115750001,60.74764400090042,1.2,0.2556759941054416,1.2286923192961134
18.6,normal,-0.23003515340999214,3.1799999999999997,1.2,0.18943827985145906,0.943432466743908,1.2278709104134804,297.43581742139173,60.85198342492452,1.2,0.781595909713664,1.2278709104134804
18.650000000000002,normal,-0.2090351534099925,3.1799999999999997,1.2,0.18816016822770773,0.9408457728901285,1.2288867859767487,297.8043902352164,60.960985438520574,1.2,0.7287383805755406,1.2288867859767487
18.7,normal,-0.18803515340999327,3.1799999999999997,1.2,0.18730688219531566,0.9436610651797497,1.2286528508414138,298.0927390479915,61.07532797502044,1.2,0.634457310339678,1.2286528508414138
18.75,normal,-0.16703515340999245,3.1799999999999997,1.2,0.1873302915699134,0.95151765931955,1.2269851478867584,298.13078469758887,61.18946641717952,1.2,0.295888848568327,1.2269851478867584
18.8,normal,-0.14603515340999282,3.1799999999999997,1.2,0.1875677100190745,0.958411774870354,1.2144396761955707,298.1937642663593,61.30319733056262,1.2,0.3593639382582804,1.2144396761955707
18.85,normal,-0.125035153409992,3.1799999999999997,1.2,0.18775837765175224,0.9640583283368369,1.2063488289711513,298.2846187027817,61.416422661703905,1.2,0.4229761506428943,1.2063488289711513
18.900000000000002,normal,-0.10403515340999196,3.1799999999999997,1.2,0.18775126450139115,0.9682091504646979,1.2032397223067954,298.391640996064,61.5291966499675,1.2,0.45900692357064676,1.2032397223067954
18.95,normal,-0.08303515340999273,3.1799999999999997,1.2,0.18749839241313399,0.9707054339189509,1.205028832205337,298.49330378527634,61.64169928109461,1.2,0.45599802174286436,1.205028832205337
19.0,normal,-0.0620351534099931,3.1799999999999997,1.2,0.18703536848347277,0.9715104306811533,1.211052261258051,298.57081564846317,61.754160339460114,1.2,0.41528478122510093,1.211052261258051
19.05,normal,-0.04103515340999307,3.1799999999999997,1.2,0.18644850013306882,0.9707080845337215,1.2202277158960735,298.6183485393927,61.86677268294767,1.2,0.3477263589465783,1.2202277158960735
19.1,normal,-0.02003515340999225,3.1799999999999997,1.2,0.18583213084443184,0.9684728559082452,1.2261943872232837,298.6432185715348,61.979628906554765,1.2,0.2702333470421475,1.2261943872232837
19.150000000000002,normal,0.0009648465900085057,3.1799999999999997,1.2,0.18525208652809194,0.9650292542608063,1.2242033277169952,298.6579857452791,62.09266494639725,1.2,0.20359002637430237,1.2242033277169952
19.200000000000003,normal,0.021964846590007525,3.1799999999999997,1.2,0.18473808960526797,0.9606181139561918,1.2234809306449081,298.6735104059654,62.20573759452375,1.2,0.23236785996636583,1.2234809306449081
19.25,normal,0.042964846590006545,3.1799999999999993,1.2,0.1842765393242452,0.955476404052908,1.224223307523018,298.69504290308555,62.31869466670837,1.2,0.2674478462171811,1.224223307523018
19.3,normal,0.06396484659000734,3.1799999999999997,1.2,0.18382098452979184,0.94982823225413,1.2285422134475603,299.079895939601,62.43423222992204,1.2,0.7357179670567147,1.2285422134475603
19.35,normal,0.08496484659000814,3.1799999999999997,1.2,0.18459865676584014,0.9492365268837095,1.2334030338427349,299.41383591632575,62.55337548254016,1.2,0.69036867348397,1.2334030338427349
19.400000000000002,normal,0.10596484659000893,3.1799999999999997,1.2,0.18644148637200325,0.9535929414132402,1.2333447220131233,299.4365385769005,62.671530931529844,1.2,0.26814126216951345,1.2333447220131233
19.450000000000003,normal,0.12696484659000795,3.1799999999999997,1.2,0.18789409682640817,0.9573254026038363,1.233332472854702,299.45988408990223,62.78865159794922,1.2,0.2752349453567146,1.233332472854702
19.5,normal,0.14796484659000697,3.1799999999999997,1.2,0.18890690668980253,0.9603973523937466,1.2333792520254434,299.4867345310553,62.90471952488461,1.2,0.2820116579268637,1.2333792520254434
19.55,normal,0.16896484659000777,3.1799999999999997,1.2,0.18945450801276525,0.9627463907178611,1.2334807871812037,299.5172932654731,63.01973788025594,1.2,0.28159277862953147,1.2334807871812037
19.6,normal,0.18996484659000856,3.18,1.2,0.18953674285974859,0.9643038759306737,1.233620220008355,299.5495011992209,63.13371278986814,1.2,0.2728276917209998,1.233620220008355
19.650000000000002,normal,0.21096484659000758,3.1799999999999993,1.2,0.18917751457795565,0.9650147345224505,1.2337732375345756,299.58010213948177,63.24668648703258,1.2,0.25719895974118845,1.2337732375345756
19.700000000000003,normal,0.23196484659000838,3.1799999999999997,1.2,0.18841786113313547,0.9648528255497111,1.233912903201104,299.60601872760816,63.35872996691276,1.2,0.23836283521298213,1.233912903201104
19.75,normal,0.2529648465900074,3.1799999999999997,1.2,0.18731210600445197,0.9638290020964602,1.2340137546724368,299.6255977386682,63.46993100906019,1.2,0.21719705673083248,1.2340137546724368
19.8,normal,0.2739648465900082,3.1799999999999997,1.2,0.1859230214443601,0.9619913950307122,1.233041491607246,299.63919272408305,63.580380966806054,1.2,0.1941852563205825,1.233041491607246
19.85,normal,0.2949648465900072,3.1799999999999997,1.2,0.18431625898170745,0.9594195936184318,1.232012228655904,299.6488929025245,63.69016472092875,1.2,0.17583223708502255,1.232012228655904
19.900000000000002,normal,0.315964846590008,3.1799999999999997,1.2,0.18255449783107824,0.9562155656618732,1.2312317740366034,299.657580800223,63.79935693763207,1.2,0.17333933762974815,1.2312317740366034
19.950000000000003,normal,0.3369648465900088,3.1799999999999997,1.2,0.18069208444719168,0.9524941008633985,1.2301441923246124,299.66774967848556,63.90802385140124,1.2,0.18993122479236924,1.2301441923246124
20.0,normal,0.3579648465900078,3.1799999999999997,1.2,0.17877121810968974,0.9483745945928823,1.2303270614845403,300.03286993439036,64.01967666981568,1.2,0.673465785658586,1.2303270614845403
20.05,normal,0.37896484659000684,3.18,1.2,0.17802321802366378,0.9494074888570645,1.2306574835262893,300.34097918988084,64.1352510878528,1.2,0.6107196274153657,1.2306574835262893
20.1,normal,0.39996484659000764,3.1799999999999997,1.2,0.17836895526620936,0.9553385183526404,1.2310461281744849,300.3594550718647,64.24970427418458,1.2,0.20042150477423473,1.2310461281744849
20.150000000000002,normal,0.42096484659000843,3.1799999999999997,1.2,0.1785389583100608,0.9603669184856858,1.2305968280843265,300.3854534697937,64.36300007130856,1.2,0.24385659980410973,1.2305968280843265
20.200000000000003,normal,0.44196484659000923,3.1799999999999997,1.2,0.17854279789909383,0.9643298725369016,1.225961575128094,300.4196791541383,64.47515224286184,1.2,0.28199057038064057,1.225961575128094
20.25,normal,0.46296484659000653,3.1799999999999997,1.2,0.17838856379903914,0.9671010821228994,1.224088039438243,300.4582632552284,64.58623046462506,1.2,0.2977042130433597,1.224088039438243
20.3,normal,0.4839648465900072,3.1799999999999997,1.2,0.1780824470846651,0.9686209234684999,1.2249441833215795,300.4947986613822,64.69634093477715,1.2,0.28770711667509147,1.2249441833215795
20.35,normal,0.5049648465900081,3.1799999999999997,1.2,0.17762777230951085,0.9689149099865251,1.2282064225154148,300.523671783664,64.80559088124042,1.2,0.2551354184610791,1.2282064225154148
20.400000000000002,normal,0.5259648465900089,3.1799999999999997,1.2,0.17702506001357565,0.9680952289168883,1.2333262713914783,300.5426735475031,64.91405430669096,1.2,0.20953977889495018,1.2333262713914783
20.450000000000003,normal,0.5469648465900079,3.1799999999999997,1.2,0.17627318745231219,0.9663464440866518,1.234076318341957,300.5534583298414,65.02175489965322,1.2,0.1666944998921651,1.234076318341957
20.5,normal,0.5679648465900069,3.1799999999999997,1.2,0.17537053537165576,0.9639013986714504,1.2314176394501732,300.5600112224728,65.12867163960237,1.2,0.1430881095719421,1.2314176394501732
20.55,normal,0.5889648465900077,3.1799999999999997,1.2,0.17431544754493222,0.9610146428238544,1.2292356437519898,300.56641285567844,65.23475991869914,1.2,0.14545069136980707,1.2292356437519898
20.6,normal,0.6099648465900085,3.1799999999999997,1.2,0.17310648725842642,0.9579388355381611,1.2279333262820777,300.57517697503016,65.3399749372552,1.2,0.16447176229157429,1.2279333262820777
20.650000000000002,normal,0.6309648465900075,3.1799999999999997,1.2,0.17174351881664054,0.9549065952802736,1.2276683435955065,300.58672879451944,65.4442874161498,1.2,0.18269439387969427,1.2276683435955065
20.700000000000003,normal,0.6519648465900083,3.1799999999999997,1.2,0.1702302768916288,0.9521179496202206,1.2284595849418272,300.5998840557246,65.54768912319723,1.2,0.18964096069610256,1.2284595849418272
20.75,normal,0.6729648465900073,3.1799999999999993,1.2,0.16857825073566843,0.9497324695491194,1.2344548800734751,301.01469405728506,65.65430442439232,1.2,0.6850724433910442,1.2344548800734751
20.8,normal,0.6939648465900081,3.1799999999999997,1.2,0.16804352188764016,0.9532591141598792,1.2349975576790184,301.02092591594777,65.7599110617513,1.2,0.12280582676517238,1.2349975576790184
20.85,normal,0.7149648465900071,3.1799999999999997,1.2,0.16736343440797796,0.9569715606216469,1.2348933707180862,301.0272817017554,65.86449069247139,1.2,0.14199189300552667,1.2348933707180862
20.900000000000002,normal,0.7359648465900079,3.1799999999999997,1.2,0.16650989112485118,0.9607164139398772,1.2347777152471313,301.03652296959706,65.96804646771815,1.2,0.16152762135492157,1.2347777152471313
20.950000000000003,normal,0.7569648465900087,3.1799999999999997,1.2,0.1654540628297411,0.9643367871378845,1.2346628144009706,301.04935629261644,66.07060766970943,1.2,0.1769051514292785,1.2346628144009706
21.0,normal,0.7779648465900078,3.1799999999999997,1.2,0.16418025968960662,0.9676971227505824,1.2345557965970289,301.06456459256856,66.17222846849627,1.2,0.18996669998096857,1.2345557965970289
21.05,normal,0.7989648465900068,3.1799999999999997,1.2,0.162694512034617,0.970704919471046,1.2344587607903221,301.0797738398235,66.27298115493569,1.2,0.19233587222886422,1.2344587607903221
21.1,normal,0.8199648465900076,3.1799999999999997,1.2,0.16102748801089417,0.9733255948138462,1.2343690887676342,301.09254598601206,66.37294633583333,1.2,0.17910978969199892,1.2343690887676342
21.150000000000002,normal,0.8409648465900084,3.1799999999999993,1.2,0.15923356486157342,0.9755881257765031,1.234280027271818,301.1013727453827,66.47220391633643,1.2,0.15157971351886323,1.234280027271818
21.200000000000003,normal,0.8619648465900092,3.1799999999999997,1.2,0.15738785848880665,0.9775811685951898,1.2341816732632112,301.10619063123147,66.57082832405325,1.2,0.11432483973651542,1.2341816732632112
21.25,normal,0.8829648465900064,3.1799999999999997,1.2,0.15558200760683852,0.9794413283444556,1.233874765829884,301.1082609700384,66.66888933730279,1.2,0.08059694238869648,1.233874765829884
21.3,normal,0.9039648465900072,3.18,1.2,0.15391784026560112,0.981336440297945,1.23378533241701,301.1095368812057,66.76645702041668,1.2,0.06367567554099018,1.23378533241701
21.35,normal,0.924964846590008,3.1799999999999997,1.2,0.15249591666867848,0.973933991512532,1.230571236678674,301.11182893042013,66.86360719550876,1.2,0.09112094482891528,1.230571236678674
21.400000000000002,normal,0.9459648465900088,3.1799999999999997,1.2,0.15139595440138992,0.9616109246147679,1.2279387712015493,301.11612192501195,66.96042385851135,1.2,0.12110640235357757,1.2279387712015493
21.450000000000003,normal,0.9669648465900079,3.1799999999999997,1.2,0.15065386372112308,0.9494003683732712,1.2269155911774958,301.50438016598724,67.05791043697056,1.2,0.6442570926367017,1.2269155911774958
21.5,normal,0.9879648465900069,3.1799999999999997,1.2,0.14983125282951876,0.9427157713805496,1.2275088924648014,301.8528854633346,67.15807472279441,1.2,0.596527238825795,1.2275088924648014
21.55,normal,1.0089648465900076,3.1799999999999997,1.2,0.14907726462485496,0.9414175235118722,1.2295614134464359,302.1353297883934,67.26196564911893,1.2,0.5457264655297625,1.2295614134464359
21.6,normal,1.0299648465900084,3.1799999999999997,1.2,0.1491938770113171,0.9452385271662263,1.215634374255423,302.3422350882158,67.36995478027934,1.2,0.5073686937784367,1.215634374255423
21.650000000000002,normal,1.0509648465900074,3.1799999999999997,1.2,0.1509896512721022,0.9537659910135807,1.202282958049818,302.42414601627723,67.47679340928326,1.2,0.3805583918708508,1.202282958049818
21.700000000000003,normal,1.0719648465900082,3.18,1.2,0.15342948863191766,0.9610485742026991,1.1943420200437644,302.54794758822885,67.58269795583605,1.2,0.46598508965734736,1.1943420200437644
21.75,normal,1.0929648465900081,3.1799999999999997,1.2,0.1560463897786135,0.966849111387154,1.1923089073806707,302.6931918820287,67.68796804550504,1.2,0.5098015486974278,1.1923089073806707
21.8,normal,1.113964846590009,3.1799999999999997,1.2,0.15873457366393867,0.9710126469832498,1.195912855039354,302.82616415987775,67.79290699077006,1.2,0.49884224979185576,1.195912855039354
21.85,normal,1.1349648465900062,3.1799999999999997,1.2,0.1614813281783757,0.9735043549892155,1.2041953492143551,302.92100820430437,67.89775227335822,1.2,0.43839353336081716,1.2041953492143551
21.900000000000002,normal,1.155964846590007,3.1799999999999997,1.2,0.16426452934715915,0.9744089584132207,1.2157560668930087,302.97352809950877,68.00264274086824,1.2,0.34742793327323335,1.2157560668930087
21.950000000000003,normal,1.1769648465900078,3.1799999999999997,1.2,0.1670409239371135,0.973899080076915,1.2258536329759258,302.9975323095039,68.1076078691491,1.2,0.2503559375633887,1.2258536329759258
22.0,normal,1.1979648465900086,3.1799999999999997,1.2,0.16975317828922085,0.9721946836357094,1.2239999107063826,303.0117278880314,68.21256828201808,1.2,0.19319157689205066,1.2239999107063826
22.05,normal,1.2189648465900058,3.1799999999999997,1.2,0.17233605682488054,0.9695313117026225,1.2234517595901857,303.02977988114543,68.31741157319887,1.2,0.23436091794406563,1.2234517595901857
22.1,normal,1.2399648465900066,3.1799999999999997,1.2,0.17472005483750105,0.9661420885300036,1.2243788964185827,303.05675776951307,68.4220119618069,1.2,0.27274633612476296,1.2243788964185827
22.150000000000002,normal,1.2609648465900074,3.1799999999999997,1.2,0.17683463768576985,0.9622386986576841,1.2265721495412547,303.0894724153879,68.52609547624098,1.2,0.28271603788354804,1.2265721495412547
22.200000000000003,normal,1.2819648465900082,3.1799999999999997,1.2,0.178582613307647,0.9579084908217368,1.229726266626669,303.1252100492928,68.62949929074465,1.2,0.27570072269530077,1.229726266626669
22.25,normal,1.3029648465900054,3.1799999999999997,1.2,0.17989678544467508,0.9532504041678458,1.2334811878892271,303.1598532431849,68.732204793923,1.2,0.25771698985152136,1.2334811878892271
22.3,normal,1.3239648465900062,3.18,1.2,0.18074605389217066,0.9483659193581673,1.2336974380482457,303.52529874337245,68.83762501458203,1.2,0.7183268355462501,1.2336974380482457
22.35,normal,1.344964846590007,3.1799999999999997,1.2,0.1824402273547958,0.9487933422373875,1.2335187761063149,303.83515480146457,68.9466595436007,1.2,0.6813336501320671,1.2335187761063149
22.400000000000002,normal,1.3659648465900078,3.1799999999999997,1.2,0.18488732681373002,0.954401849843957,1.2333835913632396,303.8682061163632,69.05474438031248,1.2,0.2912245742044899,1.2333835913632396
22.450000000000003,normal,1.3869648465900086,3.1799999999999997,1.2,0.18671784422948262,0.9595898700156602,1.2332966731167163,303.9007057461497,69.16204100771802,1.2,0.2897351559212567,1.2332966731167163
22.5,normal,1.4079648465900059,3.1799999999999997,1.2,0.1879690322151461,0.9642870970094772,1.2332525915569286,303.9400247247139,69.268458686425,1.2,0.295397744184627,1.2332525915569286
22.55,normal,1.4289648465900067,3.1799999999999997,1.2,0.18866691553995257,0.9682753549541356,1.2332438746251488,303.9877757078864,69.37400894560135,1.2,0.30730492911228946,1.2332438746251488
22.6,normal,1.4499648465900075,3.1799999999999997,1.2,0.18884671045459722,0.9713434045130032,1.2324425548519462,304.0408811227796,69.47881203021673,1.2,0.32078234703382885,1.2324425548519462
22.650000000000002,normal,1.4709648465900083,3.1799999999999997,1.2,0.18855369741751038,0.9733247716780011,1.231342738635712,304.0927326490267,69.58309597897589,1.2,0.3225380995057664,1.231342738635712
22.700000000000003,normal,1.491964846590009,3.1799999999999997,1.2,0.1878420836271424,0.9741263667447233,1.2324670171817305,304.1352654348844,69.68709170077253,1.2,0.295246535552124,1.2324670171817305
22.75,normal,1.5129648465900063,3.1799999999999997,1.2,0.18678451757264442,0.9737413819425025,1.2319184130321277,304.1637272157288,69.79096081243456,1.2,0.238377996631962,1.2319184130321277
22.8,normal,1.533964846590007,3.1799999999999997,1.2,0.18547153038740843,0.9722449500874473,1.2316910299436825,304.1797706815566,69.8948428970576,1.2,0.17142368937158972,1.2316910299436825
22.85,normal,1.5549648465900079,3.1799999999999997,1.2,0.1839903050337936,0.9697765259152697,1.2290294774932624,304.1895482875049,69.99883520262881,1.2,0.15918230304817665,1.2290294774932624
22.900000000000002,normal,1.5759648465900087,3.1799999999999997,1.2,0.1824144690013032,0.9665161719256314,1.2221714481933998,304.20057558428124,70.10299485464245,1.2,0.17796529200126016,1.2221714481933998
22.950000000000003,normal,1.5969648465900095,3.1799999999999997,1.2,0.18079616029827866,0.9626616791108407,1.21709402773779,304.2181009493968,70.20735773759718,1.2,0.21963743870512847,1.21709402773779
23.0,normal,1.6179648465900067,3.1799999999999997,1.2,0.17916288078848877,0.958410396566505,1.2142450725143572,304.2428092035442,70.31195502927854,1.2,0.2536906455080592,1.2142450725143572
23.05,normal,1.6389648465900075,3.1799999999999997,1.2,0.1775204963449767,0.9539462375890018,1.2137913511539073,304.2709949347788,70.41681506451873,1.2,0.26629197487604206,1.2137913511539073
23.1,normal,1.6599648465900083,3.1799999999999997,1.2,0.17586136032457947,0.9494302608463332,1.219347464242864,304.71181507017457,70.52550601416596,1.2,0.71979399188607,1.219347464242864
23.150000000000002,normal,1.680964846590009,3.1799999999999997,1.2,0.1753471209970535,0.9504179130062929,1.2259033223088283,304.72148160302714,70.63427036812276,1.2,0.16059904528473914,1.2259033223088283
23.200000000000003,normal,1.70196484659001,3.1799999999999997,1.2,0.17474071480220998,0.9512101678150438,1.2325355467534396,304.7268958249517,70.74299997971458,1.2,0.10874562110222188,1.2325355467534396
23.25,normal,1.7229648465900071,3.1799999999999997,1.2,0.17402477991894932,0.9517062299069234,1.2325769501214905,304.7349255736645,70.85159465799885,1.2,0.1262720016127442,1.2325769501214905
23.3,normal,1.743964846590008,3.1799999999999997,1.2,0.1731706164447962,0.9517866630476524,1.2327295373287932,304.74927789397805,70.95998346041561,1.2,0.18052816698497173,1.2327295373287932
23.35,normal,1.7649648465900087,3.1799999999999997,1.2,0.17214572958972577,0.9513414754707641,1.2329822476853252,304.7695679085439,71.0681311401636,1.2,0.21844879505703013,1.2329822476853252
23.400000000000002,normal,1.7859648465900095,3.1799999999999997,1.2,0.17092293670151779,0.9502987934445648,1.2333094736945014,304.79228590870497,71.17602863678127,1.2,0.2321168044819409,1.2333094736945014
23.450000000000003,normal,1.8069648465900066,3.1799999999999997,1.2,0.16948752034857817,0.9486466145975789,1.2298222699581802,305.02034807001905,71.28772557746026,1.2,0.540104668420372,1.2298222699581802
23.5,normal,1.8279648465900074,3.1799999999999997,1.2,0.16914281605987785,0.9518813238491641,1.2281669015150538,305.0605312690857,71.39881337139418,1.2,0.2929572106990286,1.2281669015150538
23.55,normal,1.8489648465900081,3.1799999999999997,1.2,0.16848798582844973,0.9542287275634991,1.2292080999897492,305.1005624236107,71.50931742537729,1.2,0.2892517030217282,1.2292080999897492
23.6,normal,1.8699648465900092,3.1799999999999997,1.2,0.16752382834466734,0.9556621599465294,1.2326630614305674,305.132873682897,71.61926769721335,1.2,0.25621321517315676,1.2326630614305674
23.650000000000002,normal,1.8909648465900064,3.1799999999999997,1.2,0.16627731329293058,0.9562640426844364,1.235004623842388,305.15355139054356,71.72867175892367,1.2,0.2008524792853814,1.235004623842388
23.700000000000003,normal,1.9119648465900072,3.1799999999999997,1.2,0.16479666712835678,0.9562104240783456,1.2350991413877306,305.1633218550654,71.83750490741679,1.2,0.13235898166613794,1.2350991413877306
23.75,normal,1.932964846590008,3.1799999999999997,1.2,0.16314699830858997,0.9557423312715216,1.2350441627471633,305.16636798172203,71.94572035350117,1.2,0.07430014609621985,1.2350441627471633
23.8,normal,1.9539648465900088,3.1799999999999997,1.2,0.16140686266061705,0.9551328625006898,1.2345911189543024,305.16805267876026,72.0532724387409,1.2,0.07024114441396007,1.2345911189543024
23.85,normal,1.974964846590006,3.1799999999999997,1.2,0.15966546651644306,0.9546569345338967,1.2301486575228593,305.17274299534665,72.16014003007894,1.2,0.1161132334465822,1.2301486575228593
23.900000000000002,normal,1.9959648465900068,3.1799999999999997,1.2,0.15801932543782096,0.9545671193929945,1.226840617555833,305.18247145312915,72.26633894516614,1.2,0.1664088887703159,1.226840617555833
23.950000000000003,normal,2.0169648465900076,3.1799999999999997,1.2,0.15656488881743874,0.9550761272308381,1.2248793458484124,305.1956664082368,72.37186938343987,1.2,0.19271895220048313,1.2248793458484124
24.0,normal,2.0379648465900084,3.1799999999999997,1.2,0.15536788239212193,0.9562674162653215,1.2243290598486118,305.21021448144285,72.47676418275624,1.2,0.20288245830740542,1.2243290598486118
24.05,normal,2.0589648465900057,3.1799999999999997,1.2,0.15446297416220153,0.9581929014405801,1.2251200608282191,305.22394740784523,72.58108544945159,1.2,0.19882095474598985,1.2251200608282191
24.1,normal,2.0799648465900065,3.1799999999999997,1.2,0.15383687126571877,0.9608869814260463,1.2270655731087725,305.2351763517123,72.68491114268443,1.2,0.18238406045691405,1.2270655731087725
24.150000000000002,normal,2.1009648465900073,3.1799999999999997,1.2,0.15343297364395467,0.9643641097039324,1.2298916248458562,305.2431359490237,72.7883243048615,1.2,0.1565909087227024,1.2298916248458562
24.200000000000003,normal,2.121964846590008,3.1799999999999997,1.2,0.15317800352819763,0.9622618815312287,1.2308357537526797,305.2480321483579,72.89140591680619,1.2,0.12564636380312408,1.2308357537526797
24.25,normal,2.142964846590009,3.1799999999999997,1.2,0.15300639290697893,0.9490022191753396,1.2308083255291413,305.62988558055605,72.99529400112414,1.2,0.6175458361595008,1.2308083255291413
24.3,normal,2.163964846590006,3.1799999999999997,1.2,0.15238493694643762,0.9415875959924442,1.2310093920073226,305.9573202458152,73.1016272833448,1.2,0.5602216962075606,1.2310093920073226
24.35,normal,2.184964846590007,3.1799999999999997,1.2,0.15160974448246295,0.9399339691754771,1.2246204683445283,306.2111200657719,73.21124868742538,1.2,0.5419228973367558,1.2246204683445283
24.400000000000002,normal,2.2059648465900077,3.1799999999999997,1.2,0.15139444790490592,0.9437159978331118,1.2047355564545152,306.4013272856839,73.32446392231277,1.2,0.5316778473445283,1.2047355564545152
24.450000000000003,normal,2.2269648465900085,3.1799999999999997,1.2,0.15250650776242405,0.9524387288021114,1.1909884698211999,306.5557564066945,73.43593506071895,1.2,0.5264723971917656,1.1909884698211999
24.5,normal,2.2479648465900057,3.1799999999999997,1.2,0.1542886805685238,0.9599763966402557,1.1845141138910396,306.7676175816618,73.54591047625306,1.2,0.6065643630490862,1.1845141138910396
24.55,normal,2.2689648465900065,3.1799999999999997,1.2,0.15626304797799645,0.9659830986050169,1.1854690705886823,306.9872568929421,73.65478324001069,1.2,0.6121002824004934,1.1854690705886823
24.6,normal,2.2899648465900073,3.1799999999999997,1.2,0.15828835740084113,0.9702626897943232,1.1929711953647522,307.15934220528646,73.76292571628368,1.2,0.5471385504881815,1.1929711953647522
24.650000000000002,normal,2.310964846590008,3.1799999999999997,1.2,0.16038899405799775,0.9727932704918738,1.2053567480218144,307.26021177261384,73.87060197763851,1.2,0.44883802055561584,1.2053567480218144
24.700000000000003,normal,2.331964846590009,3.1799999999999997,1.2,0.1626014263293615,0.9736894021804585,1.2206063234464255,307.3053693783665,73.97796165623313,1.2,0.3314414589168415,1.2206063234464255
24.75,normal,2.352964846590006,3.1799999999999997,1.2,0.16492293651162707,0.9731392957307103,1.2184311058286081,307.32777501664793,74.0850150137909,1.2,0.2387458387121911,1.2184311058286081
24.8,normal,2.373964846590007,3.1799999999999997,1.2,0.1673089827562498,0.9713560067173701,1.2152768070410964,307.3545183276247,74.19170356815316,1.2,0.26392080660673667,1.2152768070410964
24.85,normal,2.3949648465900077,3.1799999999999997,1.2,0.16967985056254392,0.9685566194926327,1.2146460941221653,307.3965670111595,74.29794930254867,1.2,0.33067112863481984,1.2146460941221653
24.900000000000002,normal,2.4159648465900085,3.1799999999999997,1.2,0.1719363808191132,0.9649612441973747,1.216406195094872,307.4465798519749,74.4034511525627,1.2,0.3534588623882716,1.216406195094872
24.950000000000003,normal,2.4369648465900093,3.1799999999999997,1.2,0.1739364262062449,0.9606695337364968,1.2201785961765763,307.498119154357,74.50800900654977,1.2,0.345162851488785,1.2201785961765763
25.0,normal,2.4579648465900066,3.1799999999999997,1.2,0.17557400471076898,0.9558107169257541,1.2254279010663884,307.542601901063,74.61163389953335,1.2,0.30439057946464054,1.2254279010663884
25.05,normal,2.4789648465900074,3.1799999999999997,1.2,0.17680468827454118,0.9505369417136007,1.2315426167538803,307.5775848710363,74.71441876850824,1.2,0.2485051968452246,1.2315426167538803
25.1,normal,2.499964846590008,3.1799999999999997,1.2,0.17761616560308607,0.9450043703609874,1.2323089104993499,307.95305552218855,74.81964832767,1.2,0.718043237833774,1.2323089104993499
25.150000000000002,normal,2.520964846590009,3.1799999999999997,1.2,0.17931605149605706,0.9448603815432399,1.2322118181454647,308.27069584035377,74.92824630695132,1.2,0.6958091994298552,1.2322118181454647
25.200000000000003,normal,2.5419648465900098,3.1799999999999997,1.2,0.18180518025293005,0.9500247265997683,1.2323125084815163,308.3084869953461,75.03558136794061,1.2,0.3234691539166584,1.2323125084815163
25.25,normal,2.562964846590007,3.1799999999999997,1.2,0.18364979846308632,0.9548502865721196,1.2325733882934042,308.34288912313616,75.14180037370018,1.2,0.30738136020523366,1.2325733882934042
25.3,normal,2.583964846590008,3.1799999999999997,1.2,0.18490528126238376,0.9593232533135154,1.2329421685963244,308.385564691385,75.24677481741914,1.2,0.31051508140829276,1.2329421685963244
25.35,normal,2.6049648465900086,3.1799999999999997,1.2,0.1855923144456156,0.9632151383392418,1.2333619735820287,308.4390991196813,75.35048728728287,1.2,0.32612564329779525,1.2333619735820287
25.400000000000002,normal,2.6259648465900094,3.1799999999999997,1.2,0.18574728388780887,0.9662916938089874,1.2315689482292884,308.50051758546755,75.45304081363082,1.2,0.351908860711147,1.2315689482292884
25.450000000000003,normal,2.6469648465900066,3.1799999999999997,1.2,0.18542291908860306,0.9683567370663015,1.2300364170265405,308.56220340086844,75.55466067264645,1.2,0.35964193379938963,1.2300364170265405
25.5,normal,2.6679648465900074,3.1799999999999997,1.2,0.18468551695758764,0.9692870698532392,1.2314358052578822,308.6151430937589,75.65568058327813,1.2,0.3406505476469709,1.2314358052578822
25.55,normal,2.6889648465900082,3.1799999999999997,1.2,0.18360922125061385,0.9690502198328148,1.230820428985199,308.65224477180425,75.75642739981578,1.2,0.2909799628614994,1.230820428985199
25.6,normal,2.709964846590009,3.1799999999999997,1.2,0.18228035421816627,0.9677020759677832,1.2305668150445956,308.6720900279547,75.8570708079975,1.2,0.2109037508753449,1.2305668150445956
25.650000000000002,normal,2.7309648465900063,3.1799999999999997,1.2,0.1808026458179014,0.9653686087933104,1.23079274121487,308.68143941882266,75.95773615563493,1.2,0.14386311005595637,1.23079274121487
25.700000000000003,normal,2.751964846590007,3.1799999999999997,1.2,0.17926299470220586,0.9622203405459662,1.225384907630397,308.6901169224539,76.0585016731861,1.2,0.1606527625080073,1.225384907630397
25.75,normal,2.772964846590008,3.1799999999999997,1.2,0.17772009289906587,0.9584477724041185,1.2183410144508295,308.70650648307,76.15942142486935,1.2,0.21610881719226632,1.2183410144508295
25.8,normal,2.7939648465900087,3.1799999999999997,1.2,0.17619845839185957,0.9542428766151241,1.2136359595097044,308.73386266883534,76.26055078085416,1.2,0.2660202528076827,1.2136359595097044
25.85,normal,2.814964846590006,3.1799999999999997,1.2,0.17469095377003555,0.9497872986818185,1.2151698206769468,309.1909069379943,76.36541494150067,1.2,0.7406976438201563,1.2151698206769468
25.900000000000002,normal,2.8359648465900067,3.1799999999999997,1.2,0.17426304229653106,0.9506565764798103,1.2185279117439716,309.21124427858945,76.470432407503,1.2,0.2203234716376802,1.2185279117439716
25.950000000000003,normal,2.8569648465900075,3.1799999999999997,1.2,0.1737202166198833,0.9512224084862124,1.2231144811268557,309.223001387041,76.57558285594209,1.2,0.1670438840601176,1.2231144811268557
26.0,normal,2.8779648465900083,3.1799999999999997,1.2,0.17306455080387645,0.9514652094675746,1.2282745202160612,309.2299383462003,76.6808239216321,1.2,0.12289325143032515,1.2282745202160612
26.05,normal,2.898964846590009,3.1799999999999997,1.2,0.17229343799861482,0.9513380454105731,1.2324666490481404,309.23667927782776,76.78611097738937,1.2,0.11611538926885581,1.2324666490481404
26.1,normal,2.9199648465900063,3.1799999999999997,1.2,0.1713975254708237,0.9507787252822124,1.2325488757720435,309.24645122265565,76.89141221923332,1.2,0.1527459464771626,1.2325488757720435
26.150000000000002,normal,2.940964846590007,3.1799999999999997,1.2,0.17036238561996372,0.9497286830184704,1.2282357428412134,309.490317708884,77.00087508469645,1.2,0.5441447717258171,1.2282357428412134
26.200000000000003,normal,2.961964846590008,3.1799999999999997,1.2,0.17040191684827,0.9535795003759164,1.2230187389021077,309.53058497743007,77.10996880973995,1.2,0.30401889200282395,1.2230187389021077
26.25,normal,2.9829648465900087,3.1799999999999997,1.2,0.17021145197914417,0.9564844080305082,1.2210615962190834,309.58280375267395,77.21872441783646,1.2,0.34272178214945953,1.2210615962190834
26.3,normal,3.003964846590006,3.1799999999999997,1.2,0.1697509022682043,0.9582994403554979,1.2224020313493698,309.6358644458713,77.32720879207503,1.2,0.3409445051677111,1.2224020313493698
26.35,normal,3.0249648465900068,3.1799999999999997,1.2,0.16900585389818523,0.9590003312002511,1.22669341494829,309.6788591419315,77.43547740997535,1.2,0.3020034146830605,1.22669341494829
26.400000000000002,normal,3.0459648465900075,3.1799999999999997,1.2,0.1679863168255507,0.9586904071978184,1.2332884247377567,309.7061193207094,77.54353650189103,1.2,0.23565591357883683,1.2332884247377567
26.450000000000003,normal,3.0669648465900083,3.1799999999999997,1.2,0.16672242548933358,0.9575813800113611,1.2351043385761251,309.71869057471235,77.65133188018831,1.2,0.15575459314997153,1.2351043385761251
26.5,normal,3.0879648465900056,3.1799999999999997,1.2,0.16525984043044145,0.9559573154134513,1.2352171502722011,309.7223603740649,77.7587674301067,1.2,0.08663905898449824,1.2352171502722011
26.55,normal,3.1089648465900064,3.1799999999999997,1.2,0.16365589787159157,0.9541344660846143,1.2351553113455513,309.72424821478006,77.86574160859614,1.2,0.07281749046614018,1.2351553113455513
26.6,normal,3.129964846590007,3.1799999999999997,1.2,0.1619769880804593,0.9524261891681169,1.2309647086982782,309.7298972795462,77.9721831321148,1.2,0.12420704820432187,1.2309647086982782
26.650000000000002,normal,3.150964846590008,3.1799999999999997,1.2,0.16029788207599227,0.9511167922160735,1.2276822086726327,309.74124019905895,78.07804159319201,1.2,0.17446311493874184,1.2276822086726327
26.700000000000003,normal,3.1719648465900088,3.1799999999999997,1.2,0.15869259448598458,0.9503981051023664,1.2256716774956082,309.7564445746412,78.18327025994577,1.2,0.1990750755145383,1.2256716774956082
26.75,normal,3.192964846590006,3.1799999999999997,1.2,0.15723220314148634,0.9503395570939499,1.2250067512057867,309.7734466618337,78.28788234778078,1.2,0.20864035836734313,1.2250067512057867
26.8,normal,3.213964846590007,3.1799999999999997,1.2,0.15600396238368494,0.9509988634468995,1.2256330513775135,309.78991084538103,78.39193569763596,1.2,0.2055091383833793,1.2256330513775135
26.85,normal,3.2349648465900076,3.1799999999999997,1.2,0.15507434999292005,0.952418042524448,1.227382673261055,309.8039582579071,78.49551703779842,1.2,0.1916667890275638,1.227382673261055
26.900000000000002,normal,3.2559648465900084,3.1799999999999997,1.2,0.15443901985465153,0.9546207419060115,1.2300013513507413,309.8146083320478,78.59872749713172,1.2,0.16900302434094427,1.2300013513507413
26.950000000000003,normal,3.276964846590009,3.1799999999999997,1.2,0.15402054256905012,0.9576113078362394,1.2310771636687847,309.82184287891766,78.70167060425736,1.2,0.14062888816013225,1.2310771636687847
27.0,normal,3.2979648465900064,3.1799999999999997,1.2,0.15371945251445557,0.9613757302465389,1.2308837949457334,309.82637441393854,78.80444381910058,1.2,0.11287288918973308,1.2308837949457334
27.05,normal,3.3189648465900072,3.1799999999999997,1.2,0.15345616195340436,0.9658842677807533,1.230899938579368,309.82900701129483,78.90708895590565,1.2,0.0936477158009897,1.230899938579368
27.1,normal,3.339964846590008,3.1799999999999997,1.2,0.15317837413875757,0.9710285397926337,1.2311205796963458,309.8311816513171,79.00958785259974,1.2,0.08866640321973554,1.2311205796963458
27.150000000000002,normal,3.360964846590009,3.1799999999999997,1.2,0.15286031691669347,0.9766235232596452,1.2315187896292774,309.8344393387595,79.11191312566221,1.2,0.09984361142677287,1.2315187896292774
27.200000000000003,normal,3.3819648465900096,3.1799999999999997,1.2,0.15249976793611306,0.9824865666877425,1.2320492047626361,309.8395672368871,79.2140409649248,1.2,0.11771670652537655,1.2320492047626361
27.25,normal,3.402964846590007,3.1799999999999997,1.2,0.15211206681957457,0.9884567399776079,1.2326533644643982,309.84646877008095,79.31596121582653,1.2,0.1297741435758311,1.2326533644643982
27.3,normal,3.4239648465900077,3.1799999999999997,1.2,0.15172983194659176,0.9944120446910167,1.2332660690296053,309.8543241598787,79.41768220525688,1.2,0.13351910434745776,1.2332660690296053
27.35,normal,3.4449648465900085,3.1799999999999997,1.2,0.15157016202592113,1.0002820285010936,1.2338219895646214,309.86198877771966,79.51922978642142,1.2,0.13151213334246634,1.2338219895646214
27.400000000000002,normal,3.4659648465900093,3.1799999999999997,1.2,0.15291859894439094,1.006053837213321,1.2342619347660049,309.86848257820117,79.62064225301447,1.2,0.12162154499245834,1.2342619347660049
27.450000000000003,normal,3.4869648465900065,3.1799999999999997,1.2,0.15431120239894003,1.011770817076482,1.234538367260538,309.8733686238481,79.72196400580773,1.2,0.10803053785624953,1.234538367260538
27.5,normal,3.5079648465900073,3.1799999999999997,1.2,0.1555696100350221,1.0175241540584323,1.2346198915524391,309.87686129098853,79.82324052444511,1.2,0.09606553867557854,1.2346198915524391
27.55,normal,3.528964846590008,3.1799999999999997,1.2,0.15671869568137659,1.0234392519672768,1.2332411630827629,309.8796369869975,79.92451566764929,1.2,0.08830268426166865,1.2332411630827629
27.6,normal,3.549964846590009,3.1799999999999997,1.2,0.1577864652982079,1.0296592461488003,1.2311142575874896,309.8824658004952,80.0258307085349,1.2,0.09589139391104419,1.2311142575874896
27.650000000000002,normal,3.5709648465900097,3.1799999999999997,1.2,0.1587957096332317,1.0363281293348552,1.2296471508864983,309.8858570286943,80.12722382163108,1.2,0.10404925436454801,1.2296471508864983
27.700000000000003,normal,3.5800000000000005,3.168035153409993,1.2,0.15501165393344102,1.043575583211451,1.2289482044064803,309.88950738996095,80.22832671861163,1.2,0.09922737709771137,1.2289482044064803
27.75,normal,3.58,3.1470351534099916,1.2,0.15844754990668958,1.0514066663212178,1.229041222255361,309.8944205592388,80.32848167859177,1.2,0.12202016848180626,1.229041222255361
27.8,normal,3.58,3.1260351534099913,1.2,0.16538358285221189,1.059705069022366,1.2298687685978462,309.9021210023426,80.42706358582981,1.2,0.15322927010805648,1.2298687685978462
27.85,normal,3.58,3.1050351534099905,1.2,0.17351800771839243,1.0683216288139927,1.2311054500011227,309.91386692038117,80.52349037173904,1.2,0.19651771342358165,1.2311054500011227
27.900000000000002,normal,3.58,3.0840351534099932,1.2,0.1824346908572521,1.066261882372405,1.23062431063784,309.9307913391452,80.61723255286884,1.2,0.24803572873995988,1.23062431063784
27.950000000000003,normal,3.58,3.063035153409993,1.2,0.1918555345789545,1.064010092560773,1.2303117606814262,309.9539183007667,80.70782179582794,1.2,0.29662696677633854,1.2303117606814262
28.0,normal,3.58,3.0420351534099916,1.2,0.20158471229222436,1.0619093184867692,1.2301906356349832,309.9840796444412,80.79485834581405,1.2,0.3408016109550067,1.2301906356349832
28.05,normal,3.58,3.021035153409991,1.2,0.21146633448242577,1.059913866623695,1.230261374791265,310.0217954402712,80.87801738033606,1.2,0.38003648890112507,1.230261374791265
28.1,normal,3.5799999999999996,3.0000351534099936,1.2,0.221358877586799,1.0579967303116633,1.2305022935745682,310.0671795189103,80.95705480427604,1.2,0.41412391822289596,1.2305022935745682
28.150000000000002,normal,3.58,2.979035153409993,1.2,0.23112210606806136,1.0561511086639725,1.2308724535520226,310.11990673090145,81.03181355193506,1.2,0.44307659492846135,1.2308724535520226
28.200000000000003,normal,3.58,2.958035153409992,1.2,0.2406134053112229,1.0543900472978305,1.2313166089722016,310.17925017990956,81.10223202634137,1.2,0.4670520205284447,1.2313166089722016
28.25,normal,3.5800000000000005,2.937035153409991,1.2,0.2496910653985646,1.0527446103322633,1.2317714953717804,310.24417572805226,81.16835688204925,1.2,0.48626360476129316,1.2317714953717804
28.3,normal,3.58,2.916035153409994,1.2,0.25822163132656695,1.0512610835682015,1.2321726630354772,310.3134693706906,81.2303626839649,1.2,0.5009053586758484,1.2321726630354772
28.35,normal,3.5800000000000005,2.895035153409993,1.2,0.2660883683878558,1.049997704778893,1.2324611192139379,310.38586871060147,81.28857908334874,1.2,0.5111184809915742,1.2324611192139379
28.400000000000002,normal,3.58,2.8740351534099924,1.2,0.27319872277734736,1.0490213453563295,1.2325891778843368,310.46017161652077,81.34351549400314,1.2,0.5170083438576399,1.2325891778843368
28.450000000000003,normal,3.58,2.8530351534099916,1.2,0.27948988022151144,1.04840446040579,1.2325250708916673,310.5353034044774,81.39584982400284,1.2,0.5187019410387428,1.2325250708916673
28.5,normal,3.58,2.8320351534099943,1.2,0.284932460344337,1.0482225116369854,1.2322560102546058,310.61033777019514,81.44635854285318,1.2,0.5164315417781838,1.2322560102546058
28.55,normal,3.58,2.8110351534099935,1.2,0.2895327680071228,1.0485519710501245,1.231789494349712,310.68448257638465,81.49593145154604,1.2,0.5106354201590089,1.231789494349712
28.6,normal,3.58,2.7900351534099928,1.2,0.2933339497544182,1.0494689444439598,1.2311527336966526,310.75705333156696,81.54621769876312,1.2,0.5020610133471697,1.2311527336966526
28.650000000000002,normal,3.5799999999999996,2.7690351534099915,1.2,0.2964160505858568,1.0510484113732157,1.2303901665268546,310.8274590732308,81.59909939408213,1.2,0.49180271630258643,1.2303901665268546
28.700000000000003,normal,3.58,2.748035153409991,1.2,0.2988944549671845,1.053364051436542,1.2295591725051944,310.8952157999938,81.65531641305321,1.2,0.48110259029394004,1.2295591725051944
28.75,normal,3.5799999999999996,2.727035153409994,1.2,0.3009156536446008,1.0564885993603046,1.228724287697245,310.9599860623605,81.71524208036871,1.2,0.4708526322322376,1.228724287697245
28.8,normal,3.58,2.706035153409993,1.2,0.30264902716281866,1.0604946291582962,1.2279504541968984,311.02162851512287,81.77914088301856,1.2,0.4613036467763247,1.2279504541968984
28.85,normal,3.58,2.6850351534099923,1.2,0.30427401639993895,1.0582640117943045,1.2272960495514924,311.08023591466974,81.84722024127458,1.2,0.45243814202211086,1.2272960495514924
28.900000000000002,normal,3.58,2.664035153409991,1.2,0.3059642100750851,1.0448668189336654,1.2268065645324882,311.1361460544533,81.91964562986735,1.2,0.44452665091183885,1.2268065645324882
28.950000000000003,normal,3.58,2.643035153409991,1.2,0.3078727953051225,1.030599424957592,1.226509775975524,311.18992256543754,81.99654628774675,1.2,0.43834395639054496,1.226509775975524
29.0,normal,3.58,2.6220351534099935,1.2,0.31012485237207404,1.0155488327147173,1.2264130758886798,311.2423136736173,82.07801939160751,1.2,0.43498207445998444,1.2264130758886798
29.05,normal,3.58,2.601035153409993,1.2,0.3128188273526614,0.9998127437622735,1.226503299392851,311.29420172040494,82.16413541736702,1.2,0.4353320131417043,1.226503299392851
29.1,normal,3.58,2.580035153409992,1.2,0.316033735946651,0.9835027492099442,1.2267490125460154,311.34655429462657,82.25494484308393,1.2,0.4395875587800733,1.2267490125460154
29.150000000000002,normal,3.58,2.559035153409991,1.2,0.3198347743483217,0.9667465916968245,1.2271048619834168,311.40038248547705,82.35048516680027,1.2,0.4472504311252887,1.2271048619834168
29.200000000000003,normal,3.58,2.5380351534099903,1.2,0.3242709381699463,0.949689188116098,1.2275658383608605,311.70975178750825,82.4439926416275,1.2,0.8141771200258491,1.2275658383608605
29.25,normal,3.58,2.517035153409993,1.2,0.33038032381016236,0.9378265630228386,1.228138786030453,311.9797434320546,82.53565205341481,1.2,0.7758292453635793,1.228138786030453
29.3,normal,3.58,2.4960351534099923,1.2,0.3379623545701337,0.9308139723285453,1.228812739653974,312.185114486812,82.626190719365,1.2,0.7025276622540465,1.228812739653974
29.35,normal,3.58,2.4750351534099915,1.2,0.34673450435577,0.9279439567430865,1.2209004113698496,312.3385904490561,82.71750404573896,1.2,0.6763906262143087,1.2209004113698496
29.400000000000002,normal,3.58,2.4540351534099907,1.2,0.356388164291123,0.9283411457732818,1.20275126097887,312.4690509882615,82.81201488754856,1.2,0.6902185197263173,1.20275126097887
29.450000000000003,normal,3.58,2.43303515340999,1.2,0.36665593130095564,0.9310645105243218,1.1863259573855944,312.60710702741244,82.91007276992002,1.2,0.7147322606106299,1.1863259573855944
29.5,normal,3.58,2.4120351534099926,1.2,0.3773182639954589,0.9351815373363057,1.173624163049429,312.7859002394572,83.01160635995348,1.2,0.7801603701168973,1.173624163049429
29.55,normal,3.58,2.391035153409992,1.2,0.3881830263316252,0.9398875607421373,1.1661437418019378,313.01843123646194,83.1171819452199,1.2,0.8754458261692099,1.1661437418019378
29.6,normal,3.58,2.370035153409991,1.2,0.39908308897580136,0.9446907790552421,1.1645793234341701,313.28491750029025,83.22805957473739,1.2,0.935173496327821,1.1645793234341701
29.650000000000002,normal,3.58,2.3490351534099907,1.2,0.40985202172683816,0.9494887261467593,1.1686355944266233,313.5445350474533,83.34564474011438,1.2,0.9328045367262222,1.1686355944266233
29.700000000000003,normal,3.58,2.328035153409994,1.2,0.4203098047621996,0.9545963830575495,1.1836637482832009,314.1129116954268,83.47301275065914,1.2,1.301116663097309,1.1836637482832009
29.75,normal,3.58,2.307035153409993,1.2,0.42947797655685394,0.9553834815086402,1.206637718997026,314.46387553280186,83.61081594110375,1.2,1.0600646140934136,1.206637718997026
29.8,normal,3.58,2.2860351534099923,1.2,0.43724378784980866,0.9533977165509822,1.2254076672810785,314.6692882333793,83.75758812306589,1.2,0.8044178639049033,1.2254076672810785
29.85,normal,3.58,2.2650351534099915,1.2,0.4434757489913711,0.9501828377356647,1.2237318521969027,314.81965749252623,83.9116341020428,1.2,0.743267799605664,1.2237318521969027
29.900000000000002,normal,3.58,2.2440351534099943,1.2,0.4480569535533986,0.9470074082901199,1.2220285206293453,315.30602910614215,84.06777876326817,1.2,1.1719825335760254,1.2220285206293453
29.950000000000003,normal,3.58,2.2230351534099935,1.2,0.451450585827319,0.9501329289127891,1.2203676839947912,315.4601094566707,84.22942048868128,1.2,0.7168859373165899,1.2203676839947912
30.0,normal,3.58,2.2020351534099927,1.2,0.4530483960812142,0.9539674331809709,1.218833672124187,315.60465266994174,84.39616151898548,1.2,0.6770371077006131,1.218833672124187
30.05,normal,3.58,2.181035153409992,1.2,0.4530223891382045,0.958493742812959,1.2175306024724104,315.7493127338333,84.56760744069102,1.2,0.6998654579707123,1.2175306024724104
30.1,normal,3.58,2.1600351534099946,1.2,0.4515680114029827,0.9636237989325167,1.2165861920565542,315.8984166210155,84.74340689883371,1.2,0.727823047853221,1.2165861920565542
30.150000000000002,normal,3.58,2.139035153409994,1.2,0.4488840687039142,0.9692169621163313,1.2154190733023684,316.0473314249132,84.92233379381116,1.2,0.7332234302394973,1.2154190733023684
30.200000000000003,normal,3.58,2.118035153409993,1.2,0.44530400092845984,0.9751157748401811,1.2133938569604572,316.18752304176644,85.10306514290475,1.2,0.7093954840659915,1.2133938569604572
30.25,normal,3.58,2.0970351534099922,1.2,0.44114025837729337,0.981189405775001,1.2108258596381642,316.31331761205274,85.28538381572076,1.2,0.6614488681226529,1.2108258596381642
30.3,normal,3.58,2.076035153409995,1.2,0.4364816381187624,0.9873687080958178,1.208048180689724,316.42477296814025,85.46905048900271,1.2,0.6054384650176843,1.208048180689724
30.35,normal,3.58,2.055035153409994,1.2,0.43138290228682596,0.9936600342778434,1.205366633618055,316.52947229799753,85.65379909478521,1.2,0.5731612638394232,1.205366633618055
30.400000000000002,normal,3.58,2.0340351534099934,1.2,0.42587055600568535,1.000136011576898,1.2030271604349394,316.6378646273741,85.83933671063646,1.2,0.5743723698254481,1.2030271604349394
30.450000000000003,normal,3.58,2.0130351534099926,1.2,0.4199527560259696,1.0069114951660363,1.2011994264595516,316.7585380158413,86.02534907391465,1.2,0.5983379866664723,1.2011994264595516
30.5,normal,3.58,1.9920351534099954,1.2,0.41362975541943536,1.014115675992822,1.199975027081705,316.895902831041,86.21151084779453,1.2,0.6359042917367843,1.199975027081705
30.55,normal,3.58,1.9710351534099946,1.2,0.4069032234647616,1.0218680673760379,1.1993759904225463,317.04915696384194,86.39740259199176,1.2,0.6678317643644931,1.1993759904225463
30.6,normal,3.58,1.9500351534099938,1.2,0.39980750802386084,1.0302613615818659,1.1993693325142123,317.2149506485806,86.58251451615608,1.2,0.6895791448445563,1.1993693325142123
30.650000000000002,normal,3.58,1.929035153409993,1.2,0.3924115835985466,1.0392664251382224,1.1998830404687273,317.3892473775735,86.7664415351891,1.2,0.7037155135761142,1.1998830404687273
30.700000000000003,normal,3.58,1.9080351534099922,1.2,0.3847867282609932,1.0488015250746177,1.2008118137575534,317.5637319084874,86.94888734230221,1.2,0.708309629704021,1.2008118137575534
30.75,normal,3.58,1.887035153409995,1.2,0.37702645116278977,1.0587775648518574,1.202046546721285,317.73506918088157,87.12968161856415,1.2,0.7073584580650303,1.202046546721285
30.8,normal,3.58,1.8660351534099942,1.2,0.36923925827783277,1.0690995934216956,1.2034845674346115,317.9005153141431,87.30879770271319,1.2,0.6984788071221864,1.2034845674346115
30.85,normal,3.58,1.8450351534099934,1.2,0.36154761262200497,1.0796683576913282,1.2050338761606438,318.060009441034,87.48621440784626,1.2,0.6900282242598507,1.2050338761606438
30.900000000000002,normal,3.58,1.8240351534099926,1.2,0.35409838597099824,1.0903818527145976,1.206616233895259,318.2136827794783,87.66191279592371,1.2,0.682023826546649,1.206616233895259
30.950000000000003,normal,3.58,1.8030351534099918,1.2,0.34704912904334073,1.1011368296178865,1.2081619603868083,318.3593745612121,87.83587946779735,1.2,0.670520928415671,1.2081619603868083
31.0,normal,3.58,1.7820351534099945,1.2,0.3405415113451566,1.1118302279585786,1.2096049169086456,318.49335116865376,88.00810016122671,1.2,0.6521510703995732,1.2096049169086456
31.05,normal,3.58,1.7610351534099937,1.2,0.33466739222070135,1.1223605063029898,1.2108949143005494,318.6168633913614,88.17846889053268,1.2,0.6380155155948097,1.2108949143005494
31.1,normal,3.58,1.7400351534099932,1.2,0.3294411324219062,1.1325632055459232,1.2119991492434568,318.73333410694147,88.34676620721288,1.2,0.6329552913280632,1.2119991492434568
31.150000000000002,normal,3.58,1.7190351534099921,1.2,0.3248063198110899,1.1421750198775606,1.212903725250356,318.8455313568421,88.51280016015912,1.2,0.6302834239333682,1.212903725250356
31.200000000000003,normal,3.58,1.6980351534099913,1.2,0.32068238950753614,1.1509297820781592,1.2136152647399079,318.956085986779,88.67646721999368,1.2,0.6297113918869097,1.2136152647399079
31.25,normal,3.58,1.677035153409994,1.2,0.3170141681681623,1.1585753108235095,1.2141620936294337,319.0669410837225,88.83783454408282,1.2,0.6309161408128289,1.2141620936294337
31.3,normal,3.58,1.6560351534099933,1.2,0.3137965241695038,1.164891794653186,1.214594043302398,319.17902465322027,88.99721229476826,1.2,0.6333800757767272,1.214594043302398
31.35,normal,3.58,1.6350351534099925,1.2,0.3110742703186601,1.169709091034888,1.2149798267376595,319.29228746030594,89.15511643624444,1.2,0.6363272177147561,1.2149798267376595
31.400000000000002,normal,3.58,1.6140351534099917,1.2,0.30891647626079083,1.1729197201242285,1.215401366208882,319.4060205562489,89.31209199363258,1.2,0.6385645959310402,1.215401366208882
31.450000000000003,normal,3.58,1.593035153409991,1.2,0.3073611357835142,1.1744847618125676,1.2159452820036123,319.5192911075302,89.46870457989631,1.2,0.6386570342598767,1.2159452820036123
31.5,normal,3.58,1.5720351534099937,1.2,0.3063308372501911,1.1744313666893025,1.2166926475358997,319.63240119952735,89.62535879482988,1.2,0.6407150070271355,1.2166926475358997
31.55,normal,3.58,1.5510351534099929,1.2,0.3056567323639744,1.172842614295506,1.217708682311842,319.7462606808521,89.78235726767075,1.2,0.6453346087497518,1.217708682311842
31.6,normal,3.58,1.530035153409992,1.2,0.30512273587819994,1.169842140494985,1.2190340883296718,319.8621843045845,89.93995802296608,1.2,0.652455023423283,1.2190340883296718
31.650000000000002,normal,3.58,1.5090351534099913,1.2,0.30451725591639167,1.1655766860843622,1.2206220362365978,319.9789879755953,90.09822962070302,1.2,0.655203173401335,1.2206220362365978
31.700000000000003,normal,3.58,1.488035153409994,1.2,0.3036872193751173,1.1601994234716877,1.2223397469493946,320.0980157521934,90.25710771464892,1.2,0.6592642959984383,1.2223397469493946
31.75,normal,3.58,1.4670351534099932,1.2,0.30252560215524776,1.1538559635561472,1.2206420016953967,320.2206055239547,90.4165342173178,1.2,0.6649502946260363,1.2206420016953967
31.8,normal,3.58,1.4460351534099924,1.2,0.3009507738988854,1.1466738738999427,1.2172699642934333,320.3461370256597,90.57645136196815,1.2,0.6681371042952089,1.2172699642934333
31.85,normal,3.582621029802179,1.4256418662186892,1.2,0.30253056367964026,1.138755732569775,1.2157021585802346,320.4927493839706,90.7362919528384,1.2,0.7128654366605873,1.2157021585802346
31.900000000000002,normal,3.591848698111024,1.4067778757187492,1.2,0.3068038252700214,1.1300060972084316,1.2158283452136416,320.65800016827626,90.89573508660897,1.2,0.7550380046838158,1.2158283452136416
31.950000000000003,normal,3.601076366419871,1.3879138852188064,1.2,0.31358481349479733,1.1203486485398115,1.217387635688791,320.8412775593996,91.05441185603254,1.2,0.791854848037693,1.217387635688791
32.0,normal,3.610304034728718,1.3690498947188636,1.2,0.3223783777759459,1.109777648377732,1.220010118176567,321.0443944649569,91.21218412606203,1.2,0.8330787042959491,1.220010118176567
32.050000000000004,normal,3.619531703037565,1.3501859042189208,1.2,0.33269083504088726,1.0982570417509672,1.2232675698881117,321.26780224283004,91.36916183514916,1.2,0.8771454869304851,1.2232675698881117
32.1,normal,3.62875937134641,1.331321913718981,1.2,0.34390720467918634,1.085705981257524,1.226723838989588,321.5094925728307,91.52565786071058,1.2,0.9199882864710949,1.226723838989588
32.15,normal,3.637987039655257,1.3124579232190383,1.2,0.35528891152571107,1.0719935933777602,1.2262148782493187,321.7649470445583,91.68211029713703,1.2,0.9564226217013688,1.2262148782493187
32.2,normal,3.647214707964104,1.2935939327190953,1.2,0.3661018707354417,1.056941534206754,1.2261132961449008,322.02829333969225,91.83900226466349,1.2,0.9822946050181507,1.2261132961449008
32.25,normal,3.656442376272951,1.2747299422191525,1.2,0.37573707936703854,1.0403359054218357,1.2280902077672262,322.29102023209555,91.99691642389564,1.2,0.9897290491919474,1.2280902077672262
32.300000000000004,normal,3.6656700445817982,1.2558659517192095,1.2,0.38376281914160504,1.0219485237161632,1.2237565017826701,322.55578554693466,92.156075703679,1.2,1.0017414628419037,1.2237565017826701
32.35,normal,3.6748977128906435,1.23700196121927,1.2,0.38991494559075257,1.001565254952277,1.2193756947384469,322.83042275929034,92.31660533635863,1.2,1.028013499120947,1.2193756947384469
32.4,normal,3.684125381199491,1.2181379707193272,1.2,0.39403671449802946,0.9790173934126625,1.2103023626068672,323.1191459135966,92.47861080432182,1.2,1.060393542585084,1.2103023626068672
32.45,normal,3.6933530495083375,1.1992739802193841,1.2,0.396068875828519,0.9542112744309443,1.2038364396561934,323.4174768225848,92.64223818443509,1.2,1.0822987078831594,1.2038364396561934
32.5,normal,3.7025807178171846,1.1804099897194413,1.2,0.39604437541085624,0.9271513549337465,1.2014460102247935,323.9322414603376,92.80571582642911,1.2,1.3351537480013165,1.2014460102247935
32.550000000000004,normal,3.7118083861260316,1.1615459992194985,1.2,0.3944935349930695,0.9035113980119105,1.2029107001167443,324.4017822746646,92.97036094442173,1.2,1.2740918976734619,1.2029107001167443
32.6,normal,3.7210360544348773,1.1426820087195588,1.2,0.3915618293504136,0.8831169104064867,1.1991143522831325,324.81517372944893,93.13726715797195,1.2,1.1829119631286964,1.1991143522831325
32.65,normal,3.730263722743724,1.123818018219616,1.2,0.38746419033452334,0.8657824674391164,1.1942690027669602,325.1744945537475,93.30727997633772,1.2,1.0791722361902445,1.1942690027669602
32.7,normal,3.739491391052571,1.104954027719673,1.2,0.3824525061690016,0.8513613744569148,1.1914533535486687,325.489436333842,93.48107468469105,1.2,0.9891801590138588,1.1914533535486687
32.75,normal,3.748719059361416,1.0860900372197333,1.2,0.3767945087642983,0.8398036370750173,1.1915147566598192,325.7695483734529,93.65923856097427,1.2,0.9374237598466305,1.1915147566598192
32.800000000000004,normal,3.757946727670265,1.0672260467197874,1.2,0.37077329532378345,0.8312028551931483,1.188071517304783,326.0223277076916,93.84229671742912,1.2,0.9188924484151272,1.188071517304783
32.85,normal,3.7671743959791097,1.0483620562198477,1.2,0.36470018443535585,0.825804512939516,1.17447274266712,326.2581611398279,94.03011821940042,1.2,0.904394352399253,1.17447274266712
32.9,normal,3.776402064287957,1.0294980657199047,1.2,0.35896075458167925,0.8239658574642779,1.164610241931991,326.4922078812526,94.22194543316317,1.2,0.8888686812623702,1.164610241931991
32.95,normal,3.785629732596804,1.0106340752199618,1.2,0.35391572616116346,0.8258895464394069,1.1589825845877137,326.72897489076036,94.41835619231631,1.2,0.8720992631926304,1.1589825845877137
33.0,normal,3.79485740090565,0.9917700847200224,1.2,0.34978214810630914,0.8316459812494206,1.1576195145017099,326.95757280928603,94.61918962453468,1.2,0.8464047446342444,1.1576195145017099
33.050000000000004,normal,3.804085069214498,0.9729060942200762,1.2,0.3467813433353032,0.8412782217339576,1.1573246617992197,327.1617727474602,94.8209293841968,1.2,0.8063399531328012,1.1573246617992197
33.1,normal,3.8133127375233435,0.9540421037201364,1.2,0.34485510125078556,0.8547746279745265,1.1580305434517673,327.3505036729077,95.02316525108131,1.2,0.7755610079224521,1.1580305434517673
33.15,normal,3.822540405832189,0.9351781132201968,1.2,0.3439202991490336,0.8720512159717229,1.1599068717388972,327.51723751764337,95.2251388857986,1.2,0.7248214915122603,1.1599068717388972
33.2,normal,3.8317680741410376,0.9163141227202509,1.2,0.34394321907986714,0.8928526034471203,1.1632102338466606,327.66067254571107,95.42611327446699,1.2,0.6713905867102214,1.1632102338466606
33.25,normal,3.8409957424498824,0.8974501322203111,1.2,0.3448641279084157,0.9167758004338615,1.167792773385753,327.77029507208954,95.62579340004146,1.2,0.5909629059599709,1.167792773385753
33.300000000000004,normal,3.85022341075873,0.8785861417203682,1.2,0.3466092221869599,0.9433008617985907,1.173726207402734,327.8463255720243,95.82305728791991,1.2,0.49650093541806584,1.173726207402734
33.35,normal,3.8594510790675765,0.8597221512204254,1.2,0.3489815353361442,0.9710941369747277,1.184032129048014,328.38454083539847,96.01054541161984,1.2,1.0407966504183717,1.184032129048014
33.4,normal,3.8686787473764226,0.8408581607204858,1.2,0.3507585771459145,0.9937139341290862,1.1622524407092123,329.01881691152585,96.18768346000088,1.2,1.1727829164306522,1.1622524407092123
33.45,normal,3.8779064156852705,0.8219941702205397,1.2,0.35185085994309223,1.0104144346518367,1.1540391971642951,329.7912266632254,96.3580899720958,1.2,1.3728909105958564,1.1540391971642951
33.5,normal,3.887134083994116,0.8031301797205999,1.2,0.35205960317705853,1.020724071626836,1.159877194528859,330.6423285653886,96.52641172995665,1.2,1.5096602119974558,1.159877194528859
33.550000000000004,normal,3.8963617523029628,0.784266189220657,1.2,0.351241258874259,1.024360846622267,1.1788187370815268,331.4571201390411,96.69320024266739,1.2,1.5309617412234577,1.1788187370815268
33.6,normal,3.9055894206118102,0.7654021987207144,1.2,0.349335605259178,1.0211676742327656,1.208028969995389,332.1000077389283,96.85740840774152,1.2,1.3936139615667438,1.208028969995389
33.65,normal,3.9148170889206555,0.7465382082207745,1.2,0.34648213332325634,1.0118782645843873,1.2431436948344792,332.52116366351106,97.01682823509304,1.2,1.1348210370829361,1.2431436948344792
33.7,normal,3.9240447572295025,0.7276742177208316,1.2,0.34303969020397973,0.9985056538210872,1.2526098821387177,332.8348255881905,97.16931984742743,1.2,0.9961815037644829,1.2526098821387177
33.75,normal,3.933272425538349,0.7088102272208888,1.2,0.339302695664518,0.9827146119357273,1.2509998140617427,333.1347779211904,97.31352298569657,1.2,1.0189689252798566,1.2509998140617427
33.800000000000004,normal,3.9425000938471966,0.6899462367209459,1.2,0.33532086617493556,0.9652858516724627,1.2494420071012853,333.41225485536177,97.44973777100283,1.2,0.9897121413648866,1.2494420071012853
33.85,normal,3.951727762156043,0.6710822462210031,1.2,0.3311223527799422,0.9464303728899679,1.2479972561413486,333.82604664018146,97.57794595941334,1.2,1.1944850478767102,1.2479972561413486
33.9,normal,3.960955430464889,0.6522182557210633,1.2,0.32778336160993826,0.9318375014932696,1.2467066550767494,334.21975096266783,97.69935780613699,1.2,1.1734412014236484,1.2467066550767494
33.95,normal,3.9701830987737354,0.6333542652211206,1.2,0.32519824690137267,0.9215666885422449,1.2437832370501047,334.59641787866985,97.81377047022815,1.2,1.1898419983795907,1.2437832370501047
34.0,normal,3.979410767082583,0.6144902747211776,1.2,0.32271845669222865,0.8976105293497127,1.2394848781290486,334.94459282590617,97.92226979523312,1.2,1.1501859128971121,1.2394848781290486
34.050000000000004,normal,3.9886384353914295,0.5956262842212348,1.2,0.32022750389285115,0.8654781464485022,1.2341758600981798,335.263576281461,98.02603126767897,1.2,1.107365937697998,1.2341758600981798
34.1,normal,3.997866103700277,0.5767622937212918,1.2,0.3176385185724261,0.8360503215956898,1.228293685645297,335.5544731905661,98.12633376918086,1.2,1.0623777856319727,1.228293685645297
34.15,normal,4.007093772009122,0.5578983032213523,1.2,0.3148966165916568,0.809204574730408,1.222263680850408,335.80160196842314,98.22436563616627,1.2,0.9795890242880396,1.222263680850408
34.2,normal,4.016321440317969,0.5390343127214093,1.2,0.31201344831510697,0.7848015266245019,1.2146297373612212,335.96562087265164,98.3203468752018,1.2,0.76059374275979,1.2146297373612212
34.25,normal,4.025549108626816,0.5201703222214665,1.2,0.30907971104737314,0.7626935268695625,1.1860221028313147,336.0970569745198,98.4153925112175,1.2,0.6051570427168687,1.1860221028313147
34.300000000000004,normal,4.034776776935663,0.5013063317215236,1.2,0.3061978272831277,0.7427338883117953,1.1622258446878313,336.2839087404371,98.51066829832624,1.2,0.8475690429850855,1.1622258446878313
34.35,normal,4.044004445244509,0.48244234122158397,1.2,0.3034863547708381,0.7247859704369815,1.1464440867509975,336.61303428796566,98.60772809840782,1.2,1.0986019362699504,1.1464440867509975
34.4,normal,4.0532321135533556,0.46357835072164105,1.2,0.3010947435455539,0.7087312468154632,1.1407630027895965,337.08754040240325,98.70888072960041,1.2,1.2703173069333584,1.1407630027895965
34.45,normal,4.062459781862202,0.44471436022169825,1.2,0.29918927591647027,0.6944758123131085,1.1451070982197868,337.5676870711182,98.81576804885135,1.2,1.2748593503276566,1.1451070982197868
34.5,normal,4.07168745017105,0.42585036972175533,1.2,0.2978563872181936,0.6819553580850712,1.1578818073544264,337.9597808395703,98.92950911615048,1.2,1.1577095201414953,1.1578818073544264
34.550000000000004,normal,4.080915118479896,0.4069863792218125,1.2,0.29719538465622175,0.6711390288737369,1.1760659397319513,338.2082463897626,99.0500098880913,1.2,0.9226862219623679,1.1760659397319513
34.6,normal,4.090142786788742,0.38812238872187277,1.2,0.29715208497018947,0.662032380441558,1.1962467105882517,338.3703055367828,99.17662068919103,1.2,0.7312957596099025,1.1962467105882517
34.65,normal,4.0993704550975885,0.36925839822192996,1.2,0.2976040145465032,0.6546788964959742,1.193036352720614,338.77716458791406,99.31060993243298,1.2,1.0158027944646355,1.193036352720614
34.7,normal,4.108598123406436,0.35039440772198704,1.2,0.2975786640634969,0.6529251572707171,1.186983332051836,339.2446564292634,99.44772363438517,1.2,1.2307899406478688,1.186983332051836
34.75,normal,4.117825791715282,0.3315304172220474,1.2,0.2958625264225724,0.6565224260061986,1.1792646151838553,339.63345814319484,99.58770545278946,1.2,1.185421251521466,1.1792646151838553
34.800000000000004,normal,4.127053460024129,0.3126664267221013,1.2,0.2925060753844596,0.6650547129649758,1.1753278802026712,339.86470397662964,99.72695470712776,1.2,0.8939974928619783,1.1753278802026712
34.85,normal,4.136281128332975,0.2938024362221617,1.2,0.28839590941701865,0.6743352012503718,1.1754949812792146,340.200374346492,99.86878746956275,1.2,1.0405641304220654,1.1754949812792146
34.9,normal,4.145508796641822,0.27493844572221876,1.2,0.28479862165964465,0.6841918812449141,1.1756399735142484,340.6135694135633,100.01635477965395,1.2,1.2077489007919344,1.1756399735142484
34.95,normal,4.154736464950669,0.25607445522227595,1.2,0.2809680957109494,0.6982608215632138,1.1758964685987332,340.93542968104913,100.16454369916437,1.2,1.0634329216402292,1.1758964685987332
35.0,normal,4.1639641332595145,0.2372104647223362,1.2,0.275705130125556,0.7164451211661338,1.1763920628650155,341.2153603313782,100.31310211017237,1.2,0.9921788189205236,1.1763920628650155
35.050000000000004,normal,4.173191801568363,0.21834647422239023,1.2,0.26913238552711477,0.7385980137998114,1.1781566660264755,341.4550932897787,100.45981263765023,1.2,0.9230119013016672,1.1781566660264755
35.1,normal,4.182419469877209,0.19948248372245048,1.2,0.2617426180327387,0.7635636521615572,1.1814388975509957,341.66038692826453,100.60348109976445,1.2,0.853569346346356,1.1814388975509957
35.15,normal,4.191647138186053,0.18061849322251086,1.2,0.25382234328818043,0.790504134394497,1.1857928674284053,341.8235640434306,100.74458572707218,1.2,0.7500011143586927,1.1857928674284053
35.2,normal,4.200874806494902,0.16175450272256475,1.2,0.24550695170112746,0.8191355102633189,1.1903463510348407,341.9441347725087,100.88405783276926,1.2,0.6276754891666251,1.1903463510348407
35.25,normal,4.210102474803747,0.14289051222262514,1.2,0.23691862425613003,0.8495552980172447,1.1942679504291929,342.0398107135867,101.02302782261452,1.2,0.537670644419913,1.1942679504291929
35.300000000000004,normal,4.219330143112595,0.12402652172268219,1.2,0.2286294682286351,0.8818424241891074,1.19689748275164,342.13289090727847,101.16229651576107,1.2,0.5434700466206911,1.19689748275164
35.35,normal,4.2285578114214415,0.10516253122273941,1.2,0.23196519981948033,0.9159954036486821,1.1978528073633872,342.2531912960761,101.30201426863879,1.2,0.6576415523445781,1.1978528073633872
35.4,normal,4.237785479730287,0.08629854072279965,1.2,0.23912299349656987,0.9518853340820679,1.2002735011671473,342.5977974008856,101.4371215729781,1.2,1.0269075423192435,1.2002735011671473
35.45,normal,4.2470131480391355,0.06743455022285368,1.2,0.24556118747581085,0.9731101550191361,1.2018282043028858,342.9708981013956,101.56770721751658,1.2,1.096167481155523,1.2018282043028858
35.5,normal,4.256240816347981,0.048570559722913915,1.2,0.25122926951404223,0.9759543031839772,1.2000399213604136,343.3442846273066,101.6938400274842,1.2,1.1006484892238373,1.2000399213604136
35.550000000000004,normal,4.265468484656827,0.029706569222971133,1.2,0.2560894828202918,0.9794313662099059,1.2040877113547932,343.6837429980797,101.81561577982005,1.2,1.034111193770795,1.2040877113547932
35.6,normal,4.274696152965675,0.010842578723028188,1.2,0.2600772102132448,0.9834138057927186,1.2128783390090894,343.9707520647745,101.93316798078226,1.2,0.9317786743656991,1.2128783390090894
35.65,normal,4.288929693180012,0.0,1.2,0.270706341667956,0.987767685483331,1.2217666072363633,344.231993744881,102.04620980263458,1.2,0.8653661342819433,1.2217666072363633
35.7,normal,4.309929693180012,0.0,1.2,0.2747906810029001,0.9923921936013389,1.2268363973621397,344.4793483581528,102.15446190375326,1.2,0.7833698617363059,1.2268363973621397
35.75,normal,4.330929693180013,0.0,1.2,0.27925627503796396,0.9972321183906352,1.2320710019173884,344.7357970864739,102.2580293273517,1.2,0.7616485904059773,1.2320710019173884
35.800000000000004,normal,4.351929693180014,0.0,1.2,0.2840538374341842,1.002270955108368,1.2282152532405057,345.0158571503174,102.35748623825164,1.2,0.8455034220711684,1.2282152532405057
35.85,normal,4.372929693180015,0.0,1.2,0.2897396873386383,1.0075317288259051,1.222669130706543,345.31656253643393,102.45362677366404,1.2,0.9176915729199958,1.222669130706543
35.9,normal,4.393929693180013,0.0,1.2,0.30569226135201205,1.0128742678755644,1.2187676334470614,345.6345916981538,102.54759252505767,1.2,0.9620733825747889,1.2187676334470614
35.95,normal,4.414929693180014,0.0,1.2,0.32682138821351286,1.0181788169323147,1.2164823934234887,345.9628083598744,102.64090541395498,1.2,0.9759077565229852,1.2164823934234887
36.0,normal,4.4359296931800145,0.0,1.2,0.3481544700744497,1.0233987068578636,1.2156740671162152,346.29127598904176,102.73527884633768,1.2,0.9585946515019774,1.2156740671162152
36.050000000000004,normal,4.456929693180015,0.0,1.2,0.3693624947750542,1.0285778111937465,1.21611760159979,346.61507652377287,102.83223924578522,1.2,0.9400114992715066,1.21611760159979
36.1,normal,4.477929693180016,0.0,1.2,0.39004482751326314,1.033863076267395,1.217536711849383,346.9307532283704,102.93302320398368,1.2,0.9506652571346361,1.217536711849383
36.15,normal,4.498929693180013,0.0,1.2,0.4097405904934738,1.0395080666486929,1.2170537998559947,347.2368507844194,103.03862086679709,1.2,0.9585751069858212,1.2170537998559947
36.2,normal,4.519929693180014,0.0,1.2,0.4280416183182183,1.0458649194599734,1.2092231070196184,347.5296232228997,103.1500154338204,1.2,0.958680517672882,1.2092231070196184
36.25,normal,4.540929693180015,0.0,1.2,0.44464975921973304,1.0309466501446571,1.2024679715830637,347.8074711915515,103.26812827481464,1.2,0.9537925718795941,1.2024679715830637
36.300000000000004,normal,4.561929693180016,0.0,1.2,0.4593629813954033,1.0063207977152504,1.197184610753266,348.0751440969086,103.39352075120415,1.2,0.9654235578079927,1.197184610753266
36.35,normal,4.582929693180013,0.0,1.2,0.4720361011623845,0.9791491399649013,1.1936024371050158,348.3406082754527,103.52651955132836,1.2,0.9863285759361036,1.1936024371050158
36.4,normal,4.603929693180014,0.0,1.2,0.482582734206224,0.949419263736885,1.1894716073006226,348.7606544405886,103.66536396356392,1.2,1.1865801510653995,1.1894716073006226
36.45,normal,4.624929693180015,0.0,1.2,0.4913332051279816,0.9225310057197444,1.1844252417370182,349.1934089511927,103.81091854289318,1.2,1.1989178399238318,1.1844252417370182
36.5,normal,4.645929693180015,0.0,1.2,0.4980670032818387,0.8983627011490454,1.1782303696263818,349.6337289610819,103.96396616628478,1.2,1.1991673633704039,1.1782303696263818
36.550000000000004,normal,4.666929693180016,0.0,1.2,0.5026308760589646,0.8767145438840107,1.1708176499123402,350.083492779262,104.12517903716099,1.2,1.1944846260713855,1.1708176499123402
36.6,normal,4.687929693180013,0.0,1.2,0.5049648864547602,0.8575404220592466,1.1623868720541768,350.5419808468935,104.29519512575217,1.2,1.1860647262162476,1.1623868720541768
36.65,normal,4.708929693180014,0.0,1.2,0.5050802988064793,0.8410299920539059,1.1565197069091917,351.0029735991392,104.47151309290729,1.2,1.1694645397913888,1.1565197069091917
36.7,normal,4.729929693180015,0.0,1.2,0.5036442770404792,0.8283406578258401,1.1549957468703993,351.4759830165447,104.65303878495158,1.2,1.1562045779947652,1.1549957468703993
36.75,normal,4.750929693180012,0.0,1.2,0.5010729109488274,0.8197609242225876,1.1542800532933033,351.94596964955196,104.83621394553762,1.2,1.1274624971332874,1.1542800532933033
36.800000000000004,normal,4.771929693180017,0.0,1.2,0.4977591176790909,0.815126098439898,1.1533840048286497,352.42442846917857,105.02004693596733,1.2,1.1120038696493002,1.1533840048286497
36.85,normal,4.792929693180014,0.0,1.2,0.49380213978722975,0.8142710419392354,1.1523191501901244,352.91421070462604,105.20456457806947,1.2,1.101507149953567,1.1523191501901244
36.9,normal,4.813929693180015,0.0,1.2,0.4891952104153615,0.8170465615008655,1.151090466802999,353.4102628705433,105.38983790459676,1.2,1.086014855535745,1.151090466802999
36.95,normal,4.834929693180015,0.0,1.2,0.4839132523474053,0.8233223325657237,1.1496992535670654,353.905394520424,105.57599407828555,1.2,1.0853438240492583,1.1496992535670654
37.0,normal,4.855929693180013,0.0,1.2,0.4779205054569478,0.8329794428982433,1.1481457856908592,354.3929828980116,105.76321715685086,1.2,1.1232753545644545,1.1481457856908592
37.050000000000004,normal,4.876929693180017,0.0,1.2,0.47117552693320197,0.8458981124954543,1.1464313561655743,354.86826244881763,105.95172403233607,1.2,1.1519920589357011,1.1464313561655743
37.1,normal,4.897929693180014,0.0,1.2,0.4636373968562668,0.8619460298587021,1.1445595727951485,355.3286159292109,106.14173117275377,1.2,1.1687501076198854,1.1445595727951485
37.15,normal,4.9189296931800115,0.0,1.2,0.45527214129307036,0.8809708523538584,1.1425369934850775,355.7732369707541,106.33342344433939,1.2,1.1725530735262932,1.1425369934850775
37.2,normal,4.939929693180016,0.0,1.2,0.4460585619287252,0.902798043709246,1.1432535048320511,356.3253429321805,106.52388587409067,1.2,1.287465889217855,1.1432535048320511
37.25,normal,4.960929693180013,0.0,1.2,0.4368982852738233,0.9288479447097684,1.146342763257468,356.85526451872573,106.7136452333933,1.2,1.2587734371093775,1.146342763257468
37.300000000000004,normal,4.981929693180014,0.0,1.2,0.42781353594317056,0.9586602614786064,1.1511464484341427,357.1698699655191,106.90262614827827,1.2,0.9893231541859567,1.1511464484341427
37.35,normal,5.002929693180015,0.0,1.2,0.4180309292427924,0.9865518126861152,1.1573115125158355,357.4295089268067,107.09094076615564,1.2,0.893517325106092,1.1573115125158355
37.4,normal,5.023929693180012,0.0,1.2,0.4076145883065191,1.0128737402379766,1.1644118135483168,357.63882856095154,107.27872182444611,1.2,0.7945219206310544,1.1644118135483168
37.45,normal,5.044929693180016,0.0,1.2,0.39663039342864553,1.0380356932000179,1.1719988089652835,358.02642770607514,107.46030270757628,1.2,1.0283883498092556,1.1719988089652835
37.5,normal,5.0659296931800135,0.0,1.2,0.38648015002660774,1.003448565175908,1.1796522263802014,358.60907596423147,107.63435555836858,1.2,1.1488786343878954,1.1796522263802014
37.550000000000004,normal,5.086929693180014,0.0,1.2,0.3770645095730144,0.9650756328110719,1.1870223352188338,359.1816312902999,107.80223664602741,1.2,1.1252736452794205,1.1870223352188338
37.6,normal,5.107929693180015,0.0,1.2,0.36862514958222087,0.9296116987625305,1.1937514308816959,360.1288713052221,107.9669536444606,1.2,1.5115398290134072,1.1937514308816959
37.65,normal,5.128929693180012,0.0,1.2,0.36097070921659286,0.9013739006010226,1.1994877120539849,361.0211838622133,108.13376940736134,1.2,1.5046751921278996,1.1994877120539849
37.7,normal,5.149929693180017,0.0,1.2,0.3548848386907678,0.880764273252048,1.203909280875008,361.8703572381358,108.30572300922353,1.2,1.518273958167995,1.203909280875008
37.75,normal,5.170929693180014,0.0,1.2,0.35212280565057286,0.8682033034241334,1.2067708659202419,362.59654564973783,108.48374486853811,1.2,1.4799512198756333,1.2067708659202419
37.800000000000004,normal,5.191929693180015,0.0,1.2,0.3539579286515463,0.8633932069757098,1.2027175771871919,363.1732716080331,108.66065136149427,1.2,1.4093843820943401,1.2027175771871919
37.85,normal,5.2129296931800155,0.0,1.2,0.3597644827019552,0.865405037681261,1.1825982734104117,363.70212214669766,108.83572180964742,1.2,1.392673985006273,1.1825982734104117
37.9,normal,5.233929693180013,0.0,1.2,0.3683147419007462,0.8729759186908579,1.1673763025298154,364.22550815995,109.01123955863811,1.2,1.3570771088367946,1.1673763025298154
37.95,column,5.254929693180014,0.0,1.2,0.9516613073195053,0.8845901534535845,1.163681162047579,365.79114247939606,109.17968378134006,1.2,2.433899399540122,1.163681162047579
38.0,column,5.275929693180014,0.0,1.2,0.9531152470574764,0.8944807862154003,1.1709940827768184,367.3133847679832,109.34415803539761,1.2,2.391279364160393,1.1709940827768184
38.050000000000004,column,5.296929693180015,0.0,1.2,0.9497066244598804,0.9029611860289171,1.1870394335036387,368.6395780912695,109.50613704352988,1.2,2.1936217112483645,1.1870394335036387
