time,mode,center_x,center_y,center_z,formation_error,min_obstacle_clearance,min_agent_distance,energy,path_length,max_height,avg_force_norm,min_pair_distance
0.0,column,-5.4,0.0,1.2,0.794399688893766,4.834794548272353,0.8037115436470766,1.8297747946611065,0.03192920950978327,1.2,2.5543367607826637,0.8037115436470766
0.05,column,-5.3790000000000004,0.0,1.2,0.7818599783314818,4.827343029738032,0.8112512198552672,3.6443565364542945,0.09520640168923385,1.2,2.5080064508932245,0.8112512198552672
0.1,column,-5.3580000000000005,0.0,1.2,0.7639558679078702,4.812449736085711,0.8227956765170197,5.447756112092668,0.18912676435165637,1.2,2.4521503644349516,0.8227956765170197
0.15000000000000002,column,-5.337000000000001,0.0,1.2,0.7409588975049533,4.790135053476997,0.8385848960807839,7.249152591968789,0.313442188036091,1.2,2.433424301053245,0.8385848960807839
0.2,column,-5.316,0.0,1.2,0.7136773255448887,4.760430162791585,0.8589238689801285,9.04987653977326,0.4680191255843129,1.2,2.424065706795692,0.8589238689801285
0.25,column,-5.295000000000001,0.0,1.2,0.6844444537054463,4.723341821150378,0.8854356419640214,10.850134660185141,0.652497242645268,1.2,2.414369980149732,0.8854356419640214
0.30000000000000004,column,-5.274,0.0,1.2,0.6550757549730492,4.678878045065684,0.9190508287831572,12.45011898705313,0.8633293776514502,1.2,2.3091409957441003,0.9190508287831572
0.35000000000000003,column,-5.253,0.0,1.2,0.6258325660314613,4.627048086579299,0.9591112047682178,13.941886879975119,1.080282851183023,1.2,2.381175444284099,0.9591112047682178
0.4,column,-5.232,0.0,1.2,0.5980485323150371,4.57524241336206,1.0058985902703834,15.604284305585056,1.3044741401421591,1.2,2.540619253784224,1.0058985902703834
0.45,column,-5.211,0.0,1.2,0.5721957702407381,4.52347337844409,1.0584503001914571,17.42456031272336,1.535419543790742,1.2,2.6528080192151444,1.0584503001914571
0.5,column,-5.1899999999999995,0.0,1.2,0.5487816056343361,4.4717373431914496,1.1163316960330871,18.817819502982363,1.773704726952631,1.2,2.1817933052634726,1.1163316960330871
0.55,column,-5.1690000000000005,0.0,1.2,0.5280388199229428,4.420030825718113,1.1781609781033688,20.072895263743675,2.019264068463309,1.2,2.0993942486312998,1.1781609781033688
0.6000000000000001,column,-5.148,0.0,1.2,0.5100930850466311,4.368351341901233,1.2129401611739772,21.566056370460306,2.2704969266035375,1.2,2.265481382862116,1.2129401611739772
0.65,column,-5.127,0.0,1.2,0.4941187294968333,4.316698149778109,1.1936695376669662,23.229442778995526,2.524400520075702,1.2,2.51913434031009,1.1936695376669662
0.7000000000000001,column,-5.106,0.0,1.2,0.47964824057435623,4.265353296389123,1.1878720339936295,25.026297042622147,2.775159553895391,1.2,2.6377831255471937,1.1878720339936295
0.75,column,-5.085000000000001,0.0,1.2,0.46758570784451825,4.214340245193085,1.195110123825729,26.40638042953658,3.020362677038772,1.2,2.227891109062697,1.195110123825729
0.8,column,-5.064000000000001,0.0,1.2,0.45948214310505603,4.163994494112918,1.2143720743954844,27.746926513810124,3.2601151771040393,1.2,2.174549235286892,1.2143720743954844
0.8500000000000001,column,-5.043,0.0,1.2,0.4569004890743136,4.114382309519522,1.2439485858338595,29.27506022665782,3.488794275767362,1.2,2.3981219358099692,1.2439485858338595
0.9,column,-5.022000000000001,0.0,1.2,0.45787528424822216,4.070210702524377,1.2858629613459782,30.759996570162336,3.7068285212129926,1.2,2.3481020993862396,1.2858629613459782
0.9500000000000001,column,-5.001,0.0,1.2,0.4615210429229871,4.031300281277591,1.2915410508979268,32.201382469327136,3.9148514667248877,1.2,2.2970435198501913,1.2915410508979268
1.0,column,-4.98,0.0,1.2,0.4674952247907604,3.997447940814193,1.292780355040145,33.6009902817872,4.113895946119962,1.2,2.2491107418579817,1.292780355040145
1.05,column,-4.9590000000000005,0.0,1.2,0.4750572131908247,3.968430011553817,1.268199717283844,34.96345596727474,4.305292206471883,1.2,2.210782800208429,1.268199717283844
1.1,column,-4.938000000000001,0.0,1.2,0.48399929271531594,3.9440052586270964,1.2388649807214411,36.27069449992956,4.491463639260336,1.2,2.159023887813377,1.2388649807214411
1.1500000000000001,column,-4.917000000000001,0.0,1.2,0.49433430590100536,3.923570027105783,1.205696128986774,37.046958208374214,4.675208179526522,1.2,1.4721969455061379,1.205696128986774
1.2000000000000002,column,-4.896000000000001,0.0,1.2,0.5055949247056561,3.9058255270438584,1.170816358641337,37.763357136516504,4.858621479130882,1.2,1.3766308266678635,1.170816358641337
1.25,column,-4.875000000000001,0.0,1.2,0.5183667822475775,3.8889811823730582,1.1367706796133163,38.48720796786195,5.043809135691018,1.2,1.4245620629653315,1.1367706796133163
1.3,column,-4.854,0.0,1.2,0.5328802617093096,3.8706063117788627,1.1065195140302522,39.319439917273066,5.232750524014734,1.2,1.631641691617721,1.1065195140302522
1.35,column,-4.833,0.0,1.2,0.5493331967286695,3.848215496412,1.0802509474295585,40.13481488110746,5.424725238680193,1.2,1.6279771193175367,1.0802509474295585
1.4000000000000001,column,-4.812,0.0,1.2,0.5672232780465818,3.822053538653753,1.0580708428382677,41.36085690625371,5.6130277252736,1.2,2.0828844543559715,1.0580708428382677
1.4500000000000002,column,-4.791,0.0,1.2,0.5847028382991627,3.792380511702129,1.0399550831725997,42.56320689180082,5.797237031606998,1.2,2.0465641565919097,1.0399550831725997
1.5,column,-4.7700000000000005,0.0,1.2,0.6013696440492107,3.759469029644756,1.0260568341471843,43.7422190765139,5.97701959442068,1.2,2.007531179374793,1.0260568341471843
1.55,column,-4.7490000000000006,0.0,1.2,0.6168013930565958,3.7236015184045854,1.0163367223777335,44.898538794804914,6.152214644207258,1.2,1.9662181366024654,1.0163367223777335
1.6,column,-4.728,0.0,1.2,0.630783447942113,3.6850686328132465,1.0107230922519124,46.03316012919416,6.323050805513647,1.2,1.923282280910439,1.0107230922519124
1.6500000000000001,column,-4.707,0.0,1.2,0.6431766972346289,3.644167099558289,1.0091278910127452,47.14179649243476,6.490836057333661,1.2,1.8727490332893624,1.0091278910127452
1.7000000000000002,column,-4.686,0.0,1.2,0.6539184203357535,3.601197768995398,1.0114557444465309,48.22500042040053,6.6595114764296675,1.2,1.8285136105461817,1.0114557444465309
1.75,column,-4.665,0.0,1.2,0.6630068957294115,3.55646384325473,1.013595024348493,49.12437721349803,6.833728387120186,1.2,1.6752500388931615,1.013595024348493
1.8,column,-4.644000000000001,0.0,1.2,0.6713105091235353,3.5102692502881254,1.0157530851433942,49.98981194189943,7.015483487004575,1.2,1.6340304388387092,1.0157530851433942
1.85,column,-4.623,0.0,1.2,0.6785242538018117,3.4629074944470313,1.0180345787585832,50.82838144755003,7.205598120583113,1.2,1.5977628348597137,1.0180345787585832
1.9000000000000001,column,-4.602,0.0,1.2,0.684393810546591,3.414660808569579,1.0204718590080317,51.60190377816962,7.4042950939632695,1.2,1.5342311230372094,1.0204718590080317
1.9500000000000002,column,-4.581,0.0,1.2,0.688779859178407,3.365799697400514,1.0230547499469245,52.29438528708233,7.6113604166097195,1.2,1.4595019604715451,1.0230547499469245
2.0,column,-4.5600000000000005,0.0,1.2,0.6916453590075671,3.3165827051886536,1.0282737283995926,52.819290337762894,7.8226746138175285,1.2,1.273495159931883,1.0282737283995926
2.0500000000000003,column,-4.539,0.0,1.2,0.6928197313582245,3.267256340114079,1.0405954338929446,53.99585454951382,8.029720373525025,1.2,1.9390049338840718,1.0405954338929446
2.1,column,-4.518000000000001,0.0,1.2,0.6917643118552277,3.2180566497697374,1.0597586344081313,55.448416807800804,8.225953637871505,1.2,2.147792862665945,1.0597586344081313
2.15,column,-4.497000000000001,0.0,1.2,0.6899285041768095,3.1692002303494577,1.0855267079441557,56.8922844472183,8.413151347842465,1.2,2.1398047907395563,1.0855267079441557
2.2,column,-4.476000000000001,0.0,1.2,0.6873235723834489,3.1208832365319514,1.1031361558122799,58.051822433050106,8.591562962099552,1.2,1.9072558050167725,1.1031361558122799
2.25,column,-4.455,0.0,1.2,0.6843080077836939,3.0732808359494452,1.1111792509373286,59.12371889132009,8.763396187079435,1.2,1.8344207743767331,1.1111792509373286
2.3000000000000003,column,-4.434,0.0,1.2,0.6809879605701983,3.0265521762890124,1.128396707337715,60.15066277109463,8.9299485653771,1.2,1.858241499048902,1.128396707337715
2.35,column,-4.413,0.0,1.2,0.6772192863793729,2.9822165788919097,1.1541460904235832,61.113708054607656,9.091443620714116,1.2,1.8906420991254755,1.1541460904235832
2.4000000000000004,column,-4.392,0.0,1.2,0.6728821835001692,2.943357098697044,1.1848460643759124,62.48758677016832,9.239352128510223,1.2,2.1959588880417895,1.1848460643759124
2.45,column,-4.371,0.0,1.2,0.668377395603019,2.9117430421149813,1.2167684508345078,63.852697355057444,9.373700835088815,1.2,2.1654347156511506,1.2167684508345078
2.5,column,-4.3500000000000005,0.0,1.2,0.6632566013644563,2.887345115591046,1.2475617677850264,65.31075655276467,9.49341380213211,1.2,2.2021952385830215,1.2475617677850264
2.5500000000000003,column,-4.329000000000001,0.0,1.2,0.6575828136823654,2.8701595727806586,1.235099321640912,66.71481476956336,9.599785852333174,1.2,2.1298795297690907,1.235099321640912
2.6,column,-4.308,0.0,1.2,0.6512596566424815,2.860018979488209,1.2030066843191876,67.96558368296259,9.695200729075898,1.2,1.9951767050698623,1.2030066843191876
2.6500000000000004,column,-4.287,0.0,1.2,0.6444366655953426,2.856438494452476,1.1668434769640326,69.14219353322964,9.789730807354205,1.2,1.998582824490408,1.1668434769640326
2.7,column,-4.266,0.0,1.2,0.6375022069447254,2.8589200477051966,1.131476363765493,70.42995513612118,9.88719840627152,1.2,2.2682756382079208,1.131476363765493
2.75,column,-4.245000000000001,0.0,1.2,0.6319556250853102,2.8669558464590406,1.1056686698853238,71.72158053262712,9.970236548080434,1.2,2.2318232407118628,1.1056686698853238
2.8000000000000003,column,-4.224,0.0,1.2,0.6271231758530018,2.88003172105023,1.089225079990614,73.11074892806404,10.038841126128588,1.2,2.296321561534074,1.089225079990614
2.85,column,-4.203,0.0,1.2,0.623713042563726,2.897630344375272,1.0819661986195785,74.37926307488517,10.108053100690052,1.2,2.183175722784915,1.0819661986195785
2.9000000000000004,column,-4.182,0.0,1.2,0.62175741864325,2.9192343467417796,1.0786821969119513,75.55340321529366,10.183932734241441,1.2,2.0917000232224416,1.0786821969119513
2.95,column,-4.161,0.0,1.2,0.6207289631962242,2.9443293357157723,1.0790489593404768,76.30770739756427,10.269686110995991,1.2,1.7012520645316962,1.0790489593404768
3.0,column,-4.140000000000001,0.0,1.2,0.6198907701548066,2.972406819132006,1.0887649054444177,76.98789251348559,10.359100313658923,1.2,1.6013962625339573,1.0887649054444177
3.0500000000000003,column,-4.119000000000001,0.0,1.2,0.6198179430028244,3.0029670201422674,1.1078152921089122,77.76283125097005,10.449365597085576,1.2,1.6000930268463534,1.1078152921089122
3.1,column,-4.098000000000001,0.0,1.2,0.6195532529371711,3.0341740018029197,1.1361355715343573,78.79534366846852,10.536553436167468,1.2,1.900495827369033,1.1361355715343573
3.1500000000000004,column,-4.077000000000001,0.0,1.2,0.6193297110295668,3.06338023898987,1.133566194333913,80.05497175010873,10.624536681700045,1.2,2.1940377945883163,1.133566194333913
3.2,column,-4.056,0.0,1.2,0.6196087584223499,3.0877140184775547,1.12433876000601,81.24438032751975,10.716836693939943,1.2,2.059027814134756,1.12433876000601
3.25,column,-4.035,0.0,1.2,0.620164012697498,3.1058249726739326,1.1290956930273772,82.80095149436691,10.805431029317322,1.2,2.4212528996507006,1.1290956930273772
3.3000000000000003,column,-4.013999999999999,0.0,1.2,0.6202477816216555,3.11779228442159,1.1419229632051746,83.58361791356896,10.89262133216158,1.2,1.6757501659591796,1.1419229632051746
3.35,column,-3.9930000000000003,0.0,1.2,0.621123818089875,3.1237348677973333,1.156414866734375,84.4521320825434,10.970854384200223,1.2,1.7290682363692997,1.156414866734375
3.4000000000000004,column,-3.972,0.0,1.2,0.6236089116984089,3.123806519102213,1.1699996117331821,85.34144541949851,11.037409120205812,1.2,1.7407458985928261,1.1699996117331821
3.45,column,-3.9510000000000005,0.0,1.2,0.6292386818732425,3.1194786195307875,1.1801259765896943,86.2538569101479,11.095561643360814,1.2,1.7119072162202786,1.1801259765896943
3.5,column,-3.93,0.0,1.2,0.6378555396501002,3.1120182984727167,1.1857663353907346,87.12914609344021,11.150886435892522,1.2,1.6438740312299422,1.1857663353907346
3.5500000000000003,column,-3.9090000000000003,0.0,1.2,0.6484412195007485,3.102265770830912,1.186441451385652,87.97503914839069,11.208183895008023,1.2,1.5935765158599797,1.186441451385652
3.6,column,-3.8880000000000003,0.0,1.2,0.6598589051192164,3.0906703382305913,1.182113886785684,89.10694192068654,11.26806426584481,1.2,1.904073121013785,1.182113886785684
3.6500000000000004,column,-3.8670000000000004,0.0,1.2,0.6705024871701881,3.0773328802613085,1.184181300111391,89.89536032572862,11.326614040370298,1.2,1.6275343014935681,1.184181300111391
3.7,column,-3.846,0.0,1.2,0.6801015116635033,3.0620329415394894,1.1918317902801585,90.57619543912057,11.393061865022107,1.2,1.508328532775217,1.1918317902801585
3.75,column,-3.825,0.0,1.2,0.6887360569229907,3.045000808295356,1.2036248011583393,91.1379552260388,11.468964668410209,1.2,1.3450978563284706,1.2036248011583393
3.8000000000000003,column,-3.8040000000000003,0.0,1.2,0.6964360327168176,3.026810391996026,1.2168867965149952,91.60036718047301,11.554273078299207,1.2,1.1729762190202777,1.2168867965149952
3.85,column,-3.7830000000000004,0.0,1.2,0.7031618478982063,3.008200326176124,1.209310205887534,91.92938389773731,11.647284446780155,1.2,0.9790296116343928,1.209310205887534
3.9000000000000004,column,-3.762,0.0,1.2,0.7089727495155473,2.989907291687844,1.1875374728580395,92.16593027790749,11.744914094064436,1.2,0.8156246400208762,1.1875374728580395
3.95,column,-3.7410000000000005,0.0,1.2,0.7139238560330371,2.9725581479363408,1.1521126388648284,92.47847873576035,11.843630027855177,1.2,1.0290021476999893,1.1521126388648284
4.0,column,-3.7200000000000006,0.0,1.2,0.7180880369520366,2.956622547493014,1.12615669777712,93.08180169572924,11.941093922699281,1.2,1.3891367359778233,1.12615669777712
4.05,column,-3.6990000000000007,0.0,1.2,0.7214346919477532,2.942406422011744,1.1050536265394706,93.41929314646268,12.032648637982515,1.2,1.0413183918903113,1.1050536265394706
4.1000000000000005,column,-3.678,0.0,1.2,0.7248464635506168,2.9300658269071347,1.0885781493396134,93.69916355500331,12.120599806047963,1.2,0.969736151019293,1.0885781493396134
4.15,column,-3.6570000000000005,0.0,1.2,0.7282461671645644,2.9196277425629367,1.0767851239594963,93.91155949311018,12.20678845720179,1.2,0.8421467778477287,1.0767851239594963
4.2,column,-3.636,0.0,1.2,0.7316461289558739,2.91100234818777,1.069740357699129,94.06858472176434,12.292780658323373,1.2,0.7123278929838335,1.069740357699129
4.25,column,-3.615,0.0,1.2,0.7350862868504116,2.9040018058381456,1.0674742057197888,94.19918540241984,12.379705982810997,1.2,0.6418019174209375,1.0674742057197888
4.3,column,-3.5940000000000003,0.0,1.2,0.7386104073447741,2.8984173423991155,1.069919369988707,94.33941529312884,12.46830896822519,1.2,0.710299188743251,1.069919369988707
4.3500000000000005,column,-3.5730000000000004,0.0,1.2,0.7422911969624988,2.8939370444911026,1.076847866783831,94.51976242250673,12.55909101321692,1.2,0.7733216717924905,1.076847866783831
4.4,column,-3.5520000000000005,0.0,1.2,0.7462197167336067,2.890188492708978,1.0878354981214744,94.73909806713479,12.652544608633121,1.2,0.7852667526062606,1.0878354981214744
4.45,column,-3.5310000000000006,0.0,1.2,0.7504797860975068,2.886751196064411,1.1023683008005793,94.95627650613845,12.74904797003131,1.2,0.7384238230049686,1.1023683008005793
4.5,column,-3.5100000000000007,0.0,1.2,0.7551647625673376,2.8831739585856493,1.1199514471635255,95.12234126508307,12.848710085913567,1.2,0.6659294824339186,1.1199514471635255
4.55,column,-3.4890000000000008,0.0,1.2,0.7603778402869297,2.878999718738319,1.140020377411401,95.23086425119747,12.951732433784763,1.2,0.5798935930730398,1.140020377411401
4.6000000000000005,column,-3.468,0.0,1.2,0.7661250492430753,2.873798615814044,1.1586923205116164,95.3299630589298,13.05490367874762,1.2,0.5700814849124322,1.1586923205116164
4.65,column,-3.447,0.0,1.2,0.7732181996061003,2.867206616035028,1.172620188817647,95.47772335835329,13.157739195981357,1.2,0.6706037728687841,1.172620188817647
4.7,column,-3.426,0.0,1.2,0.7814575349201093,2.8589628284561046,1.1797438390127262,95.71537681809484,13.261097784123649,1.2,0.774316869002498,1.1797438390127262
4.75,column,-3.4050000000000007,0.0,1.2,0.7906662808008491,2.8489359411128907,1.1794442500397642,95.99271159665234,13.366682550209095,1.2,0.8093143554741197,1.1794442500397642
4.800000000000001,column,-3.3840000000000003,0.0,1.2,0.8006613641351137,2.8371315155860097,1.1723482355492858,96.23943960245427,13.475977428765159,1.2,0.7486369922757031,1.1723482355492858
4.8500000000000005,normal,-3.363,0.0,1.2,1.4226303263343045,2.823677538943363,1.1604658147765823,97.2614744177584,13.599538101604994,1.2,1.8442662087936985,1.1604658147765823
4.9,normal,-3.342,0.0,1.2,1.426083006843419,2.8087927725577373,1.144970565462224,98.25958738187916,13.740311429531047,1.2,1.8022739582092402,1.144970565462224
4.95,normal,-3.321,0.0,1.2,1.4261501766035554,2.7928264346996183,1.1275208091960458,99.2580424508601,13.899514383772935,1.2,1.7714062356484046,1.1275208091960458
5.0,normal,-3.3000000000000003,0.0,1.2,1.4227164061983648,2.7761851375242834,1.1081768883749814,100.21702816172618,14.072878086711246,1.2,1.6975591279042903,1.1081768883749814
5.050000000000001,normal,-3.279,0.0,1.2,1.4165192454003814,2.759270405061552,1.0885296265523445,101.37956412661406,14.253753759648779,1.2,1.8337781504894963,1.0885296265523445
5.1000000000000005,normal,-3.258,0.0,1.2,1.4079385159907372,2.742436064083977,1.0689746529236175,102.52577438794059,14.441047914041969,1.2,1.8319937166741407,1.0689746529236175
5.15,normal,-3.237,0.0,1.2,1.3982059308465211,2.725965417117907,1.0496642974096344,103.65880379688461,14.634496193398675,1.2,1.8257904371566043,1.0496642974096344
5.2,normal,-3.216,0.0,1.2,1.3874696130807707,2.7100651448547035,1.03117783079993,104.84259598429574,14.831163720082198,1.2,1.8693419751312206,1.03117783079993
5.25,normal,-3.1950000000000003,0.0,1.2,1.3760495504758647,2.6947721219168628,1.0129525313375187,105.89935577630209,15.02947440193616,1.2,1.719433576463763,1.0129525313375187
5.300000000000001,normal,-3.174,0.0,1.2,1.363751474983508,2.6800140260505483,0.9951737276101646,106.97988681576413,15.229288660164915,1.2,1.7351489979222987,0.9951737276101646
5.3500000000000005,normal,-3.153,0.0,1.2,1.3508240722076652,2.6657190602249248,0.9780198490953294,108.07372905567934,15.430464957418835,1.2,1.7427663650768153,0.9780198490953294
5.4,normal,-3.1320000000000006,0.0,1.2,1.3374382027455411,2.651816397020566,0.9616515775795137,109.17709517445675,15.632861565280669,1.2,1.7457780224629924,0.9616515775795137
5.45,normal,-3.111,0.0,1.2,1.3236959708712295,2.6382365949062434,0.9462029574592146,110.3004637702051,15.836338214350723,1.2,1.7531409948493308,0.9462029574592146
5.5,normal,-3.0900000000000007,0.0,1.2,1.3096624509832102,2.624911984902859,0.9346454566592758,111.23585758342172,16.040757637772955,1.2,1.5623512713287435,0.9346454566592758
5.550000000000001,normal,-3.069,0.0,1.2,1.2956976766922688,2.6117770263299382,0.9315733939082478,112.5400026239587,16.24598699267689,1.2,1.8596179192232487,0.9315733939082478
5.6000000000000005,normal,-3.048,0.0,1.2,1.2824531265813186,2.598768630552022,0.9372189902693692,113.89790725478878,16.451899134500795,1.2,1.8867634154711344,0.9372189902693692
5.65,normal,-3.027,0.0,1.2,1.270120782921245,2.585826451884685,0.9514419355153186,115.2545696979637,16.658373719016506,1.2,1.8806045621344645,0.9514419355153186
5.7,normal,-3.0060000000000002,0.0,1.2,1.258852156523762,2.5728931450772796,0.974655296161175,116.61053868329356,16.865298112189727,1.2,1.8789304789242227,0.974655296161175
5.75,normal,-2.9850000000000003,0.0,1.2,1.248899305229874,2.559914589056044,1.0063932859770852,117.96628403378718,17.07256809631407,1.2,1.8803238229718544,1.0063932859770852
5.800000000000001,normal,-2.9640000000000004,0.0,1.2,1.2403103081751883,2.546840076881047,1.0459346081745353,119.32219534758664,17.28008837033565,1.2,1.8839262354278408,1.0459346081745353
5.8500000000000005,normal,-2.943,0.0,1.2,1.2330555435318604,2.5336224721379983,1.0924086638673887,120.67858282534084,17.487772851493293,1.2,1.8890855261698196,1.0924086638673887
5.9,normal,-2.922,0.0,1.2,1.2270409830291218,2.5202183322460323,1.144916273618208,122.03567998257503,17.695544793206334,1.2,1.8951973920103096,1.144916273618208
5.95,normal,-2.9010000000000002,0.0,1.2,1.2221289778504654,2.5065879994106766,1.2011996151487356,123.30845091970244,17.903336739759148,1.2,1.8419577661057045,1.2011996151487356
6.0,normal,-2.88,0.0,1.2,1.2178507963545513,2.492012945144583,1.2272281076145497,124.44049106695354,18.11109034136349,1.2,1.7307485281929726,1.2272281076145497
6.050000000000001,normal,-2.859,0.0,1.2,1.2136309960526994,2.476936145176521,1.2347244196057319,125.57980176395286,18.318756053641906,1.2,1.742876277193981,1.2347244196057319
6.1000000000000005,normal,-2.838,0.0,1.2,1.209290032673961,2.461591885437101,1.2430596349246243,126.62960115058304,18.52629274385093,1.2,1.6535370533620033,1.2430596349246243
6.15,normal,-2.8170000000000006,0.0,1.2,1.2051451999251719,2.4459583898223425,1.2518686647688038,127.70801147017745,18.733667222898365,1.2,1.6902853597994223,1.2518686647688038
6.2,normal,-2.7960000000000003,0.0,1.2,1.2012684041344763,2.430017180955674,1.2609945152350976,128.81939061148836,18.940853718173603,1.2,1.7282126070466899,1.2609945152350976
6.25,normal,-2.7750000000000004,0.0,1.2,1.1976870594152076,2.413753025675356,1.269359928678373,130.03689548778885,19.147047543227533,1.2,1.831502179419721,1.269359928678373
6.300000000000001,normal,-2.754,0.0,1.2,1.193019403636724,2.3971042598013437,1.2721728693597296,131.20574894538734,19.353243327343954,1.2,1.7976913706239948,1.2721728693597296
6.3500000000000005,normal,-2.733,0.0,1.2,1.1873597477913092,2.3800123419841963,1.2697225237322767,132.33475950316307,19.560082043915955,1.2,1.7668668807226133,1.2697225237322767
6.4,normal,-2.712,0.0,1.2,1.180864636144498,2.362427392728107,1.2674843992982376,133.70183313573278,19.764851648509634,1.2,1.9598118210234812,1.2674843992982376
6.45,normal,-2.6910000000000003,0.0,1.2,1.173194034953367,2.3443093958267074,1.265504640870035,135.06951683287124,19.968807186037054,1.2,1.963687976469719,1.265504640870035
6.5,normal,-2.6700000000000004,0.0,1.2,1.1643058881556392,2.325629110424937,1.2638225613238552,136.43746200637725,20.173305865933855,1.2,1.9656298972677189,1.2638225613238552
6.550000000000001,normal,-2.649,0.0,1.2,1.154134474516671,2.306368654026177,1.2624895940176017,137.80511667489324,20.37970693261903,1.2,1.9648673283398312,1.2624895940176017
6.6000000000000005,normal,-2.628,0.0,1.2,1.142625396443962,2.286521810215831,1.261532513868368,139.1722666857983,20.586716716940337,1.2,1.9627352034493346,1.261532513868368
6.65,normal,-2.607,0.0,1.2,1.1296485323826526,2.266094447618208,1.2609533236205515,140.53868244297436,20.793806519973298,1.2,1.959153825391357,1.2609533236205515
6.7,normal,-2.5860000000000003,0.0,1.2,1.1153306393549738,2.2451042540478534,1.2607309462316056,141.9041470648203,21.000976564194,1.2,1.9541240293210407,1.2607309462316056
6.75,normal,-2.5650000000000004,0.0,1.2,1.0994750857158504,2.2235798132940925,1.2608245089987564,143.2684818280336,21.208221941391322,1.2,1.9477288930993777,1.2608245089987564
6.800000000000001,normal,-2.544,0.0,1.2,1.082408600061186,2.201559116449298,1.2611778435264713,144.42480276739937,21.41553303419922,1.2,1.7873238020551718,1.2611778435264713
6.8500000000000005,normal,-2.534986450310425,0.01624390099422413,1.2,1.0496206872871912,2.1790876516842035,1.261710205185668,145.64101557939534,21.62260855905796,1.2,1.8277577169064874,1.261710205185668
6.9,normal,-2.528793241870361,0.03630989634003043,1.2,1.0168854718536589,2.156281186929876,1.2603709453259806,146.894379598494,21.829105669435382,1.2,1.8408197415505847,1.2603709453259806
6.95,normal,-2.5226000334302974,0.05637589168583673,1.2,0.9862615910594414,2.1332680319819213,1.242797975219978,148.10635378259144,22.034699799702068,1.2,1.8076466844672356,1.242797975219978
7.0,normal,-2.516406824990234,0.07644188703164304,1.2,0.9580002393152143,2.110170278511074,1.2246354943698636,149.28822591469705,22.2390955777279,1.2,1.7999074465367104,1.2246354943698636
7.050000000000001,normal,-2.51021361655017,0.09650788237744976,1.2,0.9325492321566328,2.0871019135012787,1.2069370592192985,150.45466806827147,22.442034249008707,1.2,1.8061889048093864,1.2069370592192985
7.1000000000000005,normal,-2.5040204081101063,0.11657387772325606,1.2,0.9097468039249936,2.0639568433690334,1.1907416805990465,151.62355284382573,22.6433004680343,1.2,1.8266759282541234,1.1907416805990465
7.15,normal,-2.4978271996700427,0.13663987306906236,1.2,0.8890341568050328,2.0407483336744807,1.1781544943741689,152.81349714103197,22.842728686835997,1.2,1.8614919689094864,1.1781544943741689
7.2,normal,-2.4916339912299788,0.15670586841486864,1.2,0.8697484289919807,2.0180596448358212,1.1708987938884237,153.85167103743728,23.040209415717182,1.2,1.764121034795575,1.1708987938884237
7.25,normal,-2.4854407827899156,0.17677186376067497,1.2,0.8513055123761439,1.9960012402573708,1.168937750829165,154.87209311567244,23.235693622537216,1.2,1.7582177842073676,1.168937750829165
7.300000000000001,normal,-2.4792475743498517,0.1968378591064817,1.2,0.833392337850212,1.9746682349153126,1.1765559730671888,156.1084723268636,23.428561003858682,1.2,1.9356750625223236,1.1765559730671888
7.3500000000000005,normal,-2.4730543659097877,0.21690385445228796,1.2,0.8152694760922069,1.9541405743415587,1.1921372875343763,157.2004162849069,23.619569233715794,1.2,1.8341252202607699,1.1921372875343763
7.4,normal,-2.466861157469724,0.2369698497980943,1.2,0.7968007529560812,1.9338337165960866,1.2130968552187213,158.09336546776836,23.809156216836733,1.2,1.6639188517228114,1.2130968552187213
7.45,normal,-2.4606679490296606,0.2570358451439006,1.2,0.7779762767530324,1.9138389943810188,1.2368327437068174,158.84639489182774,23.997294989418982,1.2,1.5073788851826682,1.2368327437068174
7.5,normal,-2.454474740589596,0.2771018404897069,1.2,0.758868183633626,1.8944301956679792,1.2611302522190826,159.5281792721313,24.184067695100946,1.2,1.3901861571395009,1.2611302522190826
7.550000000000001,normal,-2.448281532149533,0.2971678358355136,1.2,0.7394350969062966,1.8756286698281188,1.2623671426379994,160.18648633538987,24.369422044618176,1.2,1.3191078223979686,1.2623671426379994
7.6000000000000005,normal,-2.442088323709469,0.3172338311813199,1.2,0.7198444798312226,1.8574539605320466,1.2623901431058502,160.84399701081952,24.553446766952135,1.2,1.3151784705113991,1.2623901431058502
7.65,normal,-2.4358951152694055,0.3372998265271262,1.2,0.7002650774551185,1.8399259669403853,1.262718607843105,161.49102171491376,24.736289023238236,1.2,1.313272765601996,1.262718607843105
7.7,normal,-2.429701906829342,0.35736582187293253,1.2,0.6809829273462309,1.8230669640031205,1.263390580249162,162.13097547582365,24.918074404730177,1.2,1.3156007209730805,1.263390580249162
7.75,normal,-2.423508698389278,0.3774318172187388,1.2,0.6627399076496623,1.806903333328998,1.2644239447604635,162.76638745012457,25.098876290400412,1.2,1.3183619197669187,1.2644239447604635
7.800000000000001,normal,-2.417315489949215,0.3974978125645455,1.2,0.6496417438470555,1.7914668558275568,1.2658156711670965,163.3989956392073,25.278714239412007,1.2,1.3196381998250668,1.2658156711670965
7.8500000000000005,normal,-2.411122281509151,0.41756380791035186,1.2,0.6493053640747395,1.7767954382709987,1.248117591795683,164.02984898391355,25.457568809747464,1.2,1.31844188078962,1.248117591795683
7.9,normal,-2.404929073069087,0.43762980325615813,1.2,0.6531137427904568,1.7629331880738273,1.1977166670647428,164.73473312282687,25.632766249558955,1.2,1.3847126825904401,1.1977166670647428
7.95,normal,-2.3987358646290238,0.45769579860196447,1.2,0.6567917840626099,1.749929808289794,1.1565446489704156,165.71505284913445,25.79937192853001,1.2,1.7282711540135238,1.1565446489704156
8.0,normal,-2.3925426561889593,0.47776179394777074,1.2,0.659762350785454,1.7378338065536734,1.1282231098473008,166.9429516038051,25.954024389721056,1.2,2.0012838428576787,1.1282231098473008
8.05,normal,-2.386349447748896,0.49782778929357746,1.2,0.662358336400567,1.7266748247246895,1.1137703967520292,168.25913043811477,26.09769300384007,1.2,2.066715437824498,1.1137703967520292
8.1,normal,-2.3801562393088322,0.5178937846393833,1.2,0.6647561824349086,1.7164381002917102,1.1127317501022682,169.52262071284363,26.242098717670437,1.2,2.010431400678199,1.1127317501022682
8.15,normal,-2.3739630308687687,0.5379597799851901,1.2,0.6668877216990905,1.707049445186926,1.1246277217049379,170.7343310965328,26.390612782644205,1.2,1.9477551073432906,1.1246277217049379
8.200000000000001,normal,-2.3677698224287047,0.5580257753309967,1.2,0.6687325992452162,1.6983727298216351,1.1489611339496497,171.89731732670197,26.54839369666127,1.2,1.8806655140683994,1.1489611339496497
8.25,normal,-2.3615766139886416,0.5780917706768027,1.2,0.6703056675314629,1.6902120384822137,1.1831969805376792,172.83175637376246,26.715901557318347,1.2,1.6597454303348171,1.1831969805376792
8.3,normal,-2.3553834055485776,0.5981577660226094,1.2,0.671619196082445,1.6823197483186094,1.2211769235570449,173.44415115154737,26.88792442370197,1.2,1.2109754701963895,1.2211769235570449
8.35,normal,-2.349190197108514,0.6182237613684153,1.2,0.6723770749313737,1.6744184133324742,1.2268308281659992,174.02076084384993,27.060375841313256,1.2,1.1875625341882237,1.2268308281659992
8.4,normal,-2.3429969886684496,0.6382897567142221,1.2,0.6722967171594003,1.6662543296256849,1.2242980100222436,174.59821031704394,27.230776546300817,1.2,1.2484623384668225,1.2242980100222436
8.450000000000001,normal,-2.336803780228386,0.6583557520600287,1.2,0.6710868894264632,1.6576511752672825,1.2247943003530204,175.19955598091965,27.398731386433212,1.2,1.2859095957232771,1.2247943003530204
8.5,normal,-2.3306105717883225,0.6784217474058346,1.2,0.6686136822639132,1.6485506394371612,1.2084016484356754,175.7093655855488,27.564547151790013,1.2,1.206170230204655,1.2084016484356754
8.55,normal,-2.324417363348259,0.6984877427516413,1.2,0.6648948261002159,1.639026835565406,1.159221405937484,176.21417233671514,27.727432255766935,1.2,1.2415005913667343,1.159221405937484
8.6,normal,-2.3182241549081954,0.7185537380974472,1.2,0.6600562118594806,1.629271854106706,1.122347449795477,177.06758259909475,27.88697363428505,1.2,1.5245184540898367,1.122347449795477
8.65,normal,-2.3120309464681315,0.7386197334432539,1.2,0.6542884901658276,1.619563598821701,1.0988174392469001,177.9742673715458,28.04574233774495,1.2,1.543099804346562,1.0988174392469001
8.700000000000001,normal,-2.3058377380280675,0.7586857287890606,1.2,0.6476823560373163,1.6102256005864652,1.088353122637514,178.84157749259288,28.206924735129096,1.2,1.513864720686676,1.088353122637514
8.75,normal,-2.2996445295880044,0.7787517241348666,1.2,0.6402870184311584,1.601588515729445,1.090233753841708,179.65119356922037,28.372806518268177,1.2,1.472986937811362,1.090233753841708
8.8,normal,-2.2934513211479404,0.7988177194806733,1.2,0.6321919938631244,1.5939595264462807,1.1033277005177977,180.37852187999442,28.54443009973211,1.2,1.4108816327539793,1.1033277005177977
8.85,normal,-2.287258112707877,0.8188837148264791,1.2,0.6235172710822312,1.5876017202261314,1.1264432853853004,181.03028734768344,28.722088319870444,1.2,1.3468842185332257,1.1264432853853004
8.9,normal,-2.281064904267813,0.8389497101722859,1.2,0.6144095617979259,1.5827226259194442,1.1567400477073568,181.4826606386797,28.904435858456843,1.2,1.1365861613773884,1.1567400477073568
8.950000000000001,normal,-2.2748716958277493,0.8590157055180926,1.2,0.6049938473735612,1.5794160949734342,1.1761680875891614,181.6984694080242,29.0868676973045,1.2,0.743309610018701,1.1761680875891614
9.0,normal,-2.2686784873876853,0.8790817008638985,1.2,0.5951964690664181,1.5776132370039693,1.1405677033762804,182.17079327501907,29.262744424390295,1.2,1.1900647240251432,1.1405677033762804
9.05,normal,-2.262485278947622,0.8991476962097051,1.2,0.5848986520666709,1.5772379464058273,1.1193162786050819,183.1951569372763,29.427689124581136,1.2,1.6745838246328393,1.1193162786050819
9.1,normal,-2.256292070507558,0.919213691555511,1.2,0.5741871381485574,1.5782077544282584,1.1121112484400129,184.18576912561866,29.591974063678325,1.2,1.632617593394879,1.1121112484400129
9.15,normal,-2.2500988620674947,0.9392796869013178,1.2,0.5629128995256345,1.5804347474947034,1.1186248173315003,185.12129974042017,29.7611699651842,1.2,1.571022187815759,1.1186248173315003
9.200000000000001,normal,-2.2439056536274307,0.9593456822471245,1.2,0.5510273853227621,1.5838165570658882,1.1384129071207423,185.97845490487677,29.9373217989764,1.2,1.4961305064814843,1.1384129071207423
9.25,normal,-2.237712445187367,0.9794116775929305,1.2,0.5385863823954121,1.588265881939951,1.168308772552517,186.49883944538146,30.120789431764834,1.2,1.202052433297159,1.168308772552517
9.3,normal,-2.2315192367473036,0.999477672938737,1.2,0.5260344887010281,1.5935220238555567,1.1800865413913975,186.6752194467847,30.307336244415787,1.2,0.659570351327514,1.1800865413913975
9.35,normal,-2.22532602830724,1.019543668284543,1.2,0.5135483728731698,1.5991969414542053,1.167374412212408,186.8751953617015,30.492559818600014,1.2,0.7034897382131826,1.167374412212408
9.4,normal,-2.219132819867176,1.0396096636303498,1.2,0.5012388537885883,1.5951681239089464,1.1617740344736163,187.25855533352922,30.673751623586586,1.2,1.06661674089816,1.1617740344736163
9.450000000000001,normal,-2.212939611427112,1.0596756589761565,1.2,0.48918743429785055,1.5648997156726563,1.163943431704268,187.76877906359996,30.850095233376862,1.2,1.245889402271756,1.163943431704268
9.5,normal,-2.2067464029870485,1.0797416543219622,1.2,0.47738149170924304,1.5255899219471902,1.1727021035943013,188.26130045374038,31.022044466439798,1.2,1.2463555620161921,1.1727021035943013
9.55,normal,-2.200553194546985,1.099807649667769,1.2,0.4656960104529233,1.4876894496199973,1.1858917144237444,188.65861379898217,31.190301022865512,1.2,1.1462655814664369,1.1858917144237444
9.600000000000001,normal,-2.194359986106921,1.1198736450135753,1.2,0.4539642551515689,1.4513295334288214,1.2011933626987013,188.96495116438192,31.35523284729579,1.2,1.0215496663656314,1.2011933626987013
9.65,normal,-2.188166777666858,1.1399396403593816,1.2,0.4420596764438698,1.4166240273724866,1.2164786049753886,189.2084100627219,31.51692123647156,1.2,0.8903257353401746,1.2164786049753886
9.700000000000001,normal,-2.1819735692267934,1.1600056357051889,1.2,0.4299116336474388,1.383672215106266,1.2298094575870215,189.4143899116152,31.675248264004516,1.2,0.7389016641030851,1.2298094575870215
9.75,normal,-2.1757803607867303,1.1800716310509942,1.2,0.4175072370446597,1.3525583541716824,1.2375827964488721,189.61287075077948,31.832345709359146,1.2,0.6837220823796282,1.2375827964488721
9.8,normal,-2.1695871523466663,1.2001376263968013,1.2,0.40488762121094124,1.3233513778293033,1.2251767881106814,189.8228527793082,31.987533950672766,1.2,0.7394252011187404,1.2251767881106814
9.850000000000001,normal,-2.163393943906603,1.2202036217426078,1.2,0.3921308437739103,1.2961047659724731,1.2153759249777287,190.04968779154964,32.139950036661574,1.2,0.8121848656964941,1.2153759249777287
9.9,normal,-2.157200735466539,1.240269617088414,1.2,0.3793356834288095,1.2708565940987793,1.2090699502679796,190.27812821543085,32.289448857051326,1.2,0.8527955814979435,1.2090699502679796
9.950000000000001,normal,-2.1510075270264752,1.2603356124342202,1.2,0.3666054231507075,1.2476297656895015,1.2065529659909584,190.48469269773003,32.436421002769144,1.2,0.838617105249517,1.2065529659909584
10.0,normal,-2.1448143185864117,1.2804016077800267,1.2,0.3540904224036578,1.2264324287107646,1.2074946756983511,190.65049943640832,32.581302742779926,1.2,0.7698989290027394,1.2074946756983511
10.05,normal,-2.1386211101463477,1.3004676031258329,1.2,0.3419705187353411,1.207258571545705,1.2109533418419285,190.77248006325675,32.7241710075563,1.2,0.6665797639864425,1.2109533418419285
10.100000000000001,normal,-2.1324279017062837,1.3205335984716402,1.2,0.33043776810976827,1.1899360216555246,1.1994311630932097,190.8667659453375,32.86474235999948,1.2,0.5878088819369575,1.1994311630932097
10.15,normal,-2.1262346932662206,1.3405995938174455,1.2,0.31967992184658967,1.1623402511804262,1.1902457945947607,190.95988268021492,33.002591122848024,1.2,0.5951962736193072,1.1902457945947607
10.200000000000001,normal,-2.1200414848261566,1.3606655891632526,1.2,0.30985250619507476,1.1366037332385284,1.1847579989088382,191.07074976599523,33.137419298370986,1.2,0.6308487107510723,1.1847579989088382
10.25,normal,-2.1138482763860935,1.380731584509058,1.2,0.30104459632805813,1.112714890429819,1.183663155759399,191.19771802520734,33.269250074159686,1.2,0.6496568837962513,1.183663155759399
10.3,normal,-2.107655067946029,1.4007975798548653,1.2,0.29325569245576083,1.0906523860219284,1.1868834810910183,191.3228715596958,33.3984389331642,1.2,0.633241394865442,1.1868834810910183
10.350000000000001,normal,-2.1014618595059655,1.4208635752006715,1.2,0.28640184192432383,1.070385661116333,1.1936731705605261,191.4292710649446,33.52549109961573,1.2,0.5892164489283263,1.1936731705605261
10.4,normal,-2.095268651065902,1.440929570546478,1.2,0.28035022087172434,1.0518755368689212,1.2028728319454811,191.51384043415158,33.650834419322294,1.2,0.5425100442038125,1.2028728319454811
10.450000000000001,normal,-2.089075442625838,1.4609955658922842,1.2,0.27496127239502854,1.0350748764798856,1.2131959784842925,191.58622175297626,33.77472253020284,1.2,0.5103548850518485,1.2131959784842925
10.5,normal,-2.0828822341857745,1.4810615612380904,1.2,0.2701175608537006,1.0199292999725837,1.218934192924124,191.6592593655876,33.89728155559214,1.2,0.4941173972747649,1.218934192924124
10.55,normal,-2.076689025745711,1.5011275565838966,1.2,0.26573272011679644,1.006377943202463,1.2180857253945352,191.74087061748585,34.018601058974426,1.2,0.494335084455359,1.2180857253945352
10.600000000000001,normal,-2.070495817305647,1.521193551929704,1.2,0.2617452182763767,0.9943542511994785,1.2187504647967706,191.83079470159336,34.138829731276935,1.2,0.49811570066196326,1.2187504647967706
10.65,normal,-2.0643026088655834,1.5412595472755093,1.2,0.25810357215925794,0.9837867949543069,1.2209401862436615,191.92371731535155,34.25798619756476,1.2,0.4909718778540631,1.2209401862436615
10.700000000000001,normal,-2.0581094004255194,1.5613255426213166,1.2,0.25475261972689617,0.9746001001824374,1.2244269886487071,192.01605647435304,34.37613718070459,1.2,0.4825494105846399,1.2244269886487071
10.75,normal,-2.0519161919854563,1.581391537967122,1.2,0.2516175800090286,0.9667154764756971,1.2288121255876263,192.10541135858438,34.49339177029901,1.2,0.47085371394696907,1.2288121255876263
10.8,normal,-2.0457229835453923,1.601457533312929,1.2,0.24861311057144117,0.9600518355736023,1.2336092803816283,192.19069610644516,34.609894957390864,1.2,0.45708692098451137,1.2336092803816283
10.850000000000001,normal,-2.0395297751053283,1.6215235286587355,1.2,0.2456575664459936,0.9545264882169415,1.2357726497866144,192.27112157995182,34.7258212208686,1.2,0.4401843772515205,1.2357726497866144
10.9,normal,-2.033336566665265,1.6415895240045417,1.2,0.24268659936216422,0.9500559101143269,1.2347125170983952,192.34521576836823,34.841380990557724,1.2,0.45008473095383755,1.2347125170983952
10.950000000000001,normal,-2.027143358225201,1.661655519350348,1.2,0.23965899876707802,0.9465564688713577,1.235707962354742,192.80214773961558,34.96072391085048,1.2,0.9500642855650956,1.235707962354742
11.0,normal,-2.0209501497851377,1.6817215146961544,1.2,0.2354109012180415,0.9494137611036757,1.2385470044972984,193.18444451125305,35.085111079599756,1.2,0.8859199575145279,1.2385470044972984
11.05,normal,-2.014756941345074,1.7017875100419606,1.2,0.23018880073715242,0.9582170878723189,1.2360539537378783,193.247447742618,35.20929573254989,1.2,0.46882902814877736,1.2360539537378783
11.100000000000001,normal,-2.00856373290501,1.721853505387768,1.2,0.2253774473503743,0.9669979895798932,1.2261853423264075,193.32034658362784,35.33332195783409,1.2,0.4964780745337003,1.2261853423264075
11.15,normal,-2.0023705244649466,1.741919500733573,1.2,0.22107175148926164,0.9754411576253976,1.2201390542386183,193.4039877164633,35.45731676081322,1.2,0.5122951136096685,1.2201390542386183
11.200000000000001,normal,-1.9961773160248826,1.7619854960793804,1.2,0.21726975281528205,0.9832879087220601,1.2182018251149878,193.49232147536298,35.58136656823553,1.2,0.5295869851088435,1.2182018251149878
11.25,normal,-1.989984107584819,1.7820514914251857,1.2,0.21387723164945527,0.9903628509683904,1.2202395806466768,193.5753355297334,35.705580715262826,1.2,0.5285182628691808,1.2202395806466768
11.3,normal,-1.9837908991447553,1.802117486770993,1.2,0.2107528357186359,0.9965850301018315,1.2254631912776053,193.6388019839457,35.83029232195745,1.2,0.47823122700185233,1.2254631912776053
11.350000000000001,normal,-1.9775976907046917,1.8221834821167993,1.2,0.20772111658653097,1.0018731037101347,1.1985408930623245,193.70529075956637,35.955589062818575,1.2,0.48320471997897263,1.1985408930623245
11.4,normal,-1.971404482264628,1.8422494774626055,1.2,0.20463703264142757,1.0060109786322717,1.1706653179719766,193.86602618310908,36.08170707165128,1.2,0.6672288800106724,1.1706653179719766
11.450000000000001,normal,-1.9652112738245642,1.862315472808412,1.2,0.20136390546029648,1.0088256215475995,1.1517133737020568,194.21112442376182,36.20920043659504,1.2,0.8908116641021046,1.1517133737020568
11.5,normal,-1.9590180653845006,1.8823814681542181,1.2,0.19774311398026115,1.0102358416899615,1.1438315261177125,194.7330983053294,36.33883452620322,1.2,1.0455186095531444,1.1438315261177125
11.55,normal,-1.952824856944437,1.9024474635000244,1.2,0.1936408787504436,1.0103465294887146,1.1472239334657333,195.28058098283378,36.471201196043225,1.2,1.056370644284379,1.1472239334657333
11.600000000000001,normal,-1.9466316485043729,1.9225134588458317,1.2,0.18908730210115773,1.0094973962966878,1.1600383324294026,195.67477823486752,36.60643738878488,1.2,0.9149983497223595,1.1600383324294026
11.65,normal,-1.9404384400643095,1.942579454191637,1.2,0.18441786478357897,1.0081651560412186,1.179126729796997,195.86723468068652,36.744222328254764,1.2,0.6920056832494934,1.179126729796997
11.700000000000001,normal,-1.9342452316242458,1.9626454495374444,1.2,0.18036878594137462,1.0067561195453465,1.2010755484451525,195.93849710334834,36.88400108855342,1.2,0.48199772701967064,1.2010755484451525
11.75,normal,-1.9280520231841822,1.9827114448832497,1.2,0.1780047994347529,0.9825522030000648,1.197006129621535,195.9913663443496,37.025197127659744,1.2,0.4235131203415528,1.197006129621535
11.8,normal,-1.9218588147441182,2.002777440229057,1.2,0.1780822286798876,0.9582162549987303,1.195059452837619,196.07930842678238,37.16729057096574,1.2,0.5024528375336687,1.195059452837619
11.850000000000001,normal,-1.9156656063040547,2.0228434355748632,1.2,0.18026005610923124,0.9346204874870596,1.1931442537826686,196.3725689415531,37.31055514046795,1.2,0.7497815015793573,1.1931442537826686
11.9,normal,-1.9094723978639911,2.0429094309206692,1.2,0.1846421376006639,0.9176771411768907,1.1916115255035384,196.64803710954286,37.45498867682291,1.2,0.7177561217262323,1.1916115255035384
11.950000000000001,normal,-1.9032791894239272,2.0629754262664757,1.2,0.19010471382862118,0.9073212013366774,1.1906696060874058,196.90082291582658,37.60074583467185,1.2,0.6794571014240257,1.1906696060874058
12.0,normal,-1.8970859809838636,2.083041421612282,1.2,0.19612438618023403,0.9033048472861449,1.1903253902913467,197.1203645440749,37.74816521685593,1.2,0.6282640600159702,1.1903253902913467
12.05,normal,-1.8908927725438,2.103107416958088,1.2,0.20254187538666918,0.905206738860941,1.1904454265754743,197.30062686562195,37.89762922520801,1.2,0.5665337950478582,1.1904454265754743
12.100000000000001,normal,-1.8846995641037358,2.1231734123038954,1.2,0.2093545088684245,0.9125086670201517,1.1909096192509352,197.44530964003394,38.049345556186,1.2,0.5034070196775864,1.1909096192509352
12.15,normal,-1.8785063556636725,2.143239407649701,1.2,0.2165920811371919,0.9246933025343842,1.1916137781232956,197.5584314570786,38.20334535575586,1.2,0.4391387381015071,1.1916137781232956
12.200000000000001,normal,-1.8723131472236085,2.1633054029955083,1.2,0.22427590727475438,0.9412489700936941,1.1924696609360987,197.6442974972737,38.359498954803286,1.2,0.37441584703305186,1.1924696609360987
12.25,normal,-1.8661199387835452,2.1833713983413134,1.2,0.23240271545539865,0.9616732704762243,1.1992122641612786,197.88771473020563,38.51121397053814,1.2,0.5309037217385055,1.1992122641612786
12.3,normal,-1.8599267303434812,2.2034373936871208,1.2,0.2396200109791911,0.9798973124957555,1.2107275167532512,198.09201340153842,38.6582368355545,1.2,0.4876051978723595,1.2107275167532512
12.350000000000001,normal,-1.8537335219034177,2.223503389032927,1.2,0.24588951863971667,0.9957849869061373,1.2255480656595736,198.2609875719432,38.80025095580638,1.2,0.49243324764596474,1.2255480656595736
12.4,normal,-1.847540313463354,2.243569384378733,1.2,0.25116615893836874,1.009341306639862,1.2344007985211294,198.4109976429047,38.936954077635136,1.2,0.5103793053133415,1.2344007985211294
12.450000000000001,normal,-1.8413471050232904,2.2636353797245397,1.2,0.2554069794203599,1.0206540426720316,1.2357129271826133,198.54775513163358,39.06842961073426,1.2,0.5141695647194744,1.2357129271826133
12.5,normal,-1.84,2.2844322213174526,1.2,0.25918584428798874,1.0298091131507165,1.2367438164898532,198.69848383146433,39.19424843582805,1.2,0.5681220704296046,1.2367438164898532
12.55,normal,-1.84,2.3054322213174525,1.2,0.26329680479973333,1.0367146664553035,1.2260331851564585,198.87042137380217,39.31425532427981,1.2,0.632280054006479,1.2260331851564585
12.600000000000001,normal,-1.8400000000000003,2.3264322213174533,1.2,0.2676387769445125,1.0413073361244736,1.2144968291436171,199.05283083311213,39.42894547851594,1.2,0.6784716184729596,1.2144968291436171
12.65,normal,-1.84,2.3474322213174523,1.2,0.2718490279732497,1.0435750990208161,1.2059154631225932,199.240828863652,39.5392125515094,1.2,0.7222774874369081,1.2059154631225932
12.700000000000001,normal,-1.84,2.368432221317453,1.2,0.27579133828432684,1.0435560791801957,1.2010031252774092,199.43307021313353,39.646023175825675,1.2,0.7521997821053859,1.2010031252774092
12.75,normal,-1.8399999999999999,2.389432221317452,1.2,0.2793861853196654,1.041337095790375,1.2000514840748349,199.6202469911062,39.75022813222849,1.2,0.7619360947848034,1.2000514840748349
12.8,normal,-1.8400000000000003,2.410432221317453,1.2,0.2825337337790968,1.0370492726514977,1.202886107086785,199.79019299656363,39.85254411067456,1.2,0.747977720917545,1.202886107086785
12.850000000000001,normal,-1.84,2.431432221317453,1.2,0.28508742847785074,1.0308585796052807,1.2089218038762144,199.9341555042584,39.9536494065229,1.2,0.7080521952297923,1.2089218038762144
12.9,normal,-1.8399999999999999,2.4524322213174528,1.2,0.28687343484390027,1.0229516735394573,1.2172940376931694,200.0510793970677,40.05416688709437,1.2,0.6539769688267054,1.2172940376931694
12.950000000000001,normal,-1.8399999999999999,2.4734322213174527,1.2,0.28771984964618913,1.0135202821042892,1.227016687381797,200.14635753502014,40.15462417752717,1.2,0.6013344799368475,1.227016687381797
13.0,normal,-1.84,2.494432221317453,1.2,0.28748630841079237,1.0027483436754314,1.2305544395681969,200.22644861002868,40.25543822486222,1.2,0.5591739987264049,1.2305544395681969
13.05,normal,-1.84,2.5154322213174525,1.2,0.2860930206915779,0.9908046115519131,1.2299798956420505,200.29721488965404,40.3568179594804,1.2,0.528625870340905,1.2299798956420505
13.100000000000001,normal,-1.8399999999999999,2.5364322213174533,1.2,0.2835452645804853,0.9776992566605975,1.228732442706228,200.36997951928188,40.45883085539011,1.2,0.5229723727860691,1.228732442706228
13.15,normal,-1.84,2.5574322213174523,1.2,0.2799008043081356,0.9633661314273063,1.2266041574533761,200.4488158358316,40.56154878415282,1.2,0.5210679299995964,1.2266041574533761
13.200000000000001,normal,-1.84,2.5784322213174535,1.2,0.2752708457751492,0.9396189173480924,1.2250135728083418,200.9367261647356,40.664159165575725,1.2,0.9222227385728623,1.2250135728083418
13.25,normal,-1.84,2.599432221317452,1.2,0.27160039173973793,0.9194684146208665,1.2114161344513354,201.42558726363154,40.76863237595323,1.2,0.9238132866518589,1.2114161344513354
13.3,normal,-1.84,2.620432221317453,1.2,0.2691124996578562,0.905062939430777,1.190378443028129,201.92840751979702,40.876794215750884,1.2,0.9623920842558448,1.190378443028129
13.350000000000001,normal,-1.84,2.641432221317453,1.2,0.2680930554968711,0.8969250650638712,1.167247708183696,202.47167388556227,40.99031992925121,1.2,1.0460245308394647,1.167247708183696
13.4,normal,-1.8399999999999999,2.6624322213174527,1.2,0.26886918383161557,0.8957089622800145,1.151501490791002,202.8171399852068,41.104072897374834,1.2,0.9266019252189557,1.151501490791002
13.450000000000001,normal,-1.84,2.6834322213174526,1.2,0.2704750141052935,0.8981720236089918,1.1448962611136324,203.25820016625948,41.21920944647264,1.2,1.0055801476400448,1.1448962611136324
13.5,normal,-1.84,2.7044322213174525,1.2,0.2729699745105898,0.903684975745209,1.1475551616729287,203.6929476547667,41.33696301019055,1.2,0.9673683561074704,1.1475551616729287
13.55,normal,-1.84,2.7254322213174524,1.2,0.2763340483654034,0.9117910517167607,1.157932853021599,204.01028206879727,41.45814664013247,1.2,0.8242494632555655,1.157932853021599
13.600000000000001,normal,-1.8399999999999999,2.7464322213174532,1.2,0.2804703490207566,0.9222174820567606,1.1737321833704688,204.17525728613612,41.58255179465144,1.2,0.6274150300954836,1.1737321833704688
13.65,normal,-1.8400000000000003,2.7674322213174527,1.2,0.285166800382474,0.9343336193690324,1.1923661128704424,204.23829490572308,41.70909474334813,1.2,0.44631047429090864,1.1923661128704424
13.700000000000001,normal,-1.84,2.788432221317453,1.2,0.2901375470252726,0.9474262114106133,1.2113449771765594,204.2789745010497,41.83646727161399,1.2,0.3475289087573619,1.2113449771765594
13.75,normal,-1.8400000000000003,2.809432221317452,1.2,0.29505179747085053,0.9606163733863007,1.2035824898614829,204.71238853760752,41.95763837907542,1.2,0.9317668848310541,1.2035824898614829
13.8,normal,-1.84,2.830432221317453,1.2,0.2984422590947822,0.945176726852492,1.2046078199602654,205.50122707430842,42.07482633850778,1.2,1.495377991019008,1.2046078199602654
13.850000000000001,normal,-1.8400000000000003,2.851432221317453,1.2,0.2991652585210697,0.9316511040197293,1.2135777738338491,206.15804298723333,42.19198117356775,1.2,1.4173030353089722,1.2135777738338491
13.9,normal,-1.8400000000000003,2.8724322213174527,1.2,0.29741303245647555,0.9237031817962826,1.1968897534315768,206.6528314388476,42.310855774803045,1.2,1.26576682918567,1.1968897534315768
13.950000000000001,normal,-1.8400000000000003,2.8934322213174526,1.2,0.29357119554791195,0.9205759118295771,1.1754497626006064,207.01291714633172,42.43128360038103,1.2,1.0861686950401068,1.1754497626006064
14.0,normal,-1.84,2.9144322213174525,1.2,0.2881907167237038,0.9212437544506729,1.1579402200236526,208.03737897368805,42.553784336565116,1.2,1.6748198574994198,1.1579402200236526
14.05,normal,-1.84,2.935432221317452,1.2,0.2821066939398119,0.9303151814842516,1.144821483414863,209.00040065311472,42.679605159912256,1.2,1.6912777117007185,1.144821483414863
14.100000000000001,normal,-1.8400000000000003,2.956432221317453,1.2,0.27552343238771687,0.9263613096817462,1.1368155057417244,209.8500983744211,42.808843636856615,1.2,1.636675456401828,1.1368155057417244
14.15,normal,-1.84,2.9774322213174518,1.2,0.26893631002984997,0.922655320741693,1.1366931410891898,210.75986444842874,42.9362791320381,1.2,1.6745195658449,1.1366931410891898
14.200000000000001,normal,-1.8400000000000003,2.998432221317453,1.2,0.26416937344101254,0.9224484794501071,1.1336999428924084,211.60505775740404,43.06636040936958,1.2,1.527092622154107,1.1336999428924084
14.25,normal,-1.84,3.0194322213174525,1.2,0.2614986144311945,0.9249594467416626,1.1387809874905812,212.22551617159215,43.1983168230047,1.2,1.2730734911941899,1.1387809874905812
14.3,normal,-1.8399999999999999,3.0404322213174524,1.2,0.2608826936076489,0.9229935640469658,1.1335164977937748,212.60635304806476,43.335992865666384,1.2,1.06760712019776,1.1335164977937748
14.350000000000001,normal,-1.8399999999999999,3.0614322213174527,1.2,0.26233350801341193,0.9208735108731527,1.1042537379923392,213.01188354839562,43.4817081825052,1.2,1.0101033929915755,1.1042537379923392
14.4,normal,-1.8399999999999999,3.0824322213174526,1.2,0.2656580506346998,0.9198748643355643,1.0876091902501945,213.76428654959406,43.629634641074986,1.2,1.4509027385985216,1.0876091902501945
14.450000000000001,normal,-1.8400000000000003,3.1034322213174526,1.2,0.2692051591719887,0.9212751481573758,1.0833796834030436,214.48345392137895,43.7789511946105,1.2,1.3888875142946457,1.0833796834030436
14.5,normal,-1.8400000000000003,3.124432221317453,1.2,0.27262986638670134,0.9260730651388949,1.0912914399582898,215.19507703894664,43.92906838022259,1.2,1.3975949218041546,1.0912914399582898
14.55,normal,-1.84,3.1454322213174524,1.2,0.27613297779556817,0.9348955201393545,1.1109959971571257,215.90225421148273,44.07994271328248,1.2,1.4283461459384248,1.1109959971571257
14.600000000000001,normal,-1.8399999999999999,3.166432221317453,1.2,0.281319608471109,0.9480029001981665,1.1360609582743306,216.19464761154973,44.23150777648091,1.2,1.019065353012481,1.1360609582743306
14.65,normal,-1.84,3.187432221317452,1.2,0.2907404365029686,0.9301063034486396,1.156971135217146,216.71204699529346,44.379864959146275,1.2,1.2613272744393225,1.156971135217146
14.700000000000001,normal,-1.8400000000000003,3.2084322213174534,1.2,0.3016087294734597,0.913386231486562,1.1627247178034463,217.50639415435492,44.527098019487234,1.2,1.4345121019441565,1.1627247178034463
14.75,normal,-1.8399999999999999,3.229432221317452,1.2,0.3130514223655454,0.9001084223891123,1.1765368782570296,217.94663898393688,44.67111079742034,1.2,1.1058496382772423,1.1765368782570296
14.8,normal,-1.84,3.250432221317453,1.2,0.32399651785349104,0.8894253947444046,1.1962688145077374,218.2996761928287,44.81168191422361,1.2,1.0669736316692595,1.1962688145077374
14.850000000000001,normal,-1.8399999999999999,3.2714322213174523,1.2,0.3341947479528194,0.8818660879045657,1.2130193846701887,218.5764885955721,44.94878147004796,1.2,0.9802210667451421,1.2130193846701887
14.9,normal,-1.8399999999999999,3.2924322213174526,1.2,0.34345333841912185,0.8778797248104122,1.2133942402162385,218.80980467751428,45.082640734260394,1.2,0.9076740695013786,1.2133942402162385
14.950000000000001,normal,-1.8399999999999999,3.3134322213174525,1.2,0.3515963581935039,0.8776841197467993,1.2105027481403474,219.02494617730088,45.213616884885624,1.2,0.8711754155216044,1.2105027481403474
15.0,normal,-1.84,3.3344322213174524,1.2,0.35847206352794053,0.8812154979276874,1.2054584722537371,219.230292583999,45.341748889004734,1.2,0.8487469683615931,1.2054584722537371
15.05,normal,-1.8400000000000003,3.3554322213174523,1.2,0.3639742783652983,0.8881546613137417,1.1991929418813974,219.41731797158428,45.46746880705603,1.2,0.8044045789809214,1.1991929418813974
15.100000000000001,normal,-1.8399999999999999,3.3764322213174527,1.2,0.3680843741472294,0.8979653052534355,1.1924395903824438,219.57536829383332,45.5914682783389,1.2,0.7315121542493213,1.1924395903824438
15.15,normal,-1.8400000000000003,3.3974322213174526,1.2,0.3708660154301309,0.9100041588104182,1.1860105936567318,219.70893352647022,45.714284448088556,1.2,0.6571363462791734,1.1860105936567318
15.200000000000001,normal,-1.84,3.418432221317453,1.2,0.37240968203176905,0.9235811124076119,1.1807879643814785,219.8194156624595,45.83615003028097,1.2,0.5688600492908428,1.1807879643814785
15.25,normal,-1.8399999999999999,3.439432221317452,1.2,0.3728166675434409,0.9376230161717736,1.1774881098005707,219.92227500049393,45.95690787161897,1.2,0.5623855575951333,1.1774881098005707
15.3,normal,-1.8400000000000003,3.460432221317453,1.2,0.3722872763834036,0.9511105885303639,1.1810052107699125,220.42044061206082,46.072333264683884,1.2,0.9587813436112171,1.1810052107699125
15.350000000000001,normal,-1.8400000000000003,3.481432221317453,1.2,0.3701121429785005,0.959169039790813,1.190949565600009,220.92039159324773,46.182882944467174,1.2,0.9853782630201037,1.190949565600009
15.4,normal,-1.8400000000000003,3.5024322213174526,1.2,0.36657723466344105,0.9613690985876775,1.2065513308077376,221.42906601864445,46.2899048948949,1.2,1.0297493732957415,1.2065513308077376
15.450000000000001,normal,-1.8399999999999999,3.5234322213174525,1.2,0.36201964358503125,0.9572650686619748,1.226605082303795,221.92368588200574,46.396109084430904,1.2,1.0530111580849122,1.226605082303795
15.5,normal,-1.8399999999999999,3.5444322213174524,1.2,0.3569515423794631,0.9426242127036479,1.2243743572505106,222.49012746960142,46.500232771547594,1.2,1.13978842201685,1.2243743572505106
15.55,normal,-1.8399999999999999,3.5654322213174523,1.2,0.3519732866713462,0.9249209760285464,1.2232018933522002,223.09272937240257,46.60416370205548,1.2,1.202371058251303,1.2232018933522002
15.600000000000001,normal,-1.84,3.586432221317453,1.2,0.3459911393618612,0.9113700053905218,1.2219663074522187,223.7101169204185,46.709701214502985,1.2,1.2078431147089081,1.2219663074522187
15.65,normal,-1.84,3.6074322213174517,1.2,0.33855377109049745,0.9025051268508828,1.2054683839322053,224.32474825098365,46.81819425997014,1.2,1.215151800380307,1.2054683839322053
15.700000000000001,normal,-1.8399999999999999,3.628432221317453,1.2,0.3295737054936433,0.898218127488341,1.1894740913907849,224.54220744204707,46.92635240826581,1.2,0.8598560510022668,1.1894740913907849
15.75,normal,-1.8400000000000003,3.6494322213174524,1.2,0.3208011684555584,0.8962904505800076,1.1763350491021558,224.7346971420973,47.034722763178884,1.2,0.822246922216652,1.1763350491021558
15.8,normal,-1.84,3.6704322213174523,1.2,0.3187146554883617,0.8956794360664542,1.1680376777892312,224.93417355192273,47.14465541792042,1.2,0.8089527392911335,1.1680376777892312
15.850000000000001,normal,-1.84,3.691432221317452,1.2,0.31778830365347066,0.8955998875894715,1.165553542542296,225.12074823462294,47.25644883414569,1.2,0.7334251672992168,1.165553542542296
15.9,normal,-1.84,3.712432221317452,1.2,0.3179022600026541,0.8958067444901203,1.1686318603716626,225.2750638613881,47.36967754323336,1.2,0.6062579812813749,1.1686318603716626
15.950000000000001,normal,-1.84,3.733432221317453,1.2,0.3190543409689063,0.8965675290063391,1.1696807187240474,225.41283028594955,47.48388587949694,1.2,0.5947785868110819,1.1696807187240474
16.0,normal,-1.84,3.754432221317452,1.2,0.321152599706965,0.8984871051172674,1.1514593068119316,225.6020867399626,47.599178243486385,1.2,0.7923957119341034,1.1514593068119316
16.05,normal,-1.84,3.775432221317452,1.2,0.32409612657700826,0.9022418006945514,1.1381068761886282,225.9303833705451,47.71764862228409,1.2,1.0287998247826458,1.1381068761886282
16.1,normal,-1.84,3.796432221317453,1.2,0.3278271246309672,0.9083568502411288,1.1276700728045193,226.37731723523865,47.84099540919488,1.2,1.152974578067592,1.1276700728045193
16.150000000000002,normal,-1.84,3.817432221317453,1.2,0.3322029648217487,0.9171147582712691,1.122330063943353,226.8182820077516,47.96921623973869,1.2,1.128068088203468,1.122330063943353
16.2,normal,-1.84,3.838432221317452,1.2,0.33702819129186923,0.9170689214658903,1.1223031199432822,227.22897414196512,48.10300164004833,1.2,1.0883445192796457,1.1223031199432822
16.25,normal,-1.84,3.8594322213174523,1.2,0.3423906821946783,0.9140788666169444,1.127715110731719,227.59219397472796,48.24341388824257,1.2,1.0149840357943076,1.127715110731719
16.3,normal,-1.84,3.880432221317453,1.2,0.3485644170532575,0.9100459695988758,1.138650273169952,228.13344405784105,48.384679002170365,1.2,1.2132980495692334,1.138650273169952
16.35,normal,-1.84,3.901432221317453,1.2,0.3546867234057783,0.9056485595486119,1.1550878935181677,228.4805689282131,48.52687483161812,1.2,0.9793683587805448,1.1550878935181677
16.400000000000002,normal,-1.84,3.922432221317453,1.2,0.3610716706216254,0.9017134163161429,1.1755286987872373,228.65698264991357,48.667986144550696,1.2,0.671484462574943,1.1755286987872373
16.45,normal,-1.8399999999999999,3.9434322213174524,1.2,0.36762363787134716,0.8991431606661981,1.1973647026432197,228.76110476523309,48.807446822598045,1.2,0.4289684449179411,1.1973647026432197
16.5,normal,-1.8399999999999999,3.9644322213174523,1.2,0.3742200851285086,0.8986109641034397,1.2184692240426471,228.88144978065003,48.94352268719355,1.2,0.5859433129645009,1.2184692240426471
16.55,normal,-1.8399999999999999,3.9854322213174522,1.2,0.3804738109912625,0.9006236915379373,1.2304423107431357,229.04512242724098,49.0753271102246,1.2,0.7031323013602611,1.2304423107431357
16.6,normal,-1.8399999999999999,4.006432221317453,1.2,0.38605995762620104,0.9054951209873419,1.2360096683005484,229.24401981464285,49.20291234061447,1.2,0.7596568894407764,1.2360096683005484
16.650000000000002,normal,-1.8399999999999999,4.027432221317453,1.2,0.39077123160444327,0.9134584848275076,1.2412150239768331,229.46313817214437,49.32644693594062,1.2,0.8001138843427341,1.2412150239768331
16.7,normal,-1.8400000000000003,4.0484322213174515,1.2,0.3944528666925178,0.9245158334594039,1.245768731339228,229.68487158675035,49.446313448371754,1.2,0.811224859013978,1.245768731339228
16.75,normal,-1.8399999999999999,4.069432221317453,1.2,0.39699642658025935,0.9384812255347843,1.240755228420141,229.89379974052338,49.5631311663122,1.2,0.7957057593305077,1.240755228420141
16.8,normal,-1.8399999999999999,4.090432221317453,1.2,0.39834265787420076,0.9550209486312504,1.2354454971740618,230.44425680258152,49.67212951099133,1.2,1.1832406775434716,1.2354454971740618
16.85,normal,-1.8400000000000003,4.111432221317452,1.2,0.39713230467668414,0.9501450002999878,1.2312078148659353,230.94858785476052,49.774970445546316,1.2,1.1386650247091183,1.2312078148659353
16.900000000000002,normal,-1.8399999999999999,4.132432221317454,1.2,0.39349191013518514,0.9334365736490162,1.2282787334796454,231.84457934073873,49.873027511684185,1.2,1.596333605707441,1.2282787334796454
16.95,normal,-1.8400000000000003,4.153432221317453,1.2,0.3886825447716412,0.9217121482530057,1.226849146913677,232.690174843723,49.971370057293164,1.2,1.5343221191099325,1.226849146913677
17.0,normal,-1.8400000000000003,4.174432221317453,1.2,0.3827551327694495,0.9149823289576593,1.227041147498771,233.4830871818918,50.073645748476196,1.2,1.4518935801743234,1.227041147498771
17.05,normal,-1.8400000000000003,4.1954322213174535,1.2,0.3759393556021852,0.913200813334264,1.21665103827453,233.88614927735915,50.177994651668385,1.2,1.0467948436322358,1.21665103827453
17.1,normal,-1.8400000000000003,4.216432221317453,1.2,0.36793170769270067,0.9150107778494778,1.2016382936864831,234.20550857015698,50.28508056553123,1.2,0.9287097626138694,1.2016382936864831
17.150000000000002,normal,-1.8400000000000003,4.237432221317453,1.2,0.3592558739740844,0.9194649675622226,1.188011434293304,234.49408989827413,50.395246961246364,1.2,0.9484774741373154,1.188011434293304
17.2,normal,-1.84,4.258432221317452,1.2,0.350412266191578,0.9255786945475344,1.1800697721684767,234.82757316977813,50.50692252523655,1.2,1.0970783671186983,1.1800697721684767
17.25,normal,-1.84,4.279432221317453,1.2,0.34150118423023046,0.9295326858000963,1.178591090026621,235.19064276858307,50.61639740326677,1.2,1.1805388775194878,1.178591090026621
17.3,normal,-1.84,4.300432221317452,1.2,0.334143521669453,0.9311258147992159,1.1833055672640647,235.54282003074056,50.72494055271833,1.2,1.1700466420066526,1.1833055672640647
17.35,normal,-1.84,4.321432221317453,1.2,0.3283301469494472,0.9230078591483175,1.193028374449697,235.81491958767063,50.83413916467357,1.2,1.0248182486354662,1.193028374449697
17.400000000000002,normal,-1.84,4.342432221317454,1.2,0.3239425409745966,0.9176559486345701,1.2060402859265067,235.98529065803376,50.94523926405682,1.2,0.7892260827284338,1.2060402859265067
17.45,normal,-1.84,4.363432221317453,1.2,0.32079001873163293,0.9147442364615506,1.22050808484042,236.0804073001949,51.05877582623074,1.2,0.5310219568941772,1.22050808484042
17.5,normal,-1.84,4.384432221317452,1.2,0.31865275599491,0.9137993863461968,1.2130528876160038,236.1657857437425,51.17520164615691,1.2,0.4516633589016682,1.2130528876160038
17.55,normal,-1.84,4.405432221317453,1.2,0.3173950350709536,0.9145344005280396,1.204486270161516,236.3069839237996,51.29467347686627,1.2,0.6546225808623228,1.204486270161516
17.6,normal,-1.84,4.426432221317453,1.2,0.31689087991665776,0.9168576975534417,1.1986529999764501,236.53120524398344,51.41739150729708,1.2,0.8669906984983525,1.1986529999764501
17.650000000000002,normal,-1.84,4.447432221317453,1.2,0.31706336856775713,0.9207868958929222,1.1960368762249562,236.8178171818063,51.54349615518879,1.2,0.9895311483534035,1.1960368762249562
17.7,normal,-1.84,4.468432221317451,1.2,0.31794189518460136,0.9264512278714077,1.1967551890704575,237.11770503078924,51.6731351875753,1.2,1.0146778906064937,1.1967551890704575
17.75,normal,-1.84,4.489432221317452,1.2,0.3195776275383285,0.9340658380745912,1.2005381794155825,237.37742461723326,51.806470617740366,1.2,0.944991033568118,1.2005381794155825
17.8,normal,-1.84,4.510432221317452,1.2,0.321969725930665,0.9438877597442068,1.207525284425828,237.74808853987193,51.93941508184359,1.2,1.1100175288617231,1.207525284425828
17.85,normal,-1.84,4.531432221317452,1.2,0.32420058227438814,0.9553531922404959,1.2194555246532248,238.18587434303632,52.0665320468977,1.2,1.1729775080214262,1.2194555246532248
17.900000000000002,normal,-1.84,4.552432221317453,1.2,0.32497237905137044,0.9631243074791456,1.2345134938408322,238.54266411344122,52.18813216739386,1.2,1.0203980765142593,1.2345134938408322
17.95,normal,-1.8399999999999999,4.573432221317453,1.2,0.3243639271928636,0.9677394689744445,1.2384437876818795,238.8361701133113,52.30414909048934,1.2,0.8677533602610581,1.2384437876818795
18.0,normal,-1.8399999999999999,4.594432221317453,1.2,0.32243841955282526,0.9697768981915953,1.2314441536500185,239.08701222186795,52.41451458386912,1.2,0.7704683045373789,1.2314441536500185
18.05,normal,-1.84,4.6154322213174535,1.2,0.31927099314738283,0.9697817935226305,1.2252829976077935,239.32664024204774,52.519284191270174,1.2,0.7695309552725883,1.2252829976077935
18.1,normal,-1.8399999999999999,4.6364322213174525,1.2,0.31491358985328954,0.9659150548102466,1.2206222134063538,239.54868920765318,52.619124599548336,1.2,0.7641162945205109,1.2206222134063538
18.150000000000002,normal,-1.8399999999999999,4.657432221317452,1.2,0.3094929156675462,0.9584338903010248,1.2176620347475682,239.7332717971585,52.71480476950197,1.2,0.7198121419438642,1.2176620347475682
18.2,normal,-1.84,4.678432221317451,1.2,0.3032155662910089,0.948618923288187,1.2156943175352835,239.97654580488322,52.80780238555267,1.2,0.8063841713593808,1.2156943175352835
18.25,normal,-1.8400000000000003,4.699432221317452,1.2,0.2973722479025648,0.9421818540872076,1.2142100304709074,240.16933169135007,52.89912216363161,1.2,0.7208987870187427,1.2142100304709074
18.3,normal,-1.8400000000000003,4.720432221317452,1.2,0.2920847043477765,0.9393743825004053,1.2004184028795069,240.62676478574826,52.98242284333104,1.2,0.9599319995923213,1.2004184028795069
18.35,normal,-1.8399999999999999,4.741432221317454,1.2,0.2882712992637661,0.9383177289306204,1.188196477278157,241.56430901211982,53.0641613739159,1.2,1.5852200615403418,1.188196477278157
18.400000000000002,normal,-1.8399999999999999,4.762432221317454,1.2,0.2878210063679488,0.9413092694261713,1.177992727411541,241.98857113913914,53.151018478200996,1.2,0.9854568471064198,1.177992727411541
18.45,normal,-1.84,4.783432221317453,1.2,0.28981080264135917,0.9483755174985562,1.1710204926100318,242.3080732682136,53.242909114978204,1.2,0.9635681611737924,1.1710204926100318
18.5,normal,-1.84,4.804432221317453,1.2,0.2941412478405412,0.9578598918536259,1.1693300114827259,242.6778762335523,53.32567007289291,1.2,1.099232780062222,1.1693300114827259
18.55,normal,-1.84,4.8254322213174525,1.2,0.2981278994411179,0.9631748602451957,1.1723931320047007,243.12218956552886,53.39834756078386,1.2,1.2330865200930683,1.1723931320047007
18.6,normal,-1.84,4.846432221317452,1.2,0.3017232136156703,0.9697601237541331,1.1790248379029054,243.59789960629382,53.46405164041613,1.2,1.2634385521764977,1.1790248379029054
18.650000000000002,normal,-1.84,4.867432221317452,1.2,0.3049143434685869,0.9775206023276763,1.1868023618402512,244.03873917844237,53.530486403023325,1.2,1.185396296152272,1.1868023618402512
18.7,normal,-1.84,4.888432221317451,1.2,0.3076786229861953,0.9834207544719302,1.1865197306501192,244.39065740744576,53.59874125566044,1.2,1.0292078418051942,1.1865197306501192
18.75,normal,-1.84,4.909432221317453,1.2,0.30997568059871117,0.9836638398548025,1.189215342178597,244.55858969399569,53.662599302157005,1.2,0.7561102007970367,1.189215342178597
18.8,normal,-1.84,4.930432221317453,1.2,0.31311679081523996,0.9814789246778075,1.1947087051728413,244.71919451444955,53.722982084893665,1.2,0.7352250221101365,1.1947087051728413
18.85,normal,-1.84,4.951432221317454,1.2,0.31692265395455016,0.9770573021960731,1.202384163660941,244.86645412824504,53.78049366173128,1.2,0.7006689010162201,1.202384163660941
18.900000000000002,normal,-1.84,4.972432221317454,1.2,0.3211798890599437,0.9707128386663846,1.2113662635454074,244.9952150237479,53.83607044143588,1.2,0.6433959564525219,1.2113662635454074
18.95,normal,-1.84,4.993432221317452,1.2,0.3256728571503915,0.9628298926422438,1.2137722647302172,245.1048045522752,53.89214931717465,1.2,0.5762979154044199,1.2137722647302172
19.0,normal,-1.84,5.014432221317452,1.2,0.3302096740692659,0.9538110794099115,1.2099608423969463,245.19819475035985,53.949931887287875,1.2,0.5433465950511138,1.2099608423969463
19.05,normal,-1.84,5.035432221317452,1.2,0.33463915452884696,0.9440367637368263,1.2049276511234601,245.5380334229514,54.00584730553294,1.2,0.9075853330634718,1.2049276511234601
19.1,normal,-1.8235677786825464,5.039999999999998,1.2,0.3407085347569449,0.9393028836368076,1.1995239157931186,245.84513373995367,54.063469721210836,1.2,0.8731479571145565,1.1995239157931186
19.150000000000002,normal,-1.8025677786825456,5.039999999999999,1.2,0.3481518374242253,0.9395415122884567,1.1945956379949842,246.1104345567971,54.12530394486649,1.2,0.8127481731626958,1.1945956379949842
19.200000000000003,normal,-1.7815677786825466,5.039999999999998,1.2,0.35703083826280496,0.9445337081099996,1.190868170732484,246.3299446684842,54.19158595817554,1.2,0.730045009882417,1.190868170732484
19.25,normal,-1.7605677786825475,5.039999999999998,1.2,0.36716782740715104,0.9539386960910665,1.1888422202707742,246.44242058119707,54.255197350386744,1.2,0.5683672807678899,1.1888422202707742
19.3,normal,-1.7395677786825468,5.039999999999999,1.2,0.37728866690692,0.9619281090860383,1.1887262463195556,246.5472052830405,54.31576581296598,1.2,0.5441104662198734,1.1887262463195556
19.35,normal,-1.718567778682546,5.039999999999999,1.2,0.38728943580997377,0.9683763225283022,1.1904896276460069,246.6398755281627,54.372871971304065,1.2,0.4999875444529788,1.1904896276460069
19.400000000000002,normal,-1.6975677786825452,5.039999999999999,1.2,0.3970933410722287,0.9731066340255481,1.1938587438400434,246.72008753946386,54.42610354421982,1.2,0.44447441776993435,1.1938587438400434
19.450000000000003,normal,-1.6765677786825461,5.039999999999999,1.2,0.4066503924430127,0.9759039681153685,1.2043370582507746,247.20136299648715,54.46998061044827,1.2,0.9118550860014307,1.2043370582507746
19.5,normal,-1.6555677786825471,5.039999999999999,1.2,0.41455602453397544,0.9765386516278907,1.19947794340577,247.5956988146645,54.51937866556287,1.2,0.9358281917530593,1.19947794340577
19.55,normal,-1.6345677786825463,5.039999999999999,1.2,0.4208648523884741,0.9748024841610516,1.194619677767984,247.7275770211411,54.56713522017376,1.2,0.6632002740156466,1.194619677767984
19.6,normal,-1.6135677786825455,5.039999999999999,1.2,0.4270498884021978,0.9705533570258316,1.1923467766114126,247.89482601468148,54.61298939153769,1.2,0.7578865092708373,1.1923467766114126
19.650000000000002,normal,-1.5925677786825465,5.04,1.2,0.4331681478728382,0.9637582183971287,1.1928285964122525,248.07475223663283,54.6579974190186,1.2,0.7894216683198106,1.1928285964122525
19.700000000000003,normal,-1.5715677786825457,5.039999999999999,1.2,0.4392383183920526,0.9545205489944428,1.1958625689547937,248.2422775976275,54.704614547541894,1.2,0.7619906872788599,1.1958625689547937
19.75,normal,-1.5505677786825467,5.039999999999999,1.2,0.4452430283242174,0.943082130384894,1.199626191203604,248.9526069677915,54.752684088869444,1.2,1.3708155902844443,1.199626191203604
19.8,normal,-1.529567778682546,5.039999999999999,1.2,0.4509746584133919,0.9352607878769701,1.2032404367732124,249.3775862959017,54.797764881447684,1.2,1.1469674574682742,1.2032404367732124
19.85,normal,-1.5085677786825469,5.039999999999999,1.2,0.4560644427821864,0.9311217825647831,1.2059324524182602,249.7702837835618,54.842712576845955,1.2,1.1268401183292127,1.2059324524182602
19.900000000000002,normal,-1.487567778682546,5.039999999999999,1.2,0.4604224697450069,0.9307017481059321,1.20667181801121,250.14970164472487,54.89383893257858,1.2,1.1224008690725435,1.20667181801121
19.950000000000003,normal,-1.466567778682545,5.039999999999999,1.2,0.46401729816488285,0.9339971974577845,1.20266770014542,250.67835942020213,54.95750193613744,1.2,1.3083855487422045,1.20266770014542
20.0,normal,-1.4455677786825463,5.039999999999999,1.2,0.46698346822800546,0.9409413639394228,1.193512174008182,251.1965446168815,55.03539590789488,1.2,1.3006249507269438,1.193512174008182
20.05,normal,-1.4245677786825472,5.039999999999999,1.2,0.4694148578325579,0.9513939345769191,1.1832625420148313,251.75765198960596,55.12149254526912,1.2,1.3281069997456374,1.1832625420148313
20.1,normal,-1.4035677786825465,5.039999999999999,1.2,0.4706700325479979,0.9596292807141069,1.1775163760755931,252.31302349641993,55.21676340402671,1.2,1.2739775831275106,1.1775163760755931
20.150000000000002,normal,-1.3825677786825457,5.039999999999999,1.2,0.47111637210828683,0.9657228003914287,1.1769037573162509,252.8272123093539,55.32195311029997,1.2,1.1868181306501964,1.1769037573162509
20.200000000000003,normal,-1.361567778682545,5.039999999999999,1.2,0.47114760017762747,0.9697352055566093,1.1857364571697997,253.40359094192837,55.43227429369341,1.2,1.328626327128926,1.1857364571697997
20.25,normal,-1.3405677786825476,5.039999999999999,1.2,0.47106456544666253,0.97174312643861,1.2013234548999214,253.77651065840672,55.54802355114034,1.2,1.0925923756215978,1.2013234548999214
20.3,normal,-1.3195677786825468,5.039999999999999,1.2,0.47105039381464364,0.9718780795367339,1.2057686333031346,254.00642973677805,55.669244499532624,1.2,0.8741506519447994,1.2057686333031346
20.35,normal,-1.298567778682546,5.039999999999999,1.2,0.4711488592857552,0.9703559344132215,1.2118803889084837,254.34412168931527,55.798892108636686,1.2,0.9538628716669756,1.2118803889084837
20.400000000000002,normal,-1.2775677786825452,5.039999999999999,1.2,0.47126483699383837,0.9674828951104302,1.219075472921361,254.74039095547656,55.9369539085109,1.2,0.9893007156428869,1.219075472921361
20.450000000000003,normal,-1.256567778682546,5.039999999999999,1.2,0.47129776239384624,0.963678634633468,1.226554095415675,255.14056807982237,56.083326405715574,1.2,0.979249011998966,1.226554095415675
20.5,normal,-1.2355677786825472,5.039999999999999,1.2,0.47121403041080284,0.9336149758928365,1.2335974623358013,255.41065042033142,56.230378616640486,1.2,0.8687408940159624,1.2335974623358013
20.55,normal,-1.2145677786825464,5.039999999999999,1.2,0.47223448189092565,0.9028510587621259,1.2396367580609984,255.65790502159666,56.37797817462034,1.2,0.8604912496464182,1.2396367580609984
20.6,normal,-1.1935677786825456,5.039999999999999,1.2,0.4741686393160601,0.8765822014858096,1.2442674336252852,255.88468008002758,56.52592859360495,1.2,0.8424616148046177,1.2442674336252852
20.650000000000002,normal,-1.1725677786825466,5.039999999999999,1.2,0.47687897342567676,0.8547106783566989,1.2423305684344146,256.3062112942932,56.670670379378414,1.2,1.1498657226603823,1.2423305684344146
20.700000000000003,normal,-1.151567778682546,5.039999999999999,1.2,0.4802173252399231,0.8379116621864959,1.2345564737244639,256.6103076996782,56.8179705331236,1.2,0.9459089699479091,1.2345564737244639
20.75,normal,-1.1305677786825468,5.039999999999999,1.2,0.4845626667457846,0.8248860987645383,1.2222799548237788,256.84093818788097,56.96851397997514,1.2,0.8331392041948714,1.2222799548237788
20.8,normal,-1.1095677786825457,5.039999999999999,1.2,0.49000318589251,0.8150007935599255,1.2071936668479897,256.99857785889225,57.122769988887995,1.2,0.6969495884366853,1.2071936668479897
20.85,normal,-1.088567778682547,5.039999999999999,1.2,0.49669302891597783,0.8074380414719653,1.1914834996395538,257.10835123866985,57.28096364111192,1.2,0.5890130596384623,1.1914834996395538
20.900000000000002,normal,-1.0675677786825462,5.039999999999999,1.2,0.5048049958551354,0.8012589646470332,1.1775821928027375,257.21634545724663,57.44310295578727,1.2,0.5903119370629988,1.1775821928027375
20.950000000000003,normal,-1.0465677786825454,5.039999999999999,1.2,0.5144700604391995,0.7955290053264255,1.1670613185004293,257.33894750715797,57.60872956733498,1.2,0.6287370132724699,1.1670613185004293
21.0,normal,-1.0255677786825463,5.039999999999999,1.2,0.5256324785148246,0.7898469224394689,1.1604763889507832,257.4637903589484,57.776852151542215,1.2,0.6427936905382536,1.1604763889507832
21.05,normal,-1.0045677786825473,5.039999999999999,1.2,0.5380541062232377,0.7843780044132469,1.1580924138639934,257.59406502229575,57.946803305181376,1.2,0.657449639982596,1.1580924138639934
21.1,normal,-0.9835677786825464,5.039999999999999,1.2,0.5514325212454264,0.7792818836829214,1.1598046958197232,257.7212099854155,58.118325694923605,1.2,0.6532227268856288,1.1598046958197232
21.150000000000002,normal,-0.9625677786825456,5.039999999999999,1.2,0.5654393637111277,0.7747072304779066,1.1651374843554299,257.83329258181595,58.29156854519786,1.2,0.6238501761847062,1.1651374843554299
21.200000000000003,normal,-0.9415677786825449,5.039999999999999,1.2,0.5797558157902892,0.7707871064562357,1.173321963307858,258.2231181763965,58.46717157369546,1.2,1.0102808440715974,1.173321963307858
21.25,normal,-0.9205677786825476,5.039999999999999,1.2,0.5946557855103789,0.7676350167927717,1.1832905699325158,258.5414052422227,58.64647788014445,1.2,0.885776533017337,1.1832905699325158
21.3,normal,-0.8995677786825469,5.039999999999999,1.2,0.6099465598059608,0.7654580323526607,1.1989198191382697,259.1889419446226,58.82459056247349,1.2,1.3402468297342245,1.1989198191382697
21.35,normal,-0.8785677786825461,5.039999999999999,1.2,0.6245508395841534,0.7649743141666421,1.2168361757057053,259.98459260624907,59.002278228213484,1.2,1.5526406836662574,1.2168361757057053
21.400000000000002,normal,-0.8575677786825452,5.039999999999999,1.2,0.6387928082399251,0.7666679388825888,1.2147884647590217,260.72343154783056,59.18194080008146,1.2,1.5034405834152733,1.2147884647590217
21.450000000000003,normal,-0.8365677786825462,5.039999999999999,1.2,0.6525582524027336,0.770692066204864,1.181983534608133,261.46632300750775,59.36351112199278,1.2,1.4575066631326192,1.181983534608133
21.5,normal,-0.8155677786825473,5.039999999999999,1.2,0.6658169031703864,0.776922785382405,1.1554620492176286,262.4813368526364,59.54721174505002,1.2,1.7582765773877156,1.1554620492176286
21.55,normal,-0.7945677786825466,5.039999999999999,1.2,0.6793127896855212,0.7849764137871826,1.136477200734157,263.38681533272995,59.73525164455992,1.2,1.635208926704836,1.136477200734157
21.6,normal,-0.7735677786825457,5.039999999999999,1.2,0.6926415710496677,0.7943250755186768,1.1274271211758542,264.0444550083435,59.92662484018033,1.2,1.3269619843873302,1.1274271211758542
21.650000000000002,compressed,-0.7525677786825467,5.039999999999999,1.2,0.9978782671063495,0.8043121559687016,1.1256992530793102,265.4206379918695,60.12399300571468,1.2,2.1610219096226815,1.1256992530793102
21.700000000000003,compressed,-0.7315677786825459,5.039999999999999,1.2,0.995541622130942,0.8133476398496575,1.1288786248061846,266.2873017537768,60.32820323357604,1.2,1.6924422166090345,1.1288786248061846
21.75,compressed,-0.7105677786825468,5.039999999999999,1.2,0.9919503038170504,0.8205445885422886,1.088093522574799,266.9632127703,60.53765483843469,1.2,1.387961535629752,1.088093522574799
21.8,compressed,-0.689567778682546,5.039999999999999,1.2,0.9869832878277217,0.8259899705881912,1.0388128393440361,267.8650326289091,60.7422245266766,1.2,1.653810797445979,1.0388128393440361
21.85,compressed,-0.668567778682547,5.039999999999999,1.2,0.9811628470528391,0.8297784631691012,0.9880766296838812,268.7025683707428,60.94347302502103,1.2,1.593255365306422,0.9880766296838812
21.900000000000002,compressed,-0.6475677786825461,5.039999999999999,1.2,0.9745075459959054,0.8320041497088531,0.9365583285849794,269.42071302602795,61.14383142801765,1.2,1.4482018963125944,0.9365583285849794
21.950000000000003,compressed,-0.6265677786825454,5.039999999999999,1.2,0.9668416751559855,0.8327513197128766,0.8861886903239753,270.0808636664855,61.34321738524932,1.2,1.392523401434786,0.8861886903239753
22.0,compressed,-0.6055677786825461,5.039999999999999,1.2,0.958030834959051,0.8320926321019875,0.8387250989506526,270.73364388790753,61.541477152126745,1.2,1.3850842973871922,0.8387250989506526
22.05,compressed,-0.5845677786825468,5.039999999999999,1.2,0.9480393315709904,0.8300894558254555,0.7957168673838598,271.3856224871065,61.73869855172169,1.2,1.4351538254645528,0.7957168673838598
22.1,compressed,-0.5635677786825461,5.039999999999999,1.2,0.9369052690936692,0.8267951763347201,0.7585574753442339,272.03899011508446,61.935298204433366,1.2,1.4783176675442469,0.7585574753442339
22.150000000000002,compressed,-0.5425677786825454,5.039999999999999,1.2,0.9246801200914172,0.8222630124317944,0.7220048518400742,272.6131625042158,62.13283737143355,1.2,1.4113766249655206,0.7220048518400742
22.200000000000003,compressed,-0.5215677786825444,5.039999999999999,1.2,0.9126381269749435,0.8165752810258065,0.6874503979700554,273.1402722716035,62.33194595719949,1.2,1.3606384832781795,0.6874503979700554
22.25,compressed,-0.5005677786825473,5.039999999999999,1.2,0.9005278483568946,0.8098488302865796,0.6626383286313656,273.90681760922934,62.52848252174384,1.2,1.6545950097185638,0.6626383286313656
22.3,compressed,-0.47956777868254646,5.039999999999999,1.2,0.8866999775621286,0.8022697279907374,0.64813223923276,274.59630476307564,62.72415783185272,1.2,1.594532120766671,0.64813223923276
22.35,compressed,-0.4585677786825456,5.039999999999999,1.2,0.8709763365152966,0.7941244888940202,0.6445711547727455,275.2211428796497,62.920992571251034,1.2,1.5258788293148142,0.6445711547727455
22.400000000000002,compressed,-0.437567778682545,5.039999999999999,1.2,0.8532362981779847,0.7858379829442215,0.6525923880154454,275.798900232854,63.12104576616783,1.2,1.4605033928629045,0.6525923880154454
22.450000000000003,compressed,-0.41656777868254596,5.039999999999999,1.2,0.8334475651588511,0.7780128997837257,0.6725290276873369,276.50003296526097,63.323506336938586,1.2,1.6272132206003929,0.6725290276873369
22.5,compressed,-0.39556777868254694,5.039999999999999,1.2,0.8130063699040319,0.7716154477067017,0.7005048629776849,277.3920838735453,63.529278302279785,1.2,1.8335933681145644,0.7005048629776849
22.55,compressed,-0.3745677786825461,5.039999999999999,1.2,0.7941013495006592,0.7677054938766121,0.737324886401943,278.7869451446153,63.7358347594527,1.2,2.2892453559437924,0.737324886401943
22.6,compressed,-0.35356777868254524,5.039999999999999,1.2,0.7767094646567625,0.7666680853524919,0.7838139701985364,280.3002732812021,63.945456842153085,1.2,2.3567465703465134,0.7838139701985364
22.650000000000002,compressed,-0.3325677786825462,5.039999999999999,1.2,0.7608449937985542,0.7688681839518263,0.8363423236047717,281.35731733334546,64.15400881943435,1.2,1.92848978784165,0.8363423236047717
22.700000000000003,compressed,-0.31156777868254537,5.039999999999999,1.2,0.7459156403345446,0.7731707021499099,0.8970191906901739,282.245715344568,64.36353148429986,1.2,1.6982233314947082,0.8970191906901739
22.75,compressed,-0.2905677786825464,5.039999999999999,1.2,0.731539358601536,0.7770290791196921,0.9646308129083397,283.27265892420644,64.5751691415998,1.2,1.838088816429377,0.9646308129083397
22.8,compressed,-0.2695677786825457,5.039999999999999,1.2,0.7172050399806833,0.780735384320751,1.0154558795012216,284.32782630938016,64.78952356553474,1.2,1.8258224769979712,1.0154558795012216
22.85,compressed,-0.24856777868254673,5.039999999999999,1.2,0.702261520826057,0.7849082532346459,0.9815918418032554,285.4861272630052,65.00819866831493,1.2,2.010349158995371,0.9815918418032554
22.900000000000002,compressed,-0.22756777868254588,5.039999999999999,1.2,0.6868459263460512,0.7900755482584789,0.9570759989444774,286.71190853870166,65.22993913583522,1.2,2.139747678418455,0.9570759989444774
22.950000000000003,compressed,-0.20656777868254503,5.039999999999999,1.2,0.6720462105427896,0.7966746701495349,0.9332551384004791,287.7750845814789,65.45465674443753,1.2,1.9223026141115842,0.9332551384004791
23.0,compressed,-0.185567778682546,5.039999999999999,1.2,0.6591702215639238,0.8074944017293904,0.9097051801218551,288.8891266799383,65.6825493100734,1.2,1.9822886488883769,0.9097051801218551
23.05,compressed,-0.16456777868254702,5.039999999999999,1.2,0.6486231550585139,0.8229486183083894,0.8865685341986042,289.9728297609052,65.91073031617177,1.2,1.9039845861772513,0.8865685341986042
23.1,compressed,-0.14356777868254617,5.039999999999999,1.2,0.6409736053891095,0.8426241193274782,0.8644386620797608,290.9382928366088,66.14053667814674,1.2,1.6885908435818073,0.8644386620797608
23.150000000000002,compressed,-0.12256777868254551,5.039999999999999,1.2,0.6359496999300976,0.866190350859636,0.8443864099128964,291.66971382934685,66.37115544984978,1.2,1.4839011417498835,0.8443864099128964
23.200000000000003,compressed,-0.10156777868254466,5.039999999999999,1.2,0.632920035971544,0.8934104538252698,0.8280039025226272,292.4634673522081,66.60339753871078,1.2,1.6336230433780805,0.8280039025226272
23.25,compressed,-0.08056777868254748,5.039999999999999,1.2,0.631471683236252,0.9241562172374416,0.8175358993083329,293.36862234466287,66.83755408323307,1.2,1.7739619057723246,0.8175358993083329
23.3,compressed,-0.05956777868254664,5.039999999999999,1.2,0.6312369402599065,0.9579763677182891,0.822066947782907,294.9380127593397,67.06741359975773,1.2,2.467458467164049,0.822066947782907
23.35,compressed,-0.03856777868254579,5.039999999999999,1.2,0.6315798355977108,0.9890252422997841,0.8429542773360077,296.1659756352826,67.29419126341021,1.2,2.117686997453881,0.8429542773360077
23.400000000000002,column,-0.017567778682544936,5.039999999999999,1.2,0.6417334358847222,1.017720527347253,0.8782202675415084,297.3740812982999,67.51850759651579,1.2,2.0926717186672503,0.8782202675415084
23.450000000000003,column,0.0034322213174540206,5.039999999999998,1.2,0.6425170585951478,1.0454342183893606,0.9252202898215187,298.60255511030925,67.73650201852907,1.2,2.078028580569266,0.9252202898215187
23.5,column,0.02443222131745304,5.039999999999999,1.2,0.6434554395875478,1.0727643813140024,0.9818329423612748,299.98373072885903,67.94386405286883,1.2,2.304591211524331,0.9818329423612748
23.55,column,0.045432221317453836,5.039999999999998,1.2,0.6433223217483641,1.1002703192189052,1.0461297474749232,301.3002171328685,68.14199734020427,1.2,2.248349321287908,1.0461297474749232
23.6,column,0.06643222131745463,5.039999999999999,1.2,0.6421747023751287,1.1284281618291179,1.1136869486721201,302.6025930343799,68.33310599424465,1.2,2.2342780303276704,1.1136869486721201
23.650000000000002,column,0.08743222131745365,5.039999999999999,1.2,0.640553694125723,1.1576218218270846,1.1591664832184436,303.94109879289726,68.51948338211969,1.2,2.2046655849481516,1.1591664832184436
23.700000000000003,column,0.10843222131745445,5.039999999999999,1.2,0.6383098539432905,1.1870279395797998,1.1075014953964368,305.197928276543,68.69868548263557,1.2,2.169984480553867,1.1075014953964368
23.75,column,0.12943222131745347,5.039999999999999,1.2,0.6359639550154287,1.2141645610352427,1.07069421711107,306.689908879871,68.86622693241704,1.2,2.2768876286600634,1.07069421711107
23.8,column,0.15043222131745426,5.039999999999999,1.2,0.6339940636228623,1.2370280373849702,1.0483912190554838,308.32954976116145,69.01675014847493,1.2,2.4756573781143527,1.0483912190554838
23.85,column,0.17143222131745328,5.039999999999999,1.2,0.6322372200005344,1.255235388951045,1.038053914926455,309.9219298809079,69.15685538930404,1.2,2.436908519952928,1.038053914926455
23.900000000000002,column,0.19243222131745408,5.039999999999999,1.2,0.6303809749710595,1.2686412785613141,1.0000595075571803,311.4136300866873,69.29510105351802,1.2,2.360475446923671,1.0000595075571803
23.950000000000003,column,0.21343222131745487,5.039999999999999,1.2,0.6282099336141528,1.2772095864661437,0.9715380366926196,312.79198055689665,69.4374597935249,1.2,2.270516028767584,0.9715380366926196
24.0,column,0.23443222131745386,5.039999999999999,1.2,0.6255911248994479,1.2809898340610109,0.9560046778040799,314.25052700256936,69.5798059927126,1.2,2.3205341926476897,0.9560046778040799
24.05,column,0.2554322213174529,5.039999999999999,1.2,0.6209375527535228,1.280097163535785,0.9532924846955154,315.2634173240982,69.72116477244116,1.2,1.8724875098191742,0.9532924846955154
24.1,column,0.2764322213174537,5.039999999999999,1.2,0.6151765030761179,1.274696266436728,0.9631087047473108,316.2236807894733,69.86525178897762,1.2,1.8049303617957164,0.9631087047473108
24.150000000000002,column,0.2974322213174545,5.039999999999999,1.2,0.6083796217018957,1.2649900994570242,0.9850436485092381,317.4819699602234,70.00297337735276,1.2,2.1158204753294667,0.9850436485092381
24.200000000000003,column,0.3184322213174553,5.04,1.2,0.6021154088096734,1.2473153210186865,1.0185939226547212,318.7377541029939,70.13530534211762,1.2,2.111426199820439,1.0185939226547212
24.25,column,0.3394322213174543,5.039999999999999,1.2,0.5961265118008857,1.2278290716482645,1.0631933987031066,320.0139815766085,70.26586179068215,1.2,2.1302319896425317,1.0631933987031066
24.3,column,0.36043222131745334,5.039999999999999,1.2,0.5903663139489999,1.2125125672893697,1.1182441262955236,321.28556280030614,70.40012238786113,1.2,2.1196229947511958,1.1182441262955236
24.35,column,0.38143222131745413,5.039999999999999,1.2,0.5849219678003028,1.201505164444882,1.18268223676559,322.5245072346317,70.54467634504142,1.2,2.0788770715233036,1.18268223676559
24.400000000000002,column,0.40243222131745493,5.039999999999999,1.2,0.5798787755642533,1.195623926586494,1.2301039233740054,323.4155365142584,70.69762157999301,1.2,1.707525800922849,1.2301039233740054
24.450000000000003,column,0.42343222131745395,5.039999999999999,1.2,0.5750070878949001,1.1951734502552513,1.2043913652814513,324.6672656676959,70.85537849028405,1.2,2.060850403603433,1.2043913652814513
24.5,column,0.44443222131745297,5.039999999999999,1.2,0.5720205908128667,1.2000956551807807,1.1711623329829395,325.92131199101544,71.01591010147465,1.2,1.9850354972311741,1.1711623329829395
24.55,column,0.46543222131745376,5.039999999999999,1.2,0.5708572057801731,1.2105265826328901,1.13522309465939,327.07214370198085,71.1764410611465,1.2,1.9595909817599846,1.13522309465939
24.6,column,0.4864322213174545,5.039999999999999,1.2,0.5714510221966209,1.2259633764301845,1.1013985029794315,328.67428203706703,71.33592220727792,1.2,2.3551292923575526,1.1013985029794315
24.650000000000002,column,0.5074322213174536,5.039999999999999,1.2,0.5731062362336267,1.231389347825875,1.0696626621914815,330.02735427713736,71.49344689203562,1.2,2.1427263069381417,1.0696626621914815
24.700000000000003,column,0.5284322213174544,5.039999999999999,1.2,0.5742447264535657,1.228064350660619,1.040137193933198,331.323198583803,71.6529491277365,1.2,2.0768951557110067,1.040137193933198
24.75,column,0.5494322213174534,5.039999999999999,1.2,0.5747123291604886,1.2217836050834907,1.012942437698579,332.52699476119477,71.8210186210167,1.2,1.9985489709290563,1.012942437698579
24.8,column,0.5704322213174542,5.039999999999999,1.2,0.5740117466155714,1.212132745783823,0.9946987382451898,333.8619736325165,71.99579923224134,1.2,2.2087505209730134,0.9946987382451898
24.85,column,0.5914322213174532,5.039999999999999,1.2,0.5706775665349771,1.1986819028207734,0.98753976635159,335.29418373945214,72.17356234609923,1.2,2.2914180716990726,0.98753976635159
24.900000000000002,column,0.612432221317454,5.039999999999999,1.2,0.5646372402320013,1.181185534152205,0.9909959347381745,336.9112834257609,72.35190754656699,1.2,2.4278823146339543,0.9909959347381745
24.950000000000003,column,0.6334322213174548,5.039999999999999,1.2,0.5568538239793093,1.1596387779992987,1.0038261957922254,338.91720627250277,72.52525515271613,1.2,2.8165315250040814,1.0038261957922254
25.0,column,0.6544322213174538,5.039999999999999,1.2,0.5468817528172716,1.134244472933279,1.0246031845096424,340.74687447906547,72.6953153077917,1.2,2.684269160904898,1.0246031845096424
25.05,column,0.6754322213174546,5.039999999999999,1.2,0.5358909119780976,1.1053923337247067,1.0469976437088166,342.26600492726,72.86549876975408,1.2,2.434230337414297,1.0469976437088166
25.1,column,0.6964322213174536,5.039999999999999,1.2,0.5256118252469604,1.0735072122157348,1.0707598648121597,343.66358868710665,73.03817421951082,1.2,2.32691754200253,1.0707598648121597
25.150000000000002,column,0.7174322213174544,5.039999999999999,1.2,0.5168195603341444,1.0390397356154404,1.0806744214387687,344.95167986685374,73.21590595854836,1.2,2.2226201585676355,1.0806744214387687
25.200000000000003,column,0.7384322213174552,5.039999999999999,1.2,0.5103209013882954,1.0024611477582053,1.0977170307388573,346.36690350860397,73.39784694643708,1.2,2.297124540431576,1.0977170307388573
25.25,column,0.7594322213174542,5.039999999999999,1.2,0.5064775238854866,0.9642579073362931,1.1292727428984561,347.76831460923296,73.58958549317856,1.2,2.2684847598838425,1.1292727428984561
25.3,column,0.7804322213174533,5.039999999999999,1.2,0.5052726440439035,0.92492582896157,1.166625640900629,349.2930851097905,73.7856433029682,1.2,2.4086614954267462,1.166625640900629
25.35,column,0.8014322213174541,5.039999999999999,1.2,0.5050027654270561,0.8915672962737076,1.1724426787032247,350.8167377146914,73.98288865228491,1.2,2.3164721207442445,1.1724426787032247
25.400000000000002,column,0.8224322213174549,5.039999999999999,1.2,0.5059956525812972,0.8655339481134223,1.1659047159081792,352.2523085908767,74.18158199878961,1.2,2.23761948193187,1.1659047159081792
25.450000000000003,column,0.8434322213174539,5.039999999999999,1.2,0.5076294785512918,0.8475653339747791,1.1489119395560974,353.4594019087595,74.37972811996774,1.2,1.989125813639531,1.1489119395560974
25.5,column,0.8644322213174529,5.039999999999999,1.2,0.5101605279906789,0.8375630257802154,1.1011884767312696,354.5304126486419,74.57157131861058,1.2,1.962187973758213,1.1011884767312696
25.55,column,0.8854322213174537,5.039999999999999,1.2,0.5138702838142857,0.8335061123354437,1.051536762898944,355.40512584835733,74.75726484868676,1.2,1.7789345538272947,1.051536762898944
25.6,column,0.9064322213174545,5.039999999999999,1.2,0.518497049515062,0.8340592307144272,1.0106583242160347,355.93321777915924,74.9409762735575,1.2,1.3584528645349416,1.0106583242160347
25.650000000000002,column,0.9274322213174535,5.039999999999999,1.2,0.5237695041308444,0.838621180310658,0.9769383178604534,356.36481409799654,75.12362523992152,1.2,1.1825889696305691,0.9769383178604534
25.700000000000003,column,0.9484322213174543,5.039999999999999,1.2,0.5292184103314075,0.8466519651103552,0.9556391834767982,357.431950365497,75.2969968709821,1.2,1.8158644798008132,0.9556391834767982
25.75,column,0.9694322213174533,5.039999999999999,1.2,0.534104276350881,0.8576749751501442,0.9458068019401475,358.47349192468374,75.46488992315945,1.2,1.7636948520354583,0.9458068019401475
25.8,column,0.9904322213174542,5.039999999999999,1.2,0.5383249473140583,0.8713861521129156,0.9466325599971471,359.92783758626405,75.6235121419008,1.2,2.2059637188875114,0.9466325599971471
25.85,column,1.0114322213174531,5.039999999999999,1.2,0.5405614183707185,0.8875091046785235,0.9364214532413113,361.3411448183243,75.77488625652963,1.2,2.1569984348264195,0.9364214532413113
25.900000000000002,column,1.032432221317454,5.039999999999999,1.2,0.5408456498780687,0.90579456531606,0.9212061527797806,362.6933892487172,75.9212929000068,1.2,2.0910848967256515,0.9212061527797806
25.950000000000003,column,1.0534322213174547,5.039999999999999,1.2,0.5392900116978195,0.9260151067597708,0.9112876042058798,363.9883207535428,76.06569625992402,1.2,2.0239471574405488,0.9112876042058798
26.0,column,1.074432221317452,5.039999999999999,1.2,0.5360429305163811,0.9479590265401721,0.9066509622442336,365.17615336814265,76.20862489669574,1.2,1.9199860204041161,0.9066509622442336
26.05,column,1.0954322213174528,5.039999999999999,1.2,0.5308342104579569,0.9713149533489769,0.9085827836995528,366.63085882719196,76.34398851979047,1.2,2.259530787803268,0.9085827836995528
26.1,column,1.1164322213174536,5.039999999999999,1.2,0.5243385742672351,0.9904411812530987,0.916307468111843,367.7697568481906,76.47704161241154,1.2,2.005566179838029,0.916307468111843
26.150000000000002,column,1.1374322213174544,5.039999999999999,1.2,0.5164462933539499,1.0053376196180126,0.920301557964412,368.7645712718685,76.61298920852187,1.2,1.870553548566609,0.920301557964412
26.200000000000003,column,1.1584322213174552,5.039999999999999,1.2,0.5074632699883846,1.0160001916889,0.9311847223327021,369.6679916418186,76.75021924019126,1.2,1.7501886660532004,0.9311847223327021
26.25,column,1.1794322213174524,5.039999999999999,1.2,0.4990840406020417,1.0224706801589243,0.9529540563768101,370.5407657385184,76.89115302966735,1.2,1.6468035559444583,0.9529540563768101
26.3,column,1.2004322213174532,5.039999999999999,1.2,0.4915904330357165,1.024827845581527,0.9852511431865046,371.8100172361397,77.02866721808934,1.2,2.059932045354541,0.9852511431865046
26.35,column,1.221432221317454,5.039999999999999,1.2,0.48521131832103953,1.0231797823118818,1.0152298372709139,372.85562123773434,77.16950120887799,1.2,1.809590708042925,1.0152298372709139
26.400000000000002,column,1.2424322213174548,5.039999999999999,1.2,0.4790269025371205,1.01769111447632,1.0368473298159409,373.91849999315224,77.30819133761801,1.2,1.8592032664686073,1.0368473298159409
26.450000000000003,column,1.263432221317452,5.039999999999999,1.2,0.47474882687948006,1.0085426331993224,1.0535054899982546,375.07639693519764,77.43778922146441,1.2,2.0385111465083003,1.0535054899982546
26.5,column,1.2844322213174528,5.039999999999999,1.2,0.4734532180347161,0.9959454463180726,1.06606488617645,376.3387193778076,77.55475101261719,1.2,2.123323385237609,1.06606488617645
26.55,column,1.3054322213174536,5.039999999999999,1.2,0.4751734707518123,0.9811128745197459,1.0760637861020206,377.7001302918829,77.67045656378627,1.2,2.240883281634914,1.0760637861020206
26.6,column,1.3264322213174544,5.039999999999999,1.2,0.4799557974681859,0.9649563779568617,1.0841834357736575,379.07269744013166,77.79192059402422,1.2,2.180744944889728,1.0841834357736575
26.650000000000002,column,1.3474322213174517,5.039999999999999,1.2,0.48753791171181804,0.9480349367417102,1.088409183262176,380.57107263907676,77.92046040904995,1.2,2.27295649609349,1.088409183262176
26.700000000000003,column,1.3684322213174525,5.039999999999999,1.2,0.49670452010913974,0.9346680894222024,1.0953479703123283,381.6110953101194,78.05213844763645,1.2,1.778972830875907,1.0953479703123283
26.75,column,1.3894322213174533,5.039999999999999,1.2,0.5059536421926002,0.9251285869106092,1.0844265757947045,382.74944063616067,78.19026545574441,1.2,1.8465029134631639,1.0844265757947045
26.8,column,1.410432221317454,5.039999999999999,1.2,0.5163526342098037,0.9197263003124749,1.0766843607722332,384.1874163582146,78.33383520597786,1.2,2.260042928355299,1.0766843607722332
26.85,column,1.4314322213174548,5.039999999999999,1.2,0.527242663152594,0.9188558998921643,1.0753903721746372,385.5614286959843,78.49012127544341,1.2,2.2060445774252417,1.0753903721746372
26.900000000000002,column,1.452432221317452,5.039999999999999,1.2,0.5384692651004438,0.9229892308954128,1.084412944656806,387.07585048657154,78.6592273999474,1.2,2.314004793440835,1.084412944656806
26.950000000000003,column,1.4734322213174529,5.039999999999999,1.2,0.5491670266632813,0.9327339642695742,1.1029377418882105,388.1449370667149,78.83100572624889,1.2,1.8547859527226875,1.1029377418882105
27.0,column,1.4944322213174537,5.039999999999999,1.2,0.5581256203448699,0.9467571142466031,1.1165005581894958,388.3813428942336,79.00148599510612,1.2,0.8927577148729966,1.1165005581894958
27.05,column,1.5154322213174545,5.039999999999999,1.2,0.5664096743224698,0.9645810172425942,1.0733633910281772,389.45982212677654,79.1618229989142,1.2,1.781647631000654,1.0733633910281772
27.1,column,1.5364322213174517,5.039999999999999,1.2,0.5746384632006014,0.9809443869638228,1.0400141561097727,390.43028980914096,79.31266935198335,1.2,1.6898386950732551,1.0400141561097727
27.150000000000002,column,1.5574322213174525,5.039999999999999,1.2,0.5823231493996274,0.9959717175720539,1.0176391465124741,391.3276985052512,79.45531492006347,1.2,1.6003449039698974,1.0176391465124741
27.200000000000003,column,1.5784322213174533,5.039999999999999,1.2,0.5888852185151643,1.0095932360508106,1.0064507523182353,392.59621438491206,79.58642680873082,1.2,2.048587006192561,1.0064507523182353
27.25,column,1.599432221317454,5.039999999999999,1.2,0.5929212282452311,1.0216579910982393,1.0063357891007438,393.80664871557735,79.70904315979918,1.2,2.0032561326722274,1.0063357891007438
27.3,column,1.6204322213174513,5.039999999999999,1.2,0.5944088921314281,1.032068533715293,1.0166639202364667,394.8952935242292,79.82520578675246,1.2,1.9112388287531412,1.0166639202364667
27.35,column,1.6414322213174521,5.039999999999999,1.2,0.5934706656774279,1.0407542753421584,1.0368910314317619,395.8519171367029,79.93777438979279,1.2,1.8180648393272651,1.0368910314317619
27.400000000000002,column,1.662432221317453,5.039999999999999,1.2,0.5903973904994028,1.047656168285403,1.0664996637040434,397.02391542526885,80.04389623557597,1.2,2.0367552994710514,1.0664996637040434
27.450000000000003,column,1.6834322213174537,5.039999999999999,1.2,0.5844833886693321,1.0527194939460496,1.1073566576084528,398.2517016899234,80.14561204307907,1.2,2.1026337782467173,1.1073566576084528
27.5,column,1.704432221317451,5.039999999999999,1.2,0.5775720679529842,1.0559306712070795,1.1568021965588677,399.1607727150266,80.2464724782142,1.2,1.825681345554247,1.1568021965588677
27.55,column,1.7254322213174518,5.039999999999999,1.2,0.5702726025688849,1.0578483976723259,1.1636070507890113,399.95024212522515,80.33978955718784,1.2,1.56737055655572,1.1636070507890113
27.6,column,1.7464322213174526,5.039999999999999,1.2,0.5647927407054414,1.0600556235729826,1.1429434192574288,400.7057220171957,80.42893886059326,1.2,1.5743997924937516,1.1429434192574288
27.650000000000002,column,1.7674322213174534,5.039999999999999,1.2,0.5608714820578153,1.0632885636467109,1.1133823354238888,401.89364431919563,80.52102153711164,1.2,1.9519922444293378,1.1133823354238888
27.700000000000003,column,1.7884322213174542,5.039999999999999,1.2,0.5593988983316762,1.0676278305447473,1.0900232475345402,403.0919336283902,80.61918315282217,1.2,1.8927325332446305,1.0900232475345402
27.75,column,1.8094322213174514,5.039999999999999,1.2,0.5599641339119936,1.0728325471862772,1.0726908432502564,404.09361353159005,80.72399573811978,1.2,1.7578898273495713,1.0726908432502564
27.8,column,1.8304322213174522,5.039999999999999,1.2,0.5621157762915914,1.078971406362488,1.0613471016970397,404.9837329469769,80.83581365323073,1.2,1.6908384928890903,1.0613471016970397
27.85,column,1.84,5.028567778682547,1.2,0.5701700848600557,1.086189534634298,1.056045313120395,405.90214876103096,80.94907346887689,1.2,1.7348669458707313,1.056045313120395
27.900000000000002,column,1.84,5.007567778682546,1.2,0.5759450508351999,1.0946924299200247,1.0569159785347604,406.78271959312417,81.06524956140782,1.2,1.6799804086642591,1.0569159785347604
27.950000000000003,column,1.84,4.986567778682544,1.2,0.5832022554133217,1.1046374641031482,1.0640762033810043,407.8915903294228,81.1891063051709,1.2,1.9119349217675528,1.0640762033810043
28.0,column,1.84,4.965567778682548,1.2,0.5919974071685401,1.116194932553732,1.0807300479355713,408.80000545665877,81.31871177859861,1.2,1.6030326455781505,1.0807300479355713
28.05,column,1.84,4.944567778682546,1.2,0.601580642998248,1.128966074373213,1.1056910977647711,409.47513074952315,81.45311217862829,1.2,1.3413743743963205,1.1056910977647711
28.1,column,1.84,4.923567778682545,1.2,0.6119757237761875,1.1418732905090447,1.115934392804138,410.73393064788866,81.57819851824586,1.2,1.9496366162379055,1.115934392804138
28.150000000000002,column,1.84,4.902567778682545,1.2,0.622688113390471,1.1528711562204228,1.0809552080476026,411.80450044067175,81.694698933741,1.2,1.8440622890142937,1.0809552080476026
28.200000000000003,column,1.8400000000000003,4.881567778682545,1.2,0.6339809093836697,1.1617989612209798,1.0558008532623744,412.7698683788075,81.79918776442277,1.2,1.7616553308053777,1.0558008532623744
28.25,column,1.84,4.8605677786825465,1.2,0.6453753154478576,1.1684567636778689,1.0419666469792814,413.80186041397855,81.88898935596754,1.2,1.7965562262814683,1.0419666469792814
28.3,column,1.84,4.839567778682546,1.2,0.6563536934422161,1.1725987390770427,1.039448555410397,415.20306443936636,81.96075448698126,1.2,2.2804300356202107,1.039448555410397
28.35,column,1.8399999999999999,4.818567778682545,1.2,0.6653692629186873,1.1741937103004694,1.0469330394780936,416.54717647267665,82.02942339229247,1.2,2.2407893343437886,1.0469330394780936
28.400000000000002,column,1.84,4.797567778682544,1.2,0.6724550984395442,1.1734882162655742,1.062652090490456,417.9133279410372,82.09540214293654,1.2,2.2328723081136843,1.062652090490456
28.450000000000003,column,1.84,4.776567778682543,1.2,0.6772034047996736,1.1707321159945472,1.0855524291305327,419.2541554590207,82.16500028923332,1.2,2.2011645193294624,1.0855524291305327
28.5,column,1.84,4.755567778682547,1.2,0.6797210199643459,1.166045629383237,1.1150081585323002,420.1132654953693,82.23830906645995,1.2,1.613891326619303,1.1150081585323002
28.55,column,1.8399999999999999,4.734567778682545,1.2,0.6814226903707881,1.1594285318527844,1.1098242152248161,420.8384690849017,82.31548977767429,1.2,1.5178887710983469,1.1098242152248161
28.6,column,1.84,4.7135677786825445,1.2,0.6845403137282259,1.150911643923732,1.0981204266337867,421.23685450440223,82.39429590071902,1.2,1.1425640424757497,1.0981204266337867
28.650000000000002,column,1.84,4.692567778682544,1.2,0.6892833233899784,1.1421195177072156,1.0882948982433929,421.58693697112096,82.46866740369555,1.2,1.1532068982644508,1.0882948982433929
28.700000000000003,column,1.84,4.6715677786825465,1.2,0.6952677206508868,1.1341766557379196,1.0813247652956655,422.2456981829215,82.53390556416532,1.2,1.2963626567459052,1.0813247652956655
28.75,column,1.84,4.650567778682546,1.2,0.7021071399978276,1.1275657442955704,1.0777500756538592,422.94946468182957,82.59074282886426,1.2,1.4435517436663197,1.0777500756538592
28.8,column,1.84,4.629567778682546,1.2,0.7099409821207133,1.1224010252325016,1.0778145582159235,423.62260558685387,82.64659322834956,1.2,1.38220164739428,1.0778145582159235
28.85,column,1.84,4.608567778682545,1.2,0.7184666378146881,1.1185510246759625,1.0814542447963835,424.45900289352994,82.70618216978087,1.2,1.631923795888278,1.0814542447963835
28.900000000000002,column,1.8399999999999999,4.587567778682547,1.2,0.7264947461636602,1.115656564558867,1.0844654321787182,425.2734621630668,82.76966583488122,1.2,1.6699724369966007,1.0844654321787182
28.950000000000003,column,1.84,4.566567778682546,1.2,0.7352676725328758,1.1130822421504967,1.0861841482711498,425.8313722687286,82.84081288115122,1.2,1.3612904298157293,1.0861841482711498
29.0,column,1.84,4.545567778682544,1.2,0.7447030009306588,1.109863524230888,1.085496729568791,426.22309551356653,82.91325020489964,1.2,1.2180550846712337,1.085496729568791
29.05,column,1.84,4.5245677786825444,1.2,0.7556332186836782,1.1046180667480454,1.0817742759217484,426.59765482940594,82.98652112600081,1.2,1.074367664983411,1.0817742759217484
29.1,column,1.84,4.503567778682548,1.2,0.7681233479411158,1.0964541748799688,1.0754186556382475,427.0681051724896,83.06133764057176,1.2,1.3022353903083121,1.0754186556382475
29.150000000000002,column,1.84,4.482567778682546,1.2,0.7821798956780452,1.0855130344949353,1.0666298879321423,427.84361701731655,83.13855423356685,1.2,1.5733594301504088,1.0666298879321423
29.200000000000003,column,1.84,4.4615677786825465,1.2,0.7982556410138409,1.0719827303083598,1.0554653253352866,428.29599010532684,83.22106006196134,1.2,1.2681180958321097,1.0554653253352866
29.25,column,1.8400000000000003,4.440567778682545,1.2,0.8154931845832898,1.0560707027586942,1.0418771010731962,428.6761273268068,83.31056596439159,1.2,1.1591176601292492,1.0418771010731962
29.3,column,1.84,4.419567778682548,1.2,0.8336848665575973,1.0379943475384432,1.0257572170001397,428.980017701208,83.40847717302714,1.2,1.0456942915605596,1.0257572170001397
29.35,column,1.84,4.398567778682548,1.2,0.8526030025773519,1.0179697434393382,1.0070062715080272,429.5104289534676,83.51561485033795,1.2,1.2058313291005298,1.0070062715080272
29.400000000000002,column,1.8399999999999999,4.377567778682546,1.2,0.8731343922274503,0.9961978856298088,0.9858660816575195,430.3882332193205,83.62553081703626,1.2,1.6210138536128436,0.9858660816575195
29.450000000000003,column,1.84,4.356567778682545,1.2,0.893728503499051,0.9731375434034906,0.9632709599919801,431.329980142904,83.75043599139892,1.2,1.6634923408292,0.9632709599919801
29.5,column,1.84,4.335567778682548,1.2,0.9138528697540685,0.9499413641793082,0.9413444006339216,432.7923298234514,83.88744200515197,1.2,2.2786393952667043,0.9413444006339216
29.55,column,1.84,4.314567778682547,1.2,0.9324882964008838,0.9323407637480903,0.9200432977076218,433.82134291940247,84.02606548290072,1.2,1.7333302944865956,0.9200432977076218
29.6,column,1.84,4.293567778682546,1.2,0.9497317122788734,0.9202701511679177,0.8998667710434891,434.8360197114708,84.17015989204828,1.2,1.6727114523124649,0.8998667710434891
29.650000000000002,column,1.8399999999999999,4.272567778682546,1.2,0.9652039238547712,0.91372509355979,0.8843585126330454,436.20712365338846,84.31247383421322,1.2,2.100901849078796,0.8843585126330454
29.700000000000003,column,1.8399999999999999,4.251567778682545,1.2,0.9799512827702197,0.9122023327201416,0.8738614380296956,437.4873869569298,84.45847707672505,1.2,2.0462674924743016,0.8738614380296956
29.75,column,1.8400000000000003,4.2305677786825475,1.2,0.9937858694445667,0.9149354414531743,0.8677932661048788,438.68994989313165,84.61872365241248,1.2,1.965486553519955,0.8677932661048788
29.8,column,1.84,4.209567778682547,1.2,1.0065707747873274,0.9210873381204188,0.8611218641023953,439.8479632115696,84.79309937350773,1.2,1.9067903085040618,0.8611218641023953
29.85,column,1.8400000000000003,4.188567778682547,1.2,1.0191616488929105,0.9298541019906785,0.850462603433761,440.4637910951209,84.97227060168916,1.2,1.4247955738056493,0.850462603433761
29.900000000000002,column,1.84,4.167567778682545,1.2,1.0323946310483088,0.9403941852494353,0.8431298696104466,440.97784480228717,85.15498060745595,1.2,1.343474245220639,0.8431298696104466
29.950000000000003,column,1.8399999999999999,4.146567778682544,1.2,1.0446056203209797,0.9520775576586722,0.8391930695127947,441.8531538835874,85.3358261636831,1.2,1.8223903599218336,0.8391930695127947
30.0,column,1.8400000000000003,4.125567778682547,1.2,1.056099398828191,0.9591689240285988,0.8393544201818577,442.83253431946156,85.51639310499384,1.2,1.9152975021638574,0.8393544201818577
30.05,column,1.84,4.104567778682546,1.2,1.0667413853560108,0.9616870677127303,0.8443003289754493,443.92338671754516,85.69899082656373,1.2,1.9936779465661396,0.8443003289754493
30.1,column,1.8400000000000003,4.083567778682546,1.2,1.0765799942725178,0.9599046918266687,0.8541431810455685,444.9390505715568,85.88643568128467,1.2,1.8891347415400586,0.8541431810455685
30.150000000000002,column,1.84,4.062567778682545,1.2,1.0857791430203467,0.9553196830934616,0.8685697273652484,445.8642450727588,86.07860631096315,1.2,1.6593662497856532,0.8685697273652484
30.200000000000003,column,1.8399999999999999,4.041567778682544,1.2,1.0944373643812393,0.9494738123311028,0.885658999606676,447.1152827066836,86.27611119873151,1.2,1.9522901642698098,0.885658999606676
30.25,column,1.84,4.0205677786825476,1.2,1.1017585748496235,0.9490456165112298,0.9001236907844256,448.46453424155004,86.47926940068922,1.2,2.068086823171984,0.9001236907844256
30.3,column,1.84,3.999567778682546,1.2,1.1082271682999825,0.9545312649866646,0.9102047810121885,449.0951177302004,86.68279172738829,1.2,1.3553161967514027,0.9102047810121885
30.35,column,1.84,3.9785677786825455,1.2,1.1156790976879312,0.9606306564540235,0.916513509522494,449.8004623039677,86.88666791275529,1.2,1.4814408345163268,0.916513509522494
30.400000000000002,column,1.8400000000000003,3.9575677786825447,1.2,1.1236069640910678,0.9675997363489715,0.919780427461524,450.9063717313754,87.088328846672,1.2,1.8511843675986246,0.919780427461524
30.450000000000003,column,1.8399999999999999,3.9365677786825435,1.2,1.132456297027399,0.975610115027278,0.9208409444436213,451.9853460811332,87.29042877995619,1.2,1.8444466085529414,0.9208409444436213
30.5,column,1.84,3.9155677786825467,1.2,1.1418422568775533,0.9846193700927681,0.9205592655659868,452.71799729463896,87.49385335663233,1.2,1.4164409358739505,0.9205592655659868
30.55,column,1.8400000000000003,3.8945677786825454,1.2,1.1500958318785703,0.9944671985278857,0.9196797933539329,453.42503089346053,87.69994099516673,1.2,1.3710555617212214,0.9196797933539329
30.6,column,1.84,3.873567778682545,1.2,1.1570526934924263,1.0049874581756002,0.918854897240621,454.1013407707602,87.90979602790135,1.2,1.3384764444497284,0.918854897240621
30.650000000000002,column,1.8400000000000003,3.8525677786825443,1.2,1.1626476394961254,1.0160085977826259,0.9187266895241215,455.1460121005456,88.1286440868061,1.2,1.7130134073222318,0.9187266895241215
30.700000000000003,column,1.8399999999999999,3.8315677786825466,1.2,1.1664119773090609,1.0273547328977337,0.9237731586851434,456.19238771368254,88.34421492673499,1.2,1.7072606394322283,0.9237731586851434
30.75,column,1.84,3.810567778682546,1.2,1.1669116268261202,1.0388472944066134,0.9270204793295649,456.83050763597356,88.55680014163016,1.2,1.3040072728394534,0.9270204793295649
30.8,column,1.8400000000000003,3.789567778682545,1.2,1.1658184812617183,1.0503084462031005,0.9289206632126269,457.0210342354152,88.76681506337692,1.2,0.8322487121464694,0.9289206632126269
30.85,column,1.8399999999999999,3.7685677786825442,1.2,1.1635983338678357,1.0615619358968535,0.9300622616709754,457.1990681448437,88.97467732276091,1.2,0.8105296547153429,0.9300622616709754
30.900000000000002,column,1.8400000000000003,3.747567778682548,1.2,1.1603899096165664,1.0724348721277654,0.9311202380877259,457.6508801601449,89.17726637964458,1.2,1.0643595237018035,0.9311202380877259
30.950000000000003,column,1.8399999999999999,3.726567778682546,1.2,1.157699727127347,1.0827597061010004,0.9329082486271693,458.05290962665663,89.37653431809589,1.2,1.0905027997192267,0.9329082486271693
31.0,column,1.84,3.7055677786825454,1.2,1.1554650667134023,1.0923764731497063,0.9363829297195848,458.4348319267587,89.57463873202774,1.2,1.1439985729298576,0.9363829297195848
31.05,column,1.8400000000000003,3.6845677786825455,1.2,1.1536576750172227,1.1011343605595596,0.9425972673615662,458.75720160921907,89.77171004216581,1.2,1.083517838246064,0.9425972673615662
31.1,column,1.84,3.663567778682548,1.2,1.1508716244331143,1.1088975394448388,0.9524188731991723,459.1541257861331,89.96822548955168,1.2,1.217004706347593,0.9524188731991723
31.150000000000002,column,1.84,3.642567778682547,1.2,1.147023297354537,1.1155468333588474,0.9664635987799575,459.90968964589575,90.17240308255886,1.2,1.5796899447938153,0.9664635987799575
31.200000000000003,column,1.84,3.6215677786825458,1.2,1.1416143459649457,1.1209753315762558,0.987287208474023,460.94324577710756,90.38032312269047,1.2,1.8865956323204691,0.987287208474023
31.25,column,1.84,3.600567778682545,1.2,1.1340163611418577,1.1250558705214402,1.0147984741805416,461.7196966215151,90.58865483698142,1.2,1.6870226816204408,1.0147984741805416
31.3,column,1.84,3.5795677786825477,1.2,1.1251188976592126,1.1276563503276085,1.048640475728763,462.3070157052161,90.79969173465469,1.2,1.4782338414347467,1.048640475728763
31.35,column,1.84,3.558567778682547,1.2,1.1150707235683015,1.1287410058050622,1.0815790576020212,462.6652743310651,91.00926555802229,1.2,1.1679287110112966,1.0815790576020212
31.400000000000002,column,1.84,3.5375677786825466,1.2,1.1052226147839472,1.128348065038932,1.1127453620000671,463.130489613925,91.21303834128526,1.2,1.3461569413463683,1.1127453620000671
31.450000000000003,column,1.84,3.5165677786825453,1.2,1.0955503011495815,1.1265429630701214,1.1183977202586346,464.5124447787885,91.39831788260433,1.2,2.268680319001383,1.1183977202586346
31.5,column,1.84,3.495567778682548,1.2,1.0874579471722354,1.1233187141114163,1.103624656289273,465.93196461931564,91.56710694679353,1.2,2.312649875002618,1.103624656289273
31.55,column,1.8400000000000003,3.4745677786825473,1.2,1.080938324282545,1.1185923827083382,1.1028731852587745,467.3135387601359,91.72075316816313,1.2,2.2977327816222335,1.1028731852587745
31.6,column,1.8399999999999999,3.453567778682547,1.2,1.075700575592045,1.1146390735295746,1.1156049007857736,468.6060471858706,91.86516265025718,1.2,2.210236543653405,1.1156049007857736
31.650000000000002,column,1.8399999999999999,3.4325677786825457,1.2,1.0714576703075778,1.112696823956342,1.141281716245472,469.76624146657366,92.01324055057684,1.2,2.069764900990196,1.141281716245472
31.700000000000003,column,1.84,3.411567778682545,1.2,1.0678817290055616,1.1135511314567088,1.1417141761680125,470.49206382593326,92.17206152425817,1.2,1.6598438730242944,1.1417141761680125
31.75,column,1.84,3.3905677786825477,1.2,1.0648383849504455,1.1172508377067263,1.124280014655475,471.15565356868234,92.32915682131767,1.2,1.4223269762577628,1.124280014655475
31.8,column,1.8400000000000003,3.3695677786825473,1.2,1.061241535522948,1.1230183537140477,1.1035149951922611,471.8134214315873,92.48171708740897,1.2,1.4420603838101773,1.1035149951922611
31.85,column,1.8400000000000003,3.348567778682546,1.2,1.056819551508232,1.1302828817005757,1.0852435979021398,472.4601949563391,92.62986302498187,1.2,1.5249088474031887,1.0852435979021398
31.900000000000002,normal,1.8399999999999999,3.3275677786825453,1.2,0.3896408544991015,1.1384540203306122,1.0689952445634923,473.73221164997534,92.76900943636788,1.2,2.084360969286553,1.0689952445634923
31.950000000000003,normal,1.84,3.3065677786825445,1.2,0.38873748255148877,1.1412585644622943,1.0543115314640625,474.9533920944559,92.91142939381629,1.2,1.9757955376651843,1.0543115314640625
32.0,normal,1.84,3.2855677786825472,1.2,0.38992481188783473,1.1384958243424363,1.0408072718594417,476.1435780303693,93.06284031612203,1.2,1.8999836928293778,1.0408072718594417
32.050000000000004,normal,1.84,3.264567778682543,1.2,0.3927980115302159,1.1300420455613747,1.0281717619599968,477.3148712443677,93.2252567503476,1.2,1.8988507383826196,1.0281717619599968
32.1,normal,1.8400000000000003,3.2435677786825456,1.2,0.3971501884879604,1.1158515183253126,1.020253853708325,477.9608985512033,93.39112978507134,1.2,1.3592100751234895,1.020253853708325
32.15,normal,1.8399999999999999,3.2225677786825484,1.2,0.4017110350797001,1.0960721146575645,1.0166203566014607,478.90377259910724,93.55397670920658,1.2,1.689604179293988,1.0166203566014607
32.2,normal,1.8399999999999999,3.201567778682544,1.2,0.4053780212641553,1.071544758378778,1.0161525054983662,479.6249768801822,93.71321449248416,1.2,1.4751369476975849,1.0161525054983662
32.25,normal,1.84,3.1805677786825473,1.2,0.4083165198926662,1.0434653164004783,1.0174223136160054,480.1328356170736,93.86823965976616,1.2,1.223924157653342,1.0174223136160054
32.300000000000004,normal,1.84,3.159567778682546,1.2,0.4107025252156869,1.0130610909317306,1.018831213164859,480.54975060228804,94.01859027764553,1.2,1.166261093831731,1.018831213164859
32.35,normal,1.8400000000000003,3.138567778682545,1.2,0.4125884863708819,0.9813613728107091,1.019095263188191,481.02677684747545,94.16507687443647,1.2,1.2980221508365442,1.019095263188191
32.4,normal,1.8399999999999999,3.117567778682548,1.2,0.41400783592292456,0.9484337827725335,1.01835208827164,481.6723359032147,94.30809204790684,1.2,1.5041373098462236,1.01835208827164
32.45,normal,1.8399999999999999,3.0965677786825436,1.2,0.4157602085904655,0.9195464841500884,1.0242631183056663,482.7519883859476,94.44082010381439,1.2,1.9625220365520868,1.0242631183056663
32.5,normal,1.84,3.0755677786825464,1.2,0.4166992894468812,0.8943396733906075,1.0364914324947418,483.76197212330004,94.56426188493484,1.2,1.8612252740363342,1.0364914324947418
32.550000000000004,normal,1.84,3.0545677786825456,1.2,0.41650561940907577,0.8722918989365454,1.0551741517698114,484.69284391032096,94.68051169831135,1.2,1.7513242934545599,1.0551741517698114
32.6,normal,1.8400000000000003,3.033567778682545,1.2,0.4151039076450571,0.8529605519636148,1.080792003770794,485.5482449096874,94.79244165984376,1.2,1.6476623260010925,1.080792003770794
32.65,normal,1.8399999999999999,3.0125677786825475,1.2,0.41262005913354843,0.8360697674128943,1.1139923083626402,486.35853955378536,94.9033981352048,1.2,1.5957804804140463,1.1139923083626402
32.7,normal,1.84,2.9915677786825468,1.2,0.40930600898681774,0.8215394674396503,1.140300812266114,487.1508777404107,95.01815081810734,1.2,1.5967771121927938,1.140300812266114
32.75,normal,1.84,2.970567778682546,1.2,0.4055420408432546,0.8094626513610226,1.1513800995975387,487.6703085115107,95.13996606634262,1.2,1.375988957985228,1.1513800995975387
32.800000000000004,normal,1.84,2.949567778682545,1.2,0.40182517050638766,0.8005121002203932,1.1642584731668133,488.0333608358825,95.26611440384892,1.2,1.167778301720926,1.1642584731668133
32.85,normal,1.84,2.9285677786825444,1.2,0.3979999109260722,0.796054417806509,1.1782811164515676,488.364556488796,95.39332706173732,1.2,1.0008462152238242,1.1782811164515676
32.9,normal,1.8400000000000003,2.907567778682547,1.2,0.3940496311600585,0.7966874900809782,1.19230660544785,488.66943551145175,95.51981493936742,1.2,0.8940169714662837,1.19230660544785
32.95,normal,1.84,2.8865677786825463,1.2,0.3900786271491209,0.8024497874453398,1.2048508179379398,488.92653232744,95.64470174013844,1.2,0.8261829937287162,1.2048508179379398
33.0,normal,1.84,2.8655677786825455,1.2,0.3864373397727167,0.8129759084542532,1.2148689519291271,489.1905586461411,95.76720815185918,1.2,0.883355627211766,1.2148689519291271
33.050000000000004,normal,1.84,2.8445677786825447,1.2,0.38351816129770583,0.8278777039100549,1.212274584375226,489.4767365724329,95.88680325011293,1.2,0.960371713099003,1.212274584375226
33.1,normal,1.84,2.8235677786825475,1.2,0.3817608516998751,0.8467272437186022,1.2107988534684544,489.7667345877304,96.00336498964728,1.2,0.9924573915705646,1.2107988534684544
33.15,normal,1.8400000000000003,2.8025677786825467,1.2,0.38160684459271105,0.8690543636200414,1.2138495860182432,490.4685763753814,96.11752935730458,1.2,1.4813778307683874,1.2138495860182432
33.2,normal,1.8399999999999999,2.781567778682546,1.2,0.38243758200491457,0.8943513814054811,1.2141312978320131,491.2741832712529,96.23011622531502,1.2,1.6329274396426285,1.2141312978320131
33.25,normal,1.84,2.760567778682545,1.2,0.384512410285489,0.9220817185636501,1.2116497450940515,492.02005709520006,96.34395259361419,1.2,1.5686060446394603,1.2116497450940515
33.300000000000004,normal,1.84,2.7395677786825443,1.2,0.3869762397084859,0.9516918099500544,1.2068810467228834,492.7526690506081,96.44824879687597,1.2,1.476134086502045,1.2068810467228834
33.35,normal,1.84,2.718567778682547,1.2,0.38906447140501127,0.977093896862351,1.2006301859018258,493.434954404499,96.54544452031966,1.2,1.4350773642334613,1.2006301859018258
33.4,normal,1.8400000000000003,2.6975677786825463,1.2,0.39043084187804683,0.9981951366546014,1.1963360883756995,494.2872595498332,96.62964980299232,1.2,1.611294823139629,1.1963360883756995
33.45,normal,1.8400000000000003,2.6765677786825455,1.2,0.38956972145614893,1.0150798035652517,1.1938313787701746,495.0647744154471,96.70450079226413,1.2,1.5896330584780114,1.1938313787701746
33.5,normal,1.84,2.6555677786825447,1.2,0.3865925956788668,1.0279575668688343,1.192783518843649,495.7604984299297,96.77599823834909,1.2,1.5578307454664384,1.192783518843649
33.550000000000004,normal,1.84,2.634567778682544,1.2,0.3816573145654397,1.0371081506335353,1.1927569995272171,496.38126465113277,96.84969576792138,1.2,1.5191038545515905,1.1927569995272171
33.6,normal,1.84,2.6135677786825466,1.2,0.3749563208425054,1.0428353418605087,1.1929401383658462,496.94362483445093,96.9286713498789,1.2,1.477288429039327,1.1929401383658462
33.65,normal,1.84,2.592567778682546,1.2,0.3667109755402741,1.045435991401864,1.1881011055828221,497.39469934034406,97.0087162468973,1.2,1.3268229945946846,1.1881011055828221
33.7,normal,1.8400000000000003,2.571567778682545,1.2,0.3583544847683856,1.044677331634663,1.1886856352686768,497.81338793558444,97.0923712888549,1.2,1.2697722733819545,1.1886856352686768
33.75,normal,1.84,2.550567778682548,1.2,0.3499544284528712,1.040318071869285,1.1943172814224923,498.16232938974474,97.18132124012244,1.2,1.1422200055917482,1.1943172814224923
33.800000000000004,normal,1.84,2.5295677786825435,1.2,0.34153310550254223,1.0323357292403188,1.204048184359468,498.4261369191928,97.2749893801847,1.2,0.9692592911565114,1.204048184359468
33.85,normal,1.84,2.5085677786825467,1.2,0.33323211662296026,1.0208467031136224,1.2025340950788979,498.6500669655894,97.37172523451606,1.2,0.8489083148049932,1.2025340950788979
33.9,normal,1.84,2.4875677786825454,1.2,0.3251678660886601,1.006095286426387,1.1841869768924935,498.90593108514,97.46965179156186,1.2,0.8630394104545351,1.1841869768924935
33.95,normal,1.84,2.4665677786825446,1.2,0.3174111284567073,0.9883946747979964,1.174037110272678,499.2561267441347,97.56738015110221,1.2,1.0417137233160687,1.174037110272678
34.0,normal,1.84,2.4455677786825474,1.2,0.309952747015167,0.9680848400885707,1.1728613749289576,499.6887626800411,97.6648793035746,1.2,1.19743252593778,1.1728613749289576
34.050000000000004,normal,1.84,2.424567778682543,1.2,0.30269397826675765,0.9455080138723522,1.1810481610159544,500.357913486688,97.75854639931299,1.2,1.4228739989014927,1.1810481610159544
34.1,normal,1.84,2.403567778682546,1.2,0.2964341993199654,0.9256101206251248,1.1969774835485334,501.00816649742467,97.85071894799034,1.2,1.3911057796098225,1.1969774835485334
34.15,normal,1.84,2.3825677786825485,1.2,0.2909150606849025,0.9087315549017716,1.2057082751091737,501.60291149060856,97.94337292280986,1.2,1.3080729486531357,1.2057082751091737
34.2,normal,1.84,2.361567778682544,1.2,0.2859717278576698,0.8954461940827427,1.2140843455378396,501.991426054642,98.03653908566135,1.2,1.1249249445325928,1.2140843455378396
34.25,normal,1.84,2.340567778682547,1.2,0.28143088168515706,0.8858350934150283,1.2125312481585027,502.25329146991265,98.12889115401346,1.2,0.964588879191379,1.2125312481585027
34.300000000000004,normal,1.84,2.319567778682546,1.2,0.27733275539026153,0.879797549364294,1.1853067238540047,502.50153904310673,98.22074340639855,1.2,0.8983070543429346,1.1853067238540047
34.35,normal,1.84,2.2985677786825454,1.2,0.2737639132772167,0.877043769656966,1.1646107065518183,502.8331297060818,98.31313197025094,1.2,1.022535467459392,1.1646107065518183
34.4,normal,1.84,2.277567778682548,1.2,0.2708400614370824,0.8771490417054761,1.152789887498908,503.28149423935804,98.40631564985634,1.2,1.1589483527868438,1.152789887498908
34.45,normal,1.8433715299786642,2.2570762428691284,1.2,0.27157650160698216,0.8796807996708498,1.1507408519659026,503.7818379763051,98.50115041054411,1.2,1.189585067314407,1.1507408519659026
34.5,normal,1.849564738418727,2.2370102475233247,1.2,0.27233886150746706,0.8842884121057919,1.1578188971424934,504.22406727785085,98.59941910995616,1.2,1.0990526786842552,1.1578188971424934
34.550000000000004,normal,1.855757946858791,2.2169442521775173,1.2,0.27555310283702517,0.8905935002003385,1.1719439776358667,504.53143159634624,98.70237809029916,1.2,0.9138610439467941,1.1719439776358667
34.6,normal,1.8619511552988548,2.19687825683171,1.2,0.2816864500730635,0.898200977303033,1.1903049615176478,504.72102134466627,98.81018739956001,1.2,0.7325629327491479,1.1903049615176478
34.65,normal,1.8681443637389177,2.1768122614859062,1.2,0.29028745272053547,0.9067161877326864,1.210114946993299,504.8622138816119,98.92233034131942,1.2,0.6927494042259204,1.210114946993299
34.7,normal,1.8743375721789817,2.1567462661400993,1.2,0.3003655319187861,0.9157175471653023,1.207069941366179,505.0148510389435,99.03824294719449,1.2,0.7456056938862637,1.207069941366179
34.75,normal,1.8805307806190457,2.136680270794292,1.2,0.3110908793858663,0.9247802633721884,1.2058724212544265,505.20950164442314,99.15772256982957,1.2,0.8480839190974473,1.2058724212544265
34.800000000000004,normal,1.8867239890591097,2.116614275448485,1.2,0.3218838226781184,0.9335209962073219,1.203005737013701,505.4463869295263,99.28088856361083,1.2,0.9348828167192238,1.203005737013701
34.85,column,1.8929171974991736,2.096548280102678,1.2,0.6835777218636429,0.9416587680367872,1.1932712556146916,506.2141165250209,99.39303750409901,1.2,1.5590098551461637,1.1932712556146916
34.9,column,1.8991104059392365,2.076482284756874,1.2,0.6846199234764044,0.9532324680287296,1.1875992553629913,507.1794311684517,99.48920245606351,1.2,1.7142587071533963,1.1875992553629913
34.95,compressed,1.9053036143793003,2.056416289411067,1.2,0.5433532097010427,0.9616894416625166,1.1883397754149025,507.9972776680585,99.57405909963511,1.2,1.5059861690410474,1.1883397754149025
35.0,compressed,1.9114968228193643,2.03635029406526,1.2,0.5383022525734933,0.9656925946795905,1.1950968737002683,508.70266917291644,99.65093750262463,1.2,1.3790356724568724,1.1950968737002683
35.050000000000004,compressed,1.9176900312594283,2.0162842987194525,1.2,0.5302073334446438,0.965437334467125,1.206817960861565,509.27101042616135,99.73250270359499,1.2,1.2726066264822726,1.206817960861565
35.1,compressed,1.9238832396994923,1.9962183033736456,1.2,0.5191408351830904,0.9615140902156052,1.2220072841224687,509.71463593350643,99.81943011752998,1.2,1.1960024160939937,1.2220072841224687
35.15,compressed,1.9300764481395551,1.9761523080278418,1.2,0.5051921425111509,0.9547303452563556,1.2390529217186057,510.0646796107459,99.91127328959504,1.2,1.124528550530377,1.2390529217186057
35.2,compressed,1.936269656579619,1.9560863126820345,1.2,0.48848247087223823,0.9459419539593905,1.2499113368116692,510.45033577612986,100.00121882718857,1.2,1.1898153090765227,1.2499113368116692
35.25,compressed,1.942462865019683,1.9360203173362274,1.2,0.4702242792878657,0.9413313299351305,1.2540723645175522,510.8306662859495,100.09027758949897,1.2,1.176070400118966,1.2540723645175522
35.300000000000004,compressed,1.948656073459747,1.9159543219904205,1.2,0.45066362186348635,0.941010310622439,1.2517418209442734,511.1684624694901,100.18096073022275,1.2,1.103972188608068,1.2517418209442734
35.35,compressed,1.9548492818998096,1.8958883266446167,1.2,0.4300984677216224,0.9447393536839899,1.2437035704366448,511.4366991987365,100.2757770610326,1.2,0.984497000281889,1.2437035704366448
35.4,normal,1.9610424903398735,1.8758223312988094,1.2,0.4850664268263003,0.9520120090973461,1.2402386889355879,512.3006826511156,100.35553614328785,1.2,1.604639452319003,1.2402386889355879
35.45,normal,1.9672356987799375,1.8557563359530023,1.2,0.4972029680319577,0.9537222190590919,1.240993054534841,513.1371504677659,100.42928484118362,1.2,1.564833631060991,1.240993054534841
35.5,normal,1.9734289072200015,1.8356903406071954,1.2,0.5060968722363481,0.9500558611212893,1.2454675062452842,513.9569612247075,100.5021050185884,1.2,1.5274713047729889,1.2454675062452842
35.550000000000004,normal,1.9796221156600655,1.815624345261388,1.2,0.5118360149079345,0.9410753730251034,1.2461808364837805,514.8295184205199,100.57477983425626,1.2,1.5446224194504563,1.2461808364837805
35.6,normal,1.9858153241001284,1.7955583499155843,1.2,0.5149578621119251,0.93258037082696,1.2409493003915735,515.6483397119642,100.65344801059183,1.2,1.4866838859880047,1.2409493003915735
35.65,normal,1.9920085325401922,1.7754923545697772,1.2,0.5155587803450907,0.9245172269094022,1.2372862724297091,516.4017507412457,100.74180936543058,1.2,1.428410447592683,1.2372862724297091
35.7,normal,1.9982017409802562,1.7554263592239698,1.2,0.5137921280316748,0.9168731511999473,1.2291655479424732,517.0884921359828,100.84066020702238,1.2,1.3792859117766283,1.2291655479424732
35.75,normal,2.004394949420319,1.735360363878166,1.2,0.5098627021218224,0.9097037664658336,1.220198433559251,517.7185484015207,100.9495903710038,1.2,1.3566084431047982,1.220198433559251
35.800000000000004,normal,2.010588157860384,1.7152943685323556,1.2,0.5040004852497398,0.9031409070560499,1.2118203071243216,518.3032050763679,101.06820832942786,1.2,1.379819675623286,1.2118203071243216
35.85,normal,2.016781366300447,1.695228373186552,1.2,0.4964275772915574,0.8973899604414017,1.205444969598232,518.8466947838597,101.1966631150811,1.2,1.3804248981274931,1.205444969598232
35.9,normal,2.022974574740511,1.6751623778407447,1.2,0.48739561544067894,0.8927351630624134,1.2022470487491663,519.3461953767575,101.3358667338761,1.2,1.3483320913126633,1.2022470487491663
35.95,normal,2.029167783180575,1.6550963824949374,1.2,0.4771817568259552,0.8895614890386998,1.2027313040856458,519.7882937615121,101.48378396238921,1.2,1.2898007725343958,1.2027313040856458
36.0,normal,2.035360991620638,1.6350303871491338,1.2,0.46651165691547475,0.8883361121056463,1.1887798697793739,520.1722267793356,101.64159481451011,1.2,1.226880686050578,1.1887798697793739
36.050000000000004,normal,2.0415542000607028,1.6149643918033234,1.2,0.4554118255426768,0.8887109981110197,1.1564375988953843,520.5629845972239,101.81050422454462,1.2,1.1533045082648852,1.1564375988953843
36.1,normal,2.0477474085007654,1.5948983964575194,1.2,0.443655738321841,0.8903592578194492,1.1319635446165581,521.0801925324062,101.99097556181516,1.2,1.1555214378817174,1.1319635446165581
36.15,normal,2.0539406169408285,1.5748324011117159,1.2,0.4308449798651036,0.8929684067328121,1.1171889010554954,521.6599121407658,102.17954344146403,1.2,1.173139506607862,1.1171889010554954
36.2,normal,2.0601338253808934,1.5547664057659052,1.2,0.41710147742077963,0.8962217143525437,1.1120717093027597,522.1804115921782,102.37337253083929,1.2,1.173951679798018,1.1120717093027597
36.25,normal,2.066327033820956,1.5347004104201014,1.2,0.4025534775804872,0.8999858633506168,1.1157404544925742,522.6341010212404,102.57127254334623,1.2,1.115601870171592,1.1157404544925742
36.300000000000004,normal,2.07252024226102,1.5146344150742943,1.2,0.38724762914488264,0.9044304923762556,1.1279111581043315,523.052650385836,102.77267193755846,1.2,1.0981001009502258,1.1279111581043315
36.35,normal,2.078713450701084,1.4945684197284872,1.2,0.37127546678932954,0.8748935929615846,1.1441086457154646,523.3911085027661,102.97544648701472,1.2,0.9421873059190308,1.1441086457154646
36.4,normal,2.084906659141147,1.4745024243826834,1.2,0.35606147959680473,0.8342134241706021,1.1554191633006103,524.0158113178084,103.17959191866095,1.2,1.3500796357767733,1.1554191633006103
36.45,normal,2.091099867581212,1.4544364290368728,1.2,0.34434475949927557,0.7961451513620217,1.1612174979785068,524.6216507778753,103.38691815342685,1.2,1.414907338042434,1.1612174979785068
36.5,normal,2.097293076021275,1.434370433691069,1.2,0.33667582645185673,0.7608862740544837,1.165127060529491,525.6687511442781,103.59491413776239,1.2,1.9064245078490665,1.165127060529491
36.550000000000004,normal,2.103486284461339,1.414304438345262,1.2,0.3319946097609264,0.7326846268397944,1.1588575920956468,526.3824467947793,103.80353838424348,1.2,1.5544592975681417,1.1588575920956468
36.6,normal,2.109679492901403,1.394238442999455,1.2,0.32917424289775876,0.7114275000525474,1.1575197369588859,526.9678688045561,104.01383882037452,1.2,1.3986845645922348,1.1575197369588859
36.65,normal,2.1158727013414653,1.374172447653651,1.2,0.3279409798001926,0.696313545358598,1.1554883013894819,527.3754362025368,104.22657399419086,1.2,1.1487761947525086,1.1554883013894819
36.7,normal,2.1220659097815306,1.3541064523078403,1.2,0.3282738662899584,0.6860569504727851,1.132687589343301,527.6876210132044,104.44255736820995,1.2,0.9511871291572633,1.132687589343301
36.75,normal,2.1282591182215937,1.334040456962037,1.2,0.33024889381643396,0.6791192432313846,1.1154246137631647,527.9951877176729,104.66237404326037,1.2,0.8415450068022864,1.1154246137631647
36.800000000000004,normal,2.1344523266616573,1.3139744616162297,1.2,0.33394965520322983,0.6739634900854283,1.1045273222271461,528.5507806292844,104.88064524331926,1.2,1.208748918391201,1.1045273222271461
36.85,normal,2.1406455351017213,1.2939084662704223,1.2,0.3382097924026378,0.6699269033829749,1.1001480755573676,529.037818304128,105.09743072138347,1.2,1.1601114607109746,1.1001480755573676
36.9,normal,2.1468387435417844,1.2738424709246188,1.2,0.34278345229846263,0.6667384798435763,1.102309552222354,529.4750170950973,105.31250433879185,1.2,1.149754426911659,1.102309552222354
36.95,normal,2.1530319519818484,1.2537764755788114,1.2,0.34743649623088846,0.6641652433664882,1.1109240675105871,529.8844082836691,105.52550500969389,1.2,1.1586142262154486,1.1109240675105871
37.0,normal,2.1592251604219124,1.2337104802330046,1.2,0.35194764196634865,0.6620172202836216,1.1253865692854785,530.2744486492029,105.73622147834726,1.2,1.1452070598463382,1.1253865692854785
37.050000000000004,normal,2.165418368861976,1.2136444848871972,1.2,0.3560761558199537,0.660541290943025,1.1442890073620542,530.6676484768132,105.9435255528785,1.2,1.1451039489632795,1.1442890073620542
37.1,normal,2.1716115773020404,1.1935784895413901,1.2,0.3597199871339179,0.6611340133715042,1.166031934321139,531.0849187651718,106.14639610699727,1.2,1.207352228862578,1.166031934321139
37.15,normal,2.177804785742103,1.1735124941955863,1.2,0.3627842360586855,0.6650351793095304,1.1873591589784893,531.4642042054636,106.34284753129414,1.2,1.0985817858944993,1.1873591589784893
37.2,normal,2.1839979941821666,1.153446498849779,1.2,0.3648786340069499,0.673033605054902,1.2060136570038498,531.8669100619524,106.53156104503948,1.2,1.1510839408336182,1.2060136570038498
37.25,normal,2.190191202622231,1.1333805035039721,1.2,0.3657579156283207,0.6854203941073627,1.2170621404419704,532.3069745184082,106.71170654653767,1.2,1.2421988182652781,1.2170621404419704
37.300000000000004,normal,2.1963844110622945,1.113314508158165,1.2,0.3653113676326441,0.7020801696127146,1.2228369286120258,532.7677952441383,106.88285698095306,1.2,1.2848307767303029,1.2228369286120258
37.35,normal,2.2025776195023576,1.0932485128123612,1.2,0.3635541954902638,0.7226280947803236,1.229858772781017,533.2257378237531,107.0449078526597,1.2,1.2880442615862773,1.229858772781017
37.4,normal,2.2087708279424216,1.073182517466554,1.2,0.36060706036379725,0.7465332706708709,1.2370335273531283,533.8207137582478,107.19960957003369,1.2,1.4966441689590668,1.2370335273531283
37.45,normal,2.2149640363824856,1.0531165221207468,1.2,0.3578166230588097,0.7732061336809606,1.2340849732038812,534.366819125343,107.34806957863807,1.2,1.4446823399860025,1.2340849732038812
37.5,normal,2.2211572448225496,1.0330505267749397,1.2,0.3553609620367296,0.8020489370554933,1.2279995035322817,535.1474264757105,107.49169359961974,1.2,1.6177531882773912,1.2279995035322817
37.550000000000004,normal,2.2273504532626136,1.0129845314291326,1.2,0.35406137390785564,0.8324776042098356,1.2197220441369938,535.8821351360423,107.63428282426989,1.2,1.548832773260611,1.2197220441369938
37.6,normal,2.2335436617026763,0.9929185360833288,1.2,0.3539994133897801,0.8639256076102078,1.2103673029150557,536.2766052012686,107.77573144080966,1.2,1.2233665976002706,1.2103673029150557
37.65,normal,2.2397368701427403,0.9728525407375217,1.2,0.3544575696158467,0.895840608360861,1.201181051396152,536.594918352924,107.91667258371882,1.2,1.091550474732899,1.201181051396152
37.7,normal,2.2459300785828042,0.9527865453917145,1.2,0.3552460007792228,0.92768558138747,1.1934415376343965,536.8386902390075,108.05460310726195,1.2,0.9050839653994032,1.1934415376343965
37.75,normal,2.252123287022867,0.9327205500459107,1.2,0.35621367007134846,0.9441502552577541,1.1658069530924646,537.3461694287382,108.18273262567813,1.2,1.1973212774128155,1.1658069530924646
37.800000000000004,normal,2.2583164954629322,0.9126545547001002,1.2,0.3565416304967894,0.9540479755467339,1.143459239944182,538.4702332746755,108.2977840405534,1.2,1.9355772203215864,1.143459239944182
37.85,normal,2.264509703902995,0.8925885593542964,1.2,0.3550567621597877,0.9589946871479331,1.13540124229251,539.7606805359815,108.40544064415775,1.2,2.082273173005329,1.13540124229251
37.9,normal,2.270702912343059,0.8725225640084893,1.2,0.35207685375778003,0.9584841867178788,1.1412828772565338,540.9677584427407,108.50876636965961,1.2,2.0207538834542333,1.1412828772565338
37.95,normal,2.276896120783123,0.852456568662682,1.2,0.34757208967534814,0.9519905820204351,1.1601862177622426,542.0404827730127,108.61110427593897,1.2,1.8988410049038962,1.1601862177622426
38.0,normal,2.2830893292231855,0.8323905733168785,1.2,0.3416577345155404,0.9391759709829952,1.1754627748151567,542.5836226769345,108.71344867256457,1.2,1.351673943632371,1.1754627748151567
38.050000000000004,normal,2.289282537663251,0.8123245779710679,1.2,0.3359599562007737,0.9272119259325429,1.1774411266967282,543.0969225537917,108.81613234497304,1.2,1.244794216776342,1.1774411266967282
38.1,normal,2.2954757461033135,0.7922585826252642,1.2,0.3305814854439824,0.9172741499533192,1.1873767052248987,543.5872366792964,108.92047762129724,1.2,1.1823127766423756,1.1873767052248987
38.15,normal,2.301668954543377,0.7721925872794578,1.2,0.32557177069231813,0.910310923858072,1.2038561698448167,544.0131283501879,109.02809426558203,1.2,1.1637340221555743,1.2038561698448167
38.2,normal,2.307862162983441,0.7521265919336506,1.2,0.3209032295284051,0.9070277292623643,1.2144063027009615,544.3425431147359,109.13961453699359,1.2,1.0693441993383221,1.2144063027009615
38.25,normal,2.314055371423504,0.7320605965878468,1.2,0.3164431767416817,0.9078365848032057,1.220180526735007,544.5842069526817,109.25495097570133,1.2,0.9289423686277093,1.220180526735007
38.300000000000004,normal,2.320248579863569,0.7119946012420363,1.2,0.31201503367013556,0.9128144934492954,1.219616464967842,544.7577440200204,109.3734770376789,1.2,0.7851184230275864,1.219616464967842
38.35,normal,2.326441788303632,0.6919286058962325,1.2,0.3074398005030376,0.9217079504033001,1.212327616702709,544.8845951342474,109.49415074848893,1.2,0.663966636323196,1.212327616702709
38.400000000000006,normal,2.332634996743696,0.6718626105504254,1.2,0.3025519109628649,0.9339813825763095,1.2035232330150223,544.9750401000504,109.61653092023039,1.2,0.548275341075622,1.2035232330150223
38.45,normal,2.33882820518376,0.6517966152046182,1.2,0.29731375448490294,0.9489466719975017,1.1944788144816727,545.0398880733206,109.74023855245008,1.2,0.44876780076190687,1.1944788144816727
38.5,normal,2.3450214136238228,0.6317306198588146,1.2,0.2917201304282186,0.9489801278625687,1.1925843695434597,545.7630764240988,109.85770493790011,1.2,1.29796377733823,1.1925843695434597
38.550000000000004,normal,2.3512146220638876,0.6116646245130041,1.2,0.2858271264063513,0.9353347086729065,1.1975644152324583,546.4218460944352,109.97092283525251,1.2,1.2447958311349545,1.1975644152324583
38.6,normal,2.3574078305039508,0.5915986291672003,1.2,0.2797393494367331,0.9259572160338225,1.2083374964461664,546.9655518944369,110.08137465579885,1.2,1.1312134076884448,1.2083374964461664
38.650000000000006,normal,2.3636010389440143,0.571532633821393,1.2,0.27358611947227224,0.920210030387244,1.2132302142262061,547.4010020638283,110.18973666592355,1.2,1.0382751743393541,1.2132302142262061
38.7,normal,2.3697942473840783,0.551466638475586,1.2,0.2676247508563284,0.9173596580304493,1.20063338496849,547.7694592802297,110.2960832563912,1.2,1.018366519014665,1.20063338496849
38.75,normal,2.3759874558241414,0.5314006431297822,1.2,0.26235093230273543,0.9166824112899257,1.1915704324864,548.1184085691274,110.40020883118032,1.2,1.0443325827083503,1.1915704324864
38.800000000000004,normal,2.3821806642642063,0.5113346477839716,1.2,0.2587595377782715,0.9176175112277494,1.1874163983058,548.472679428403,110.50191096344534,1.2,1.0731590915795624,1.1874163983058
38.85,normal,2.388373872704269,0.49126865243816786,1.2,0.2576936595913285,0.919929403342812,1.1887807090547853,548.8275237043949,110.60129044774725,1.2,1.0780632653016842,1.1887807090547853
38.900000000000006,normal,2.394567081144333,0.4712026570923608,1.2,0.2582877561801638,0.9238021630075197,1.1948981059670887,549.0636318491789,110.69878289363325,1.2,0.8762881561513497,1.1948981059670887
38.95,normal,2.400760289584397,0.45113666174655354,1.2,0.2597363951731034,0.9298195652228827,1.1642211629427126,549.1883049605988,110.79423145989307,1.2,0.627793753956338,1.1642211629427126
39.0,normal,2.40695349802446,0.43107066640074976,1.2,0.2616492412945816,0.9386767273031049,1.127228175745956,549.4391903016408,110.88815474332883,1.2,0.9052158560312247,1.127228175745956
39.050000000000004,normal,2.4131467064645236,0.41100467105494276,1.2,0.2638441755403534,0.9465461293584805,1.1032780124817092,550.3961866823918,110.97638399476483,1.2,1.537748431883325,1.1032780124817092
39.1,normal,2.419339914904588,0.39093867570913543,1.2,0.2657234615693308,0.94119001533011,1.0922399899464401,551.3424174771513,111.06294506656216,1.2,1.5093089533747661,1.0922399899464401
39.150000000000006,normal,2.4255331233446515,0.3708726803633284,1.2,0.2672071205415082,0.9355105400109824,1.094163039566498,552.2793895800063,111.14999228336637,1.2,1.4830463789638322,1.094163039566498
39.2,normal,2.4317263317847155,0.3508066850175211,1.2,0.26829344533494,0.9329341941937663,1.1090715391721753,553.210117806178,111.23819464022974,1.2,1.462366919465912,1.1090715391721753
39.25,normal,2.4379195402247786,0.3307406896717173,1.2,0.2690328658533366,0.933781042782365,1.1371257632704324,554.1361271792279,111.32762842156589,1.2,1.446923692671302,1.1371257632704324
39.300000000000004,normal,2.4441127486648426,0.31067469432591027,1.2,0.26956527067577657,0.9382866954928359,1.1749396933856064,554.6993891396642,111.42072863550314,1.2,1.1578284580587959,1.1749396933856064
39.35,normal,2.4503059571049066,0.2906086989801033,1.2,0.27079284745728444,0.9460377879697601,1.1753329574245572,554.8917676727997,111.5164860107481,1.2,0.8285005992157926,1.1753329574245572
39.400000000000006,normal,2.4564991655449706,0.27054270363429594,1.2,0.2728958234551461,0.9563016045251715,1.1539164717211892,555.5937350012493,111.60902379343015,1.2,1.3972280464211828,1.1539164717211892
39.45,normal,2.4626923739850333,0.2504767082884922,1.2,0.27504625432463864,0.9621282167466447,1.145861091129793,556.4277842936025,111.70151859854302,1.2,1.5235009629663163,1.145861091129793
39.5,normal,2.4688855824250973,0.23041071294268517,1.2,0.27764728934513455,0.9635844022962528,1.1511307892863452,557.2750383547263,111.79646066677459,1.2,1.4907929947241838,1.1511307892863452
39.550000000000004,normal,2.4750787908651612,0.21034471759687787,1.2,0.2807699968027356,0.956289447371871,1.168317658671481,558.003874953383,111.89438805818207,1.2,1.3283120484494808,1.168317658671481
39.6,normal,2.4812719993052252,0.19027872225107081,1.2,0.28422523913332814,0.9454142179055285,1.1941190192522186,558.8328458150183,111.99516715028271,1.2,1.4952698706807392,1.1941190192522186
39.650000000000006,normal,2.4874652077452892,0.17021272690526354,1.2,0.28819502748733167,0.939461442616609,1.218151441505095,559.2815150599681,112.10052949220626,1.2,1.0620079993691345,1.218151441505095
39.7,normal,2.493658416185352,0.15014673155946,1.2,0.2928807829258152,0.9345282462901419,1.2378768719364148,559.7429950618289,112.21070615981405,1.2,1.073630359674188,1.2378768719364148
39.75,normal,2.499851624625416,0.13008073621365274,1.2,0.29760080533533495,0.9316393024799772,1.2404583461766436,560.2181612663788,112.3264085108326,1.2,1.149511435386875,1.2404583461766436
39.800000000000004,normal,2.50604483306548,0.11001474086784568,1.2,0.30195172812976645,0.9337555187023983,1.2405721069990028,560.4844406193256,112.44282380373957,1.2,0.8948988024163237,1.2405721069990028
39.85,normal,2.5122380415055425,0.08994874552204192,1.2,0.30523969056709294,0.9409599290468758,1.2406879347792452,560.7460439584245,112.56082580886894,1.2,0.9041276353857167,1.2406879347792452
39.900000000000006,normal,2.518431249945608,0.06988275017623136,1.2,0.30740319403560595,0.9530650002443024,1.2407988104017051,560.9873420176704,112.67464499685077,1.2,0.8745538489846238,1.2407988104017051
39.95,normal,2.5246244583856705,0.04981675483042758,1.2,0.307490548038975,0.9641176838825753,1.240907265353864,561.2029051429757,112.78469483679837,1.2,0.8277061994125987,1.240907265353864
40.0,normal,2.5308176668257345,0.02975075948462029,1.2,0.305616897290247,0.9739981779745326,1.2410222924717063,561.3897669882617,112.89141311443005,1.2,0.7667607109011303,1.2410222924717063
40.050000000000004,normal,2.5370108752657985,0.00968476413881325,1.2,0.3019393950244239,0.9730241568248268,1.2411557841128489,561.5473697680249,112.99528265931549,1.2,0.6959167457355357,1.2411557841128489
40.1,normal,2.550864442634906,0.0,1.2,0.2837472838365872,0.9711893855999414,1.241287208612068,561.6722843228862,113.09666272711058,1.2,0.6036644081203669,1.241287208612068
40.150000000000006,normal,2.57186444263491,0.0,1.2,0.2637100597576915,0.9690792725893422,1.240398250040286,561.7587980408866,113.19570810163786,1.2,0.4996644670341919,1.240398250040286
40.2,normal,2.5928644426349075,0.0,1.2,0.24330290261996304,0.9663609854203214,1.232688391456408,561.8234746852497,113.29233428253637,1.2,0.4107257892110129,1.232688391456408
40.25,normal,2.6138644426349082,0.0,1.2,0.22351614949550225,0.9627159034470154,1.2173624119190214,561.8861165778611,113.38609113050418,1.2,0.39342866190276876,1.2173624119190214
40.300000000000004,normal,2.634864442634909,0.0,1.2,0.2128271943424373,0.9578265858426753,1.2045020470318322,561.9669968068335,113.47637726940891,1.2,0.45008595915358995,1.2045020470318322
40.35,normal,2.6558644426349063,0.0,1.2,0.20804847050708183,0.9513879491083517,1.195265255149917,562.0796580054573,113.5633530646997,1.2,0.5614572712556272,1.195265255149917
40.400000000000006,normal,2.6768644426349106,0.0,1.2,0.20461872168078282,0.943121287803597,1.1869609432640658,562.2346075172502,113.64808166877361,1.2,0.668705162402707,1.1869609432640658
40.45,normal,2.697864442634908,0.0,1.2,0.20378771178985566,0.9382900531591623,1.1802443693771736,562.3855358569679,113.73220716974447,1.2,0.6973599627739041,1.1802443693771736
40.5,normal,2.718864442634905,0.0,1.2,0.2065181690036273,0.9363284879082527,1.1755311706791816,562.5408264953901,113.81654066291632,1.2,0.7220257603483592,1.1755311706791816
40.550000000000004,normal,2.7398644426349095,0.0,1.2,0.21351315272724358,0.9366091925527378,1.17291654048629,562.7068729743156,113.9013693417281,1.2,0.7485332401569809,1.17291654048629
40.6,normal,2.7608644426349067,0.0,1.2,0.2245002193621025,0.9385235596330093,1.1721839139309573,562.885811846571,113.9867209291163,1.2,0.7829457594957078,1.1721839139309573
40.650000000000006,normal,2.7818644426349075,0.0,1.2,0.23853033907920565,0.9415440502008261,1.1728833548095328,563.0758959079178,114.07254295742254,1.2,0.8227973323150073,1.1728833548095328
40.7,normal,2.8028644426349083,0.0,1.2,0.2546828751101021,0.945284462272638,1.1744941831823785,563.2705699356812,114.15874618620026,1.2,0.8499216431698773,1.1744941831823785
40.75,normal,2.823864442634906,0.0,1.2,0.2722658011729169,0.9494755181436629,1.1764974766478564,563.4641399580862,114.24530786920678,1.2,0.8600685946748865,1.1764974766478564
40.800000000000004,normal,2.8448644426349095,0.0,1.2,0.2907864188341064,0.9540355744283657,1.1821535855055614,563.8252717877021,114.32804441201682,1.2,1.0722354639747544,1.1821535855055614
40.85,normal,2.865864442634907,0.0,1.2,0.30917754593752095,0.9537043900051054,1.1905562879564475,564.1125818779816,114.40842388905278,1.2,0.9785576082217304,1.1905562879564475
40.900000000000006,normal,2.8868644426349075,0.0,1.2,0.3272730930388274,0.9490925183250154,1.196796618228595,564.3389537423336,114.49015410146357,1.2,0.8903629331350775,1.196796618228595
40.95,normal,2.9078644426349087,0.0,1.2,0.34533533876741906,0.9463439009397832,1.20035985246975,564.586682637833,114.57448059294582,1.2,0.9110518879995325,1.20035985246975
41.0,normal,2.9288644426349055,0.0,1.2,0.36288669474188373,0.9459200104059671,1.2010842186902093,564.8509248989733,114.66306516408662,1.2,0.9295233064210642,1.2010842186902093
41.050000000000004,normal,2.9498644426349068,0.0,1.2,0.37951991578883215,0.9481425755609978,1.1991166127233865,565.1208421923245,114.75755343995708,1.2,0.9421310522399932,1.1991166127233865
41.1,normal,2.9708644426349076,0.0,1.2,0.39490618185510806,0.9531860497022793,1.1990786172983312,565.3676160231515,114.85490835945865,1.2,0.920895039052229,1.1990786172983312
41.150000000000006,normal,2.991864442634909,0.0,1.2,0.4084838014316577,0.9556989179460207,1.2008848495996853,565.6052912383976,114.95677017076379,1.2,0.9060506897944393,1.2008848495996853
41.2,normal,3.012864442634909,0.0,1.2,0.42014575683827093,0.9559540657141263,1.2042505067805374,565.8313095957267,115.06423441904481,1.2,0.8793601364973489,1.2042505067805374
41.25,normal,3.0338644426349064,0.0,1.2,0.42982865315306695,0.9542163144003994,1.208741980102303,566.0444045230695,115.17784262159032,1.2,0.846652962858337,1.208741980102303
41.300000000000004,normal,3.0548644426349068,0.0,1.2,0.4375091292402969,0.9507492879607655,1.2138267214475336,566.2411641950554,115.2977450859881,1.2,0.8026885636042957,1.2138267214475336
41.35,normal,3.075864442634908,0.0,1.2,0.4432236836954117,0.9458239984849202,1.213931287100671,566.6543381658145,115.42716821199538,1.2,1.060424908559845,1.213931287100671
41.400000000000006,normal,3.096864442634909,0.0,1.2,0.4469345203381153,0.9452412593674919,1.2090533310213036,567.0441240794995,115.56630553815107,1.2,1.0235745685245607,1.2090533310213036
41.45,normal,3.1178644426349065,0.0,1.2,0.448575999181197,0.9491086361153052,1.1997557954222813,567.3877655833908,115.7152254000997,1.2,0.9686550076058292,1.1997557954222813
41.5,normal,3.138864442634907,0.0,1.2,0.44816932036030305,0.9574207798786667,1.1924556698917166,567.5551292951811,115.8691411787277,1.2,0.7341826664210439,1.1924556698917166
41.550000000000004,normal,3.159864442634907,0.0,1.2,0.4460834200978117,0.9646944748044974,1.187850862689567,567.7137777124348,116.02816488974376,1.2,0.7189179978146808,1.187850862689567
41.6,normal,3.1808644426349084,0.0,1.2,0.44250189828134295,0.9598870103582355,1.1863228866333777,567.8606341991392,116.19230914143665,1.2,0.6953338315901076,1.1863228866333777
41.650000000000006,normal,3.201864442634909,0.0,1.2,0.4376038342549332,0.9427418338150093,1.1841260287031312,568.1552767698234,116.36328307957743,1.2,0.9009749849183523,1.1841260287031312
41.7,normal,3.2228644426349065,0.0,1.2,0.43170895529664743,0.930847946974372,1.1810095261446965,568.4282110939924,116.54138866826756,1.2,0.870309811050117,1.1810095261446965
41.75,normal,3.2438644426349073,0.0,1.2,0.42481201838246585,0.9241841581818047,1.1769193598315537,568.6804115133635,116.72519314728595,1.2,0.8432979306661311,1.1769193598315537
41.800000000000004,normal,3.2648644426349076,0.0,1.2,0.41722561800610986,0.9227417381659022,1.172007436365359,568.9177370599834,116.91498705388777,1.2,0.8301061795749571,1.172007436365359
41.85,normal,3.2858644426349057,0.0,1.2,0.4089894804115852,0.9265288546154913,1.1686212765933752,569.1424750898825,117.10885939434922,1.2,0.8220167966532056,1.1686212765933752
41.900000000000006,normal,3.306864442634909,0.0,1.2,0.4005108695803289,0.9351748828639432,1.1657697962083027,569.3566290580036,117.30469523974406,1.2,0.8127307784460648,1.1657697962083027
41.95,normal,3.327864442634907,0.0,1.2,0.391955293499537,0.9482139468448383,1.1628551305876764,569.5561375088344,117.50168837832429,1.2,0.7970103815605663,1.1628551305876764
42.0,normal,3.3488644426349077,0.0,1.2,0.38339647604282956,0.9651479920594535,1.163030915831713,569.7902718526586,117.69633703538094,1.2,0.8529476374446764,1.163030915831713
42.050000000000004,normal,3.3698644426349085,0.0,1.2,0.3746900000986035,0.980950409535803,1.1663185411186991,570.0167316174573,117.88858412646901,1.2,0.8458984154377612,1.1663185411186991
42.1,normal,3.3908644426349057,0.0,1.2,0.3658846369858662,0.9955626409565714,1.1724714763689539,570.2167739215039,118.07855690523152,1.2,0.8026738304415046,1.1724714763689539
42.150000000000006,normal,3.4118644426349096,0.0,1.2,0.35702976749656457,1.009010693188689,1.1810066283286678,570.382045298111,118.26657205171341,1.2,0.7382928700909774,1.1810066283286678
42.2,normal,3.4328644426349078,0.0,1.2,0.34817672457673965,1.0214283350813849,1.191266666344348,570.5157342726934,118.45313978817254,1.2,0.6658197562301983,1.191266666344348
42.25,normal,3.453864442634908,0.0,1.2,0.33939208714671965,1.0330612331582396,1.2025032753769587,570.6330134122633,118.6385233074168,1.2,0.613925004968717,1.2025032753769587
42.300000000000004,normal,3.474864442634909,0.0,1.2,0.330809889345225,1.0441046844016242,1.2135252087863357,570.7529589295331,118.82244418784464,1.2,0.5920800450340498,1.2135252087863357
42.35,normal,3.495864442634906,0.0,1.2,0.3225674854617161,1.0113721323960334,1.2232000118421629,570.8901872163723,119.0044856279484,1.2,0.6071382565491792,1.2232000118421629
42.400000000000006,normal,3.5168644426349105,0.0,1.2,0.3147949248230857,0.9821753320864692,1.2307175449143495,571.0501498839479,119.18429348444639,1.2,0.6527509639933087,1.2307175449143495
42.45,normal,3.5378644426349077,0.0,1.2,0.30760251830148083,0.9567737921006623,1.2356272704913518,571.2298784200943,119.36157725335173,1.2,0.6950568998415199,1.2356272704913518
42.5,normal,3.558864442634905,0.0,1.2,0.30116221534904336,0.9353510390971671,1.2376415586844147,571.8095065649734,119.5381096591378,1.2,1.1080587972936429,1.2376415586844147
42.550000000000004,normal,3.5798644426349098,0.0,1.2,0.29617779955435913,0.9221555158723018,1.2334770390034304,572.3956729991521,119.71521636714253,1.2,1.139273941220718,1.2334770390034304
42.6,normal,3.600864442634906,0.0,1.2,0.29730718265760625,0.9175419164455791,1.2256253263194856,572.9899274511229,119.8940774467406,1.2,1.181428016461145,1.2256253263194856
42.650000000000006,normal,3.621864442634907,0.0,1.2,0.2997559675981134,0.9218253074480569,1.2193358178541343,573.4887205986804,120.07294981866468,1.2,1.1415572836992791,1.2193358178541343
42.7,normal,3.6428644426349086,0.0,1.2,0.3023677327103118,0.9338294373121292,1.215364452990689,573.8872834425679,120.25161758707188,1.2,1.071586353517089,1.215364452990689
42.75,normal,3.6638644426349054,0.0,1.2,0.3050325419645998,0.9520647269898708,1.207902298689577,574.1161648913483,120.42688163778605,1.2,0.8589967029738294,1.207902298689577
42.800000000000004,normal,3.68486444263491,0.0,1.2,0.3085558363723027,0.9707583268475468,1.1997459701239115,574.3385454225496,120.59945014835012,1.2,0.7937971232405189,1.1997459701239115
42.85,normal,3.7058644426349074,0.0,1.2,0.31274828246239894,0.989348664372196,1.1943465529314385,574.5477921213399,120.7707568361804,1.2,0.7551306347392641,1.1943465529314385
42.900000000000006,normal,3.7268644426349073,0.0,1.2,0.3173677538207462,1.0076704498432942,1.1929738286389338,574.7429278359602,120.94152190078682,1.2,0.7853445477436216,1.1929738286389338
42.95,normal,3.747864442634908,0.0,1.2,0.3221567294512309,1.0258882372993248,1.1962271079828088,574.9239063503619,121.11158718266189,1.2,0.7851069790990042,1.1962271079828088
43.0,normal,3.7688644426349063,0.0,1.2,0.32686767593093624,1.0269905173274774,1.2039547358629519,575.0928060191003,121.28033704390177,1.2,0.7687817965259068,1.2039547358629519
43.050000000000004,normal,3.7898644426349066,0.0,1.2,0.33127234848376513,1.0286798130201629,1.2153720460449196,575.2576803487392,121.4469797601545,1.2,0.7590800239200395,1.2153720460449196
43.1,normal,3.810864442634907,0.0,1.2,0.33516235234292424,1.0326168972984513,1.2292988636438331,575.431789416524,121.61074096983565,1.2,0.7696861853274761,1.2292988636438331
43.150000000000006,normal,3.831864442634908,0.0,1.2,0.33834902052197835,1.039116571946017,1.2444117431419923,575.627702938251,121.77100741145652,1.2,0.7973481092772211,1.2444117431419923
43.2,normal,3.852864442634909,0.0,1.2,0.34066612384420913,1.0484028998964883,1.2594865548202234,575.8513493360695,121.92738332465971,1.2,0.8305118856338515,1.2594865548202234
43.25,normal,3.8738644426349063,0.0,1.2,0.34197693202133317,1.060585992530309,1.2660448919465577,576.0916908160106,122.07949700539282,1.2,0.8448952214588725,1.2660448919465577
43.300000000000004,normal,3.8948644426349075,0.0,1.2,0.342217257748355,1.07547117039994,1.2646532711506677,576.3443375647953,122.22735661097634,1.2,0.8644234547271964,1.2646532711506677
43.35,normal,3.915864442634908,0.0,1.2,0.3413153120662772,1.0928598116143582,1.2582919224816425,576.5919432394385,122.3713973834193,1.2,0.8576003222112814,1.2582919224816425
43.400000000000006,normal,3.936864442634908,0.0,1.2,0.3392392223240155,1.1125494256614519,1.2529674322119972,576.8227544850137,122.51217345558376,1.2,0.8263982916480073,1.2529674322119972
43.45,normal,3.957864442634906,0.0,1.2,0.3360192228741348,1.1343346091144635,1.2489630089378687,577.0365739093767,122.6502951129026,1.2,0.8022270075082076,1.2489630089378687
43.5,normal,3.9788644426349062,0.0,1.2,0.33170216822389476,1.1580088770074781,1.2464549753060015,577.2334668540442,122.78638715645113,1.2,0.7825167700195298,1.2464549753060015
43.550000000000004,normal,3.9998644426349075,0.0,1.2,0.3263476770928614,1.1833672747012969,1.242991526329888,577.4136189766156,122.92108221520976,1.2,0.7541653044901029,1.242991526329888
43.6,normal,4.020864442634908,0.0,1.2,0.32001618706453705,1.2102095916285578,1.237969209202707,577.5779387972447,123.05501589676786,1.2,0.7246133264067925,1.237969209202707
43.650000000000006,normal,4.0418644426349095,0.0,1.2,0.31275708388524504,1.2383438948639833,1.2335218486527886,577.7254750579671,123.18868776821131,1.2,0.698467363562428,1.2335218486527886
43.7,normal,4.062864442634906,0.0,1.2,0.3046343247249381,1.2674899672596005,1.2298238490124338,577.856020995104,123.32240259248755,1.2,0.6720059426224134,1.2298238490124338
43.75,normal,4.083864442634907,0.0,1.2,0.2957359824852087,1.2972365976030995,1.2269580761752759,577.9731383058983,123.45650221299493,1.2,0.6388217831857208,1.2269580761752759
43.800000000000004,normal,4.1048644426349075,0.0,1.2,0.2861302020355053,1.3271787485556727,1.223563143615764,578.0986717365523,123.59085425191384,1.2,0.672469319911251,1.223563143615764
43.85,normal,4.125864442634908,0.0,1.2,0.2758965479738773,1.3569411077098503,1.2160133706837826,578.2514122659543,123.72537403666217,1.2,0.76235041662786,1.2160133706837826
43.900000000000006,normal,4.146864442634909,0.0,1.2,0.26507321611917944,1.386205731079647,1.2087628226649254,578.4362170000127,123.8601457704712,1.2,0.8408231181018957,1.2087628226649254
43.95,normal,4.167864442634906,0.0,1.2,0.2536678488015062,1.4147397752852886,1.2057595462029285,578.6377633683979,123.99541282049694,1.2,0.8743397842443802,1.2057595462029285
44.0,normal,4.188864442634907,0.0,1.2,0.241694508753989,1.442416305935454,1.2074638248177043,578.8128413553167,124.13153099057547,1.2,0.8184253444340278,1.2074638248177043
44.050000000000004,normal,4.209864442634909,0.0,1.2,0.22927538632761663,1.4692220977766892,1.2095766325778248,578.9416602321371,124.26843468272577,1.2,0.707501931171698,1.2095766325778248
44.1,normal,4.230864442634905,0.0,1.2,0.21666206175781086,1.4952490193725443,1.2136936440465451,579.0348802220292,124.40591365734787,1.2,0.6067385547395896,1.2136936440465451
44.150000000000006,normal,4.2518644426349095,0.0,1.2,0.20420178617855383,1.5206706587677439,1.2016660448972363,579.1228983126485,124.54377929229274,1.2,0.5704645323263405,1.2016660448972363
44.2,normal,4.272864442634907,0.0,1.2,0.19230072664590706,1.5457098286901214,1.1927701893739397,579.2341602013927,124.68207439243429,1.2,0.5709703272766493,1.1927701893739397
44.25,normal,4.293864442634908,0.0,1.2,0.18136613379675864,1.570605144318947,1.1891946082583824,579.3740453281206,124.82107166457322,1.2,0.6098618903920859,1.1891946082583824
44.300000000000004,normal,4.314864442634908,0.0,1.2,0.17175676575203536,1.5955826268834028,1.1910342923032504,579.5206991375426,124.96102543787997,1.2,0.6254396612577666,1.1910342923032504
44.35,normal,4.3358644426349064,0.0,1.2,0.1660344042908123,1.620835064680977,1.1975742002088365,579.6431739458195,125.10191546021366,1.2,0.5986433350204721,1.1975742002088365
44.400000000000006,normal,4.35686444263491,0.0,1.2,0.1648513918024249,1.6357947058668887,1.207628045628371,579.729971557479,125.24353506414616,1.2,0.5316427925851435,1.207628045628371
44.45,normal,4.377864442634908,0.0,1.2,0.1652063381735624,1.6478230677415158,1.2198015337707904,579.785848071757,125.38549777785197,1.2,0.44527604825147743,1.2198015337707904
44.5,normal,4.398864442634904,0.0,1.2,0.16688417494315372,1.659427225351899,1.2327255334983582,579.8237282424666,125.5272967883055,1.2,0.3743056348672637,1.2327255334983582
44.550000000000004,normal,4.419864442634909,0.0,1.2,0.16938565637885072,1.6712366066927369,1.2340347056532526,579.8563935789248,125.66843696584661,1.2,0.3464296185451539,1.2340347056532526
44.6,normal,4.440864442634906,0.0,1.2,0.17223990012835638,1.6837852598738072,1.2339749106088282,579.8917597536646,125.80850915402334,1.2,0.3562879255908009,1.2339749106088282
44.650000000000006,normal,4.461864442634908,0.0,1.2,0.17512100508575554,1.697487172226757,1.2334918116203868,579.9324744016938,125.94705394304549,1.2,0.37485372738173944,1.2334918116203868
44.7,normal,4.482864442634908,0.0,1.2,0.17782973113480116,1.71258066795462,1.232601563873365,579.9753736506444,126.08355634060355,1.2,0.3784925390380417,1.232601563873365
44.75,normal,4.503864442634906,0.0,1.2,0.18027199983056383,1.7290317256809837,1.231354795448266,580.0201991346617,126.2176429911259,1.2,0.3821993244728645,1.231354795448266
44.800000000000004,normal,4.524864442634909,0.0,1.2,0.18240424603528163,1.7467955087574585,1.2298336914256547,580.0658375596448,126.34903784021826,1.2,0.384532683119016,1.2298336914256547
44.85,normal,4.545864442634907,0.0,1.2,0.18421473735158328,1.7658164756287256,1.2281471607549095,580.1105248195247,126.47760031320057,1.2,0.38116203965956,1.2281471607549095
44.900000000000006,normal,4.566864442634907,0.0,1.2,0.1857145722285633,1.7860290806437267,1.2264239575627756,580.1529068563739,126.60331467631026,1.2,0.3725291897972961,1.2264239575627756
44.95,normal,4.587864442634909,0.0,1.2,0.1869291834334085,1.8073590840646288,1.2248036708186556,580.1922747975483,126.72627902123814,1.2,0.35996038664353336,1.2248036708186556
45.0,normal,4.608864442634905,0.0,1.2,0.18789001432133617,1.8297254176992264,1.2234257383758373,580.2285518822863,126.84669350747635,1.2,0.34561428785648757,1.2234257383758373
45.050000000000004,normal,4.629864442634907,0.0,1.2,0.1886263237147423,1.853042471345842,1.2224161425780722,580.7024208568168,126.959364583458,1.2,0.8436259811254134,1.2224161425780722
45.1,normal,4.650864442634907,0.0,1.2,0.18830844256020587,1.8772225881461801,1.2218727313957443,581.1162200350049,127.06553787631881,1.2,0.8246950300311419,1.2218727313957443
45.150000000000006,normal,4.6718644426349085,0.0,1.2,0.18707526504411584,1.901968466069442,1.2218432826669143,581.4314809821574,127.16764362957312,1.2,0.798841985068334,1.2218432826669143
45.2,normal,4.692864442634908,0.0,1.2,0.1853128702762777,1.9269632452293692,1.2006148619660242,581.6645752596764,127.2676855110363,1.2,0.7859064914169,1.2006148619660242
45.25,normal,4.713864442634907,0.0,1.2,0.18371638518070654,1.951898004160112,1.1800350360268046,581.8631527615246,127.36560643721651,1.2,0.7820216980066963,1.1800350360268046
45.300000000000004,normal,4.7348644426349065,0.0,1.2,0.1832553893664907,1.9764922418705477,1.1631285754245806,582.0962129603614,127.46045610824285,1.2,0.7793984402398088,1.1631285754245806
45.35,normal,4.755864442634908,0.0,1.2,0.18451301073776513,2.000515027326622,1.152478591733383,582.4121507423692,127.55214576095503,1.2,0.8307641213803931,1.152478591733383
45.400000000000006,normal,4.776864442634909,0.0,1.2,0.1871976935540181,2.023804084130152,1.149478968898746,582.7861834046687,127.64201942300626,1.2,0.9815187573052558,1.149478968898746
45.45,normal,4.797864442634909,0.0,1.2,0.19095066047131398,2.046279205740988,1.153851809539651,583.1311035711028,127.73155100856235,1.2,0.9974856899594803,1.153851809539651
45.5,normal,4.818864442634906,0.0,1.2,0.1958843843701708,2.0679467322962157,1.1638342186613126,583.3825818738859,127.82133288424114,1.2,0.8886744707998595,1.1638342186613126
45.550000000000004,normal,4.839864442634907,0.0,1.2,0.2022585492079652,2.0888936694036087,1.1769134232164131,583.5482840133315,127.9112715902719,1.2,0.7177546537593156,1.1769134232164131
45.6,normal,4.860864442634908,0.0,1.2,0.2100998469088069,2.109272711796107,1.1848184909642474,583.6696964836739,128.0011907184335,1.2,0.6116920987658083,1.1848184909642474
45.650000000000006,normal,4.8818644426349085,0.0,1.2,0.21921888175108117,2.129281600936329,1.1898697608206765,583.7728811515394,128.09133315583347,1.2,0.5938081615041844,1.1898697608206765
45.7,normal,4.902864442634907,0.0,1.2,0.2294129407822046,2.149140883336191,1.1988579197694575,583.8626669605189,128.18250679423397,1.2,0.5613287505787725,1.1988579197694575
45.75,normal,4.9238644426349065,0.0,1.2,0.2406163972429399,2.169073281540596,1.210642964465975,583.9395442214809,128.27569792363852,1.2,0.4981720429243448,1.210642964465975
45.800000000000004,normal,4.944864442634908,0.0,1.2,0.2530044424962597,2.1892864015892695,1.2235452686003017,584.0085243975716,128.37127523857978,1.2,0.4503403402893754,1.2235452686003017
45.85,normal,4.965864442634909,0.0,1.2,0.26687125243871235,2.2099592783313042,1.2243277322432018,584.0765805046891,128.46907548089325,1.2,0.47290962124363733,1.2243277322432018
45.900000000000006,normal,4.986864442634909,0.0,1.2,0.28197639140512015,2.231232686956024,1.2226797390442954,584.1481942314074,128.56881698357859,1.2,0.5161254942585046,1.2226797390442954
45.95,normal,5.007864442634907,0.0,1.2,0.2976081865727703,2.244168176203601,1.2192439722109674,584.2217493970612,128.6701798846911,1.2,0.5262267112103869,1.2192439722109674
46.0,normal,5.028864442634908,0.0,1.2,0.3132600861822881,2.249602923212062,1.2147030861272663,584.2955567081816,128.7729246098019,1.2,0.5123894180954867,1.2147030861272663
46.050000000000004,normal,5.049864442634909,0.0,1.2,0.3286399794374886,2.256889059793541,1.209812756301771,584.367651908329,128.87673688754182,1.2,0.4727956817714357,1.209812756301771
46.1,normal,5.070864442634906,0.0,1.2,0.343551847456198,2.2661610760719704,1.2114535173544592,584.8222390181647,128.97488440592457,1.2,0.9841623911212769,1.2114535173544592
46.150000000000006,normal,5.091864442634909,0.0,1.2,0.3564754879584352,2.2773870766492026,1.2186289262562016,585.2451401075759,129.0679901562078,1.2,0.9566550172495477,1.2186289262562016
46.2,normal,5.112864442634907,0.0,1.2,0.3673506446512292,2.290501479631576,1.2298524111600213,585.618231177997,129.1584092334951,1.2,0.92814962143616,1.2298524111600213
46.25,normal,5.133864442634907,0.0,1.2,0.37616144247888783,2.3054362429695106,1.2374142927159764,585.9442720828554,129.2496360744933,1.2,0.9023704921929822,1.2374142927159764
46.300000000000004,normal,5.154864442634909,0.0,1.2,0.3829358443662758,2.322108956015799,1.2346283447299813,586.5324741256438,129.3408672535594,1.2,1.1224278389809248,1.2346283447299813
46.35,normal,5.175864442634905,0.0,1.2,0.3879313175008686,2.3403320268388006,1.2321559886258642,587.0096768436026,129.43051706640077,1.2,1.0427850529214522,1.2321559886258642
46.400000000000006,normal,5.196864442634911,0.0,1.2,0.3925931188674194,2.3598899759963112,1.2301549977720099,587.4478513970789,129.52385859756762,1.2,0.9991729510541265,1.2301549977720099
46.45,normal,5.217864442634907,0.0,1.2,0.3970673882987179,2.38054906000672,1.228689438517743,587.817206853365,129.6241121072164,1.2,0.8989444736651444,1.228689438517743
46.5,normal,5.238864442634904,0.0,1.2,0.40153938958468827,2.4020679204529465,1.2277497641458714,588.0551687969715,129.72516820726977,1.2,0.7160780534450681,1.2277497641458714
46.550000000000004,compressed,5.2598644426349095,0.0,1.2,0.8153589407017151,2.4242096847051986,1.229219096035665,589.2986041133745,129.81415084658474,1.2,2.1637335305116365,1.229219096035665
46.6,column,5.280864442634907,0.0,1.2,0.9632377366743864,2.442984970639986,1.2199708423829592,590.7025973251446,129.8921266781632,1.2,2.3372760577456613,1.2199708423829592
