time,mode,center_x,center_y,center_z,formation_error,min_obstacle_clearance,min_agent_distance,energy,path_length,max_height,avg_force_norm,min_pair_distance
0.0,column,-5.4,0.0,1.2,0.794399688893766,4.42,0.8037115436470766,1.8297747946611065,0.03192920950978327,1.2,2.5543367607826637,0.8037115436470766
0.05,column,-5.3790000000000004,0.0,1.2,0.7818599783314818,4.412631820696052,0.8112512198552672,3.6443565364542945,0.09520640168923385,1.2,2.5080064508932245,0.8112512198552672
0.1,column,-5.358,0.0,1.2,0.76395586790787,4.3979117378526915,0.8227956765170197,5.447756112092668,0.18912676435165637,1.2,2.452150364434951,0.8227956765170197
0.15000000000000002,column,-5.337,0.0,1.2,0.7409588975049529,4.375872446694249,0.8385848960807839,7.249152591968789,0.313442188036091,1.2,2.4334243010532446,0.8385848960807839
0.2,column,-5.316,0.0,1.2,0.7136773255448887,4.34656171209359,0.8589238689801285,9.04987653977326,0.46801912558431297,1.2,2.424065706795692,0.8589238689801285
0.25,column,-5.295,0.0,1.2,0.6844444537054457,4.309992085951023,0.8854356419640214,10.850134660185141,0.652497242645268,1.2,2.414369980149732,0.8854356419640214
0.30000000000000004,column,-5.274,0.0,1.2,0.6550757549730493,4.266178781878025,0.9190508287831572,12.45011898705313,0.8633293776514501,1.2,2.3091409957441003,0.9190508287831572
0.35000000000000003,column,-5.253,0.0,1.2,0.6258325660314614,4.215139748286516,0.9591112047682178,13.941886879975119,1.080282851183023,1.2,2.381175444284099,0.9591112047682178
0.4,column,-5.232,0.0,1.2,0.5980485323150372,4.164156007105019,1.0058985902703834,15.604284305585058,1.3044741401421598,1.2,2.5406192537842247,1.0058985902703834
0.45,column,-5.211,0.0,1.2,0.5721957702407381,4.11323868963104,1.0584503001914571,17.424560312723365,1.5354195437907427,1.2,2.6528080192151453,1.0584503001914571
0.5,column,-5.19,0.0,1.2,0.5487816056343366,4.062382855686995,1.1163316960330867,18.817819502982367,1.7737047269526314,1.2,2.181793305263474,1.1163316960330867
0.55,column,-5.1690000000000005,0.0,1.2,0.5280388199229427,4.011583879595965,1.1781609781033684,20.072895263743682,2.0192640684633094,1.2,2.0993942486313015,1.1781609781033684
0.6000000000000001,column,-5.148000000000001,0.0,1.2,0.5100930850466316,3.9608386506306728,1.2129401611739778,21.56605637046032,2.270496926603538,1.2,2.2654813828621183,1.2129401611739778
0.65,column,-5.127,0.0,1.2,0.4941187294968333,3.910146635796683,1.1936695376669668,23.22944277899554,2.524400520075703,1.2,2.519134340310092,1.1936695376669668
0.7000000000000001,column,-5.106,0.0,1.2,0.47964824057435623,3.859909225532487,1.18787203399363,25.02629704262216,2.7751595538953917,1.2,2.637783125547195,1.18787203399363
0.75,column,-5.085000000000001,0.0,1.2,0.46758570784451814,3.810145006831007,1.1951101238257293,26.406380429536597,3.020362677038773,1.2,2.227891109062699,1.1951101238257293
0.8,column,-5.064000000000001,0.0,1.2,0.45948214310505586,3.761281603983412,1.214372074395485,27.746926513810145,3.2601151771040398,1.2,2.1745492352868934,1.214372074395485
0.8500000000000001,column,-5.043,0.0,1.2,0.45690048907431347,3.7133755944614686,1.24394858583386,29.27506022665784,3.4887942757673622,1.2,2.3981219358099706,1.24394858583386
0.9,column,-5.022,0.0,1.2,0.4578752842482217,3.6707372714832696,1.2858629613459784,30.759996570162357,3.7068285212129934,1.2,2.3481020993862396,1.2858629613459784
0.9500000000000001,column,-5.001,0.0,1.2,0.46152104292298707,3.6331765981208797,1.2915410508979261,32.20138246932716,3.9148514667248886,1.2,2.2970435198501917,1.2915410508979261
1.0,column,-4.98,0.0,1.2,0.4674952247907602,3.600482611956963,1.292780355040145,33.60099028178722,4.113895946119962,1.2,2.249110741857981,1.292780355040145
1.05,column,-4.9590000000000005,0.0,1.2,0.4750572131908246,3.5724266662813315,1.268199717283844,34.96345596727476,4.305292206471883,1.2,2.210782800208428,1.268199717283844
1.1,column,-4.938000000000001,0.0,1.2,0.48399929271531583,3.5487654335316465,1.2388649807214411,36.27069449992958,4.491463639260337,1.2,2.159023887813375,1.2388649807214411
1.1500000000000001,column,-4.917000000000001,0.0,1.2,0.49433430590100524,3.5289034007113216,1.2056961289867738,37.04695820837422,4.675208179526522,1.2,1.4721969455061363,1.2056961289867738
1.2000000000000002,column,-4.896000000000001,0.0,1.2,0.505594924705656,3.511566124782794,1.1708163586413367,37.76335713651652,4.858621479130882,1.2,1.3766308266678615,1.1708163586413367
1.25,column,-4.875000000000001,0.0,1.2,0.5183667822475773,3.4949979805326628,1.1367706796133163,38.48720796786196,5.043809135691017,1.2,1.4245620629653317,1.1367706796133163
1.3,column,-4.854000000000001,0.0,1.2,0.5328802617093095,3.47681562574327,1.106519514030252,39.31943991727309,5.232750524014733,1.2,1.6316416916177203,1.106519514030252
1.35,column,-4.833000000000001,0.0,1.2,0.5493331967286694,3.4545828174659547,1.0802509474295585,40.134814881107474,5.424725238680194,1.2,1.627977119317536,1.0802509474295585
1.4000000000000001,column,-4.812,0.0,1.2,0.5672232780465818,3.428544591563986,1.0580708428382675,41.36085690625374,5.6130277252736,1.2,2.082884454355972,1.0580708428382675
1.4500000000000002,column,-4.791,0.0,1.2,0.5847028382991625,3.3989637878305015,1.0399550831725997,42.56320689180084,5.797237031606999,1.2,2.04656415659191,1.0399550831725997
1.5,column,-4.7700000000000005,0.0,1.2,0.6013696440492106,3.3661181392459953,1.026056834147184,43.74221907651391,5.977019594420681,1.2,2.007531179374793,1.026056834147184
1.55,column,-4.7490000000000006,0.0,1.2,0.6168013930565956,3.3302972240434947,1.0163367223777342,44.89853879480493,6.152214644207259,1.2,1.9662181366024662,1.0163367223777342
1.6,column,-4.728,0.0,1.2,0.630783447942113,3.291801123023504,1.010723092251913,46.03316012919417,6.323050805513648,1.2,1.923282280910439,1.010723092251913
1.6500000000000001,column,-4.707000000000001,0.0,1.2,0.6431766972346289,3.2509380042484013,1.009127891012746,47.14179649243477,6.490836057333661,1.2,1.8727490332893602,1.009127891012746
1.7000000000000002,column,-4.686,0.0,1.2,0.6539184203357538,3.208021932919358,1.0114557444465315,48.22500042040054,6.659511476429668,1.2,1.8285136105461812,1.0114557444465315
1.75,column,-4.665,0.0,1.2,0.6630068957294117,3.1633708668238745,1.0135950243484937,49.124377213498036,6.833728387120186,1.2,1.6752500388931626,1.0135950243484937
1.8,column,-4.644,0.0,1.2,0.6713105091235356,3.1173047988805394,1.015753085143395,49.98981194189945,7.015483487004577,1.2,1.6340304388387117,1.015753085143395
1.85,column,-4.623,0.0,1.2,0.6785242538018118,3.070130617361972,1.0180345787585838,50.82838144755004,7.205598120583112,1.2,1.5977628348597135,1.0180345787585838
1.9000000000000001,column,-4.602,0.0,1.2,0.684393810546591,3.0221418644186313,1.0204718590080322,51.60190377816963,7.40429509396327,1.2,1.5342311230372085,1.0204718590080322
1.9500000000000002,column,-4.581,0.0,1.2,0.6887798591784072,2.9736187844669564,1.023054749946925,52.29438528708235,7.6113604166097195,1.2,1.4595019604715476,1.023054749946925
2.0,column,-4.5600000000000005,0.0,1.2,0.6916453590075669,2.9248285044087865,1.028273728399593,52.8192903377629,7.822674613817531,1.2,1.2734951599318844,1.028273728399593
2.0500000000000003,column,-4.539,0.0,1.2,0.6928197313582245,2.8760252985095907,1.0405954338929448,53.995854549513844,8.029720373525027,1.2,1.9390049338840734,1.0405954338929448
2.1,column,-4.518000000000001,0.0,1.2,0.6917643118552277,2.8274529381626348,1.0597586344081316,55.44841680780082,8.225953637871505,1.2,2.1477928626659453,1.0597586344081316
2.15,column,-4.497,0.0,1.2,0.6899285041768096,2.7793330439725406,1.085526707944156,56.892284447218316,8.413151347842467,1.2,2.1398047907395563,1.085526707944156
2.2,column,-4.476000000000001,0.0,1.2,0.687323572383449,2.731864037978675,1.1031361558122799,58.05182243305012,8.591562962099554,1.2,1.9072558050167707,1.1031361558122799
2.25,column,-4.455,0.0,1.2,0.6843080077836938,2.6852205948104633,1.111179250937329,59.123718891320095,8.763396187079435,1.2,1.834420774376732,1.111179250937329
2.3000000000000003,column,-4.434,0.0,1.2,0.6809879605701983,2.639560210693098,1.1283967073377152,60.15066277109464,8.929948565377098,1.2,1.8582414990489,1.1283967073377152
2.35,column,-4.413,0.0,1.2,0.677219286379373,2.5963216357003107,1.1541460904235838,61.113708054607656,9.091443620714116,1.2,1.8906420991254755,1.1541460904235838
2.4000000000000004,column,-4.392,0.0,1.2,0.6728821835001692,2.5584055731037845,1.1848460643759133,62.48758677016833,9.239352128510221,1.2,2.1959588880417904,1.1848460643759133
2.45,column,-4.371,0.0,1.2,0.668377395603019,2.527459636795708,1.2167684508345085,63.852697355057444,9.373700835088815,1.2,2.1654347156511493,1.2167684508345085
2.5,column,-4.3500000000000005,0.0,1.2,0.6632566013644566,2.503424432536791,1.2475617677850268,65.31075655276469,9.49341380213211,1.2,2.202195238583021,1.2475617677850268
2.5500000000000003,column,-4.329000000000001,0.0,1.2,0.6575828136823654,2.4862855532222943,1.2350993216409116,66.71481476956338,9.599785852333172,1.2,2.12987952976909,1.2350993216409116
2.6,column,-4.308,0.0,1.2,0.6512596566424815,2.475876878421337,1.2030066843191871,67.9655836829626,9.695200729075898,1.2,1.9951767050698628,1.2030066843191871
2.6500000000000004,column,-4.287,0.0,1.2,0.6444366655953426,2.4717338541554366,1.1668434769640321,69.14219353322964,9.789730807354204,1.2,1.9985828244904098,1.1668434769640321
2.7,column,-4.266,0.0,1.2,0.6375022069447254,2.473383398017142,1.1314763637654925,70.4299551361212,9.887198406271517,1.2,2.2682756382079234,1.1314763637654925
2.75,column,-4.245000000000001,0.0,1.2,0.6319556250853103,2.4803461804951965,1.1056686698853233,71.72158053262713,9.970236548080432,1.2,2.2318232407118637,1.1056686698853233
2.8000000000000003,column,-4.224,0.0,1.2,0.6271231758530018,2.492138730511966,1.0892250799906138,73.11074892806406,10.038841126128586,1.2,2.296321561534074,1.0892250799906138
2.85,column,-4.203000000000001,0.0,1.2,0.623713042563726,2.5082754761966193,1.0819661986195783,74.37926307488517,10.10805310069005,1.2,2.1831757227849162,1.0819661986195783
2.9000000000000004,column,-4.182,0.0,1.2,0.62175741864325,2.5282708028682848,1.078682196911951,75.55340321529367,10.183932734241441,1.2,2.0917000232224403,1.078682196911951
2.95,column,-4.1610000000000005,0.0,1.2,0.6207289631962241,2.5516411779480626,1.0790489593404764,76.30770739756429,10.269686110995991,1.2,1.7012520645316946,1.0790489593404764
3.0,column,-4.140000000000001,0.0,1.2,0.6198907701548066,2.5779073615581574,1.0887649054444175,76.9878925134856,10.359100313658924,1.2,1.6013962625339553,1.0887649054444175
3.0500000000000003,column,-4.119,0.0,1.2,0.6198179430028244,2.606596695160852,1.107815292108912,77.76283125097007,10.449365597085574,1.2,1.6000930268463534,1.107815292108912
3.1,column,-4.098000000000001,0.0,1.2,0.619553252937171,2.635964003852517,1.1361355715343573,78.79534366846853,10.536553436167466,1.2,1.9004958273690378,1.1361355715343573
3.1500000000000004,column,-4.077,0.0,1.2,0.6193297110295668,2.6634819901536915,1.1335661943339126,80.05497175010876,10.624536681700043,1.2,2.19403779458833,1.1335661943339126
3.2,column,-4.056,0.0,1.2,0.6196087584223501,2.6863972619964827,1.1243387600060097,81.24438032751978,10.716836693939943,1.2,2.0590278141347635,1.1243387600060097
3.25,column,-4.035,0.0,1.2,0.6201640126974981,2.7033986965211803,1.129095693027377,82.80095149436697,10.805431029317322,1.2,2.4212528996507077,1.129095693027377
3.3000000000000003,column,-4.014,0.0,1.2,0.6202477816216555,2.7145403045777154,1.1419229632051746,83.583617913569,10.892621332161578,1.2,1.6757501659591818,1.1419229632051746
3.35,column,-3.9930000000000003,0.0,1.2,0.6211238180898752,2.719918460924127,1.1564148667343757,84.45213208254344,10.970854384200223,1.2,1.7290682363692995,1.1564148667343757
3.4000000000000004,column,-3.9720000000000004,0.0,1.2,0.623608911698409,2.7196662506398255,1.1699996117331835,85.34144541949857,11.037409120205814,1.2,1.7407458985928248,1.1699996117331835
3.45,column,-3.951,0.0,1.2,0.6292386818732424,2.715184944114334,1.1801259765896959,86.25385691014795,11.095561643360814,1.2,1.711907216220279,1.1801259765896959
3.5,column,-3.9300000000000006,0.0,1.2,0.6378555396501,2.7076850884883585,1.1857663353907355,87.12914609344026,11.15088643589252,1.2,1.6438740312299345,1.1857663353907355
3.5500000000000003,column,-3.909,0.0,1.2,0.6484412195007485,2.6979707682772043,1.186441451385653,87.97503914839075,11.208183895008021,1.2,1.5935765158599793,1.186441451385653
3.6,column,-3.8880000000000003,0.0,1.2,0.6598589051192161,2.6864731109805327,1.1821138867856842,89.10694192068658,11.26806426584481,1.2,1.9040731210137813,1.1821138867856842
3.6500000000000004,column,-3.867,0.0,1.2,0.6705024871701879,2.673291302493575,1.1841813001113912,89.89536032572866,11.326614040370298,1.2,1.6275343014935681,1.1841813001113912
3.7,column,-3.846,0.0,1.2,0.6801015116635029,2.658219801080829,1.1918317902801585,90.5761954391206,11.393061865022105,1.2,1.5083285327752165,1.1918317902801585
3.75,column,-3.825,0.0,1.2,0.6887360569229902,2.641482202139973,1.2036248011583388,91.13795522603884,11.468964668410205,1.2,1.3450978563284735,1.2036248011583388
3.8000000000000003,column,-3.8040000000000003,0.0,1.2,0.6964360327168171,2.6236271780616836,1.2168867965149957,91.60036718047307,11.554273078299206,1.2,1.1729762190202815,1.2168867965149957
3.85,column,-3.7830000000000004,0.0,1.2,0.7031618478982058,2.605357181985555,1.2093102058875345,91.92938389773735,11.647284446780153,1.2,0.9790296116343923,1.2093102058875345
3.9000000000000004,column,-3.7620000000000005,0.0,1.2,0.7089727495155466,2.5873700418889793,1.1875374728580392,92.16593027790755,11.74491409406443,1.2,0.8156246400208709,1.1875374728580392
3.95,column,-3.741,0.0,1.2,0.7139238560330365,2.5702573116584677,1.1521126388648284,92.47847873576039,11.843630027855177,1.2,1.0290021476999844,1.1521126388648284
4.0,column,-3.7200000000000006,0.0,1.2,0.7180880369520359,2.55446039044568,1.1261566977771207,93.0818016957293,11.941093922699276,1.2,1.389136735977816,1.1261566977771207
4.05,column,-3.6990000000000003,0.0,1.2,0.7214346919477526,2.5402653575593614,1.105053626539471,93.4192931464627,12.032648637982513,1.2,1.041318391890308,1.105053626539471
4.1000000000000005,column,-3.678,0.0,1.2,0.7248464635506162,2.5278168459937653,1.0885781493396134,93.69916355500335,12.120599806047963,1.2,0.9697361510192837,1.0885781493396134
4.15,column,-3.657,0.0,1.2,0.728246167164564,2.5171381884464754,1.0767851239594968,93.9115594931102,12.206788457201789,1.2,0.8421467778477219,1.0767851239594968
4.2,column,-3.636,0.0,1.2,0.7316461289558731,2.5081432084106066,1.0697403576991296,94.06858472176438,12.29278065832337,1.2,0.7123278929838286,1.0697403576991296
4.25,column,-3.615,0.0,1.2,0.7350862868504107,2.5006539085151873,1.0674742057197895,94.1991854024199,12.379705982810997,1.2,0.6418019174209402,1.0674742057197895
4.3,column,-3.5940000000000003,0.0,1.2,0.7386104073447732,2.4944731365892174,1.069919369988708,94.33941529312888,12.46830896822519,1.2,0.7102991887432537,1.069919369988708
4.3500000000000005,column,-3.5730000000000004,0.0,1.2,0.7422911969624978,2.4893065116579782,1.076847866783832,94.51976242250676,12.55909101321692,1.2,0.7733216717924867,1.076847866783832
4.4,column,-3.5520000000000005,0.0,1.2,0.7462197167336059,2.484802311365536,1.0878354981214755,94.73909806713482,12.652544608633121,1.2,0.7852667526062551,1.0878354981214755
4.45,column,-3.5310000000000006,0.0,1.2,0.7504797860975059,2.4805628071754935,1.1023683008005807,94.9562765061385,12.749047970031311,1.2,0.73842382300496,1.1023683008005807
4.5,column,-3.5100000000000007,0.0,1.2,0.7551647625673368,2.476160345069519,1.1199514471635266,95.1223412650831,12.84871008591357,1.2,0.66592948243391,1.1199514471635266
4.55,column,-3.4890000000000008,0.0,1.2,0.760377840286929,2.47116066692801,1.1400203774114024,95.23086425119749,12.951732433784763,1.2,0.5798935930730322,1.1400203774114024
4.6000000000000005,column,-3.468,0.0,1.2,0.7661250492430747,2.465154272670259,1.158692320511617,95.32996305892982,13.054903678747618,1.2,0.5700814849124226,1.158692320511617
4.65,column,-3.4470000000000005,0.0,1.2,0.7732181996060989,2.457793344295819,1.1726201888176473,95.4777233583533,13.157739195981355,1.2,0.6706037728687837,1.1726201888176473
4.7,column,-3.426,0.0,1.2,0.7814575349201084,2.448827689791546,1.1797438390127264,95.71537681809487,13.261097784123649,1.2,0.774316869002494,1.1797438390127264
4.75,column,-3.4050000000000002,0.0,1.2,0.7906662808008488,2.4381305042775674,1.1794442500397642,95.99271159665237,13.366682550209093,1.2,0.8093143554741147,1.1794442500397642
4.800000000000001,column,-3.3840000000000003,0.0,1.2,0.800661364135113,2.4257059166921477,1.1723482355492858,96.2394396024543,13.475977428765155,1.2,0.7486369922756971,1.1723482355492858
4.8500000000000005,normal,-3.3629999999999995,0.0,1.2,1.4226303263343039,2.411675672574842,1.1604658147765816,97.26147441775842,13.599538101604994,1.2,1.8442662087936994,1.1604658147765816
4.9,normal,-3.3420000000000005,0.0,1.2,1.4260830068434174,2.3962491721638646,1.1449705654622226,98.25958738187919,13.740311429531046,1.2,1.8022739582092426,1.1449705654622226
4.95,normal,-3.321,0.0,1.2,1.4261501766035547,2.3797625211614957,1.1275208091960447,99.25804245086013,13.899514383772937,1.2,1.7714062356484086,1.1275208091960447
5.0,normal,-3.3,0.0,1.2,1.4227164061983644,2.362608130212191,1.1081768883749803,100.21702816172619,14.072878086711244,1.2,1.6975591279042903,1.1081768883749803
5.050000000000001,normal,-3.279,0.0,1.2,1.41651924540038,2.345174216974325,1.0885296265523434,101.3795641266141,14.253753759648777,1.2,1.8337781504894948,1.0885296265523434
5.1000000000000005,normal,-3.258,0.0,1.2,1.407938515990736,2.3278034024217904,1.0689746529236166,102.5257743879406,14.441047914041967,1.2,1.831993716674139,1.0689746529236166
5.15,normal,-3.237,0.0,1.2,1.39820593084652,2.31077045058799,1.0496642974096335,103.65880379688464,14.634496193398675,1.2,1.8257904371566027,1.0496642974096335
5.2,normal,-3.216,0.0,1.2,1.387469613080769,2.2942762418879834,1.0311778307999293,104.84259598429577,14.831163720082198,1.2,1.8693419751312181,1.0311778307999293
5.25,normal,-3.1950000000000003,0.0,1.2,1.3760495504758634,2.2783584042940825,1.012952531337518,105.89935577630212,15.02947440193616,1.2,1.7194335764637594,1.012952531337518
5.300000000000001,normal,-3.1740000000000004,0.0,1.2,1.363751474983506,2.2629497220157146,0.9951737276101641,106.97988681576415,15.229288660164917,1.2,1.7351489979222954,0.9951737276101641
5.3500000000000005,normal,-3.153,0.0,1.2,1.3508240722076637,2.2479833852779034,0.9780198490953287,108.07372905567937,15.430464957418835,1.2,1.7427663650768122,0.9780198490953287
5.4,normal,-3.1319999999999997,0.0,1.2,1.33743820274554,2.233393393033375,0.9616515775795131,109.17709517445675,15.63286156528067,1.2,1.74577802246299,0.9616515775795131
5.45,normal,-3.111,0.0,1.2,1.3236959708712277,2.219114933395412,0.9462029574592139,110.3004637702051,15.836338214350723,1.2,1.753140994849332,0.9462029574592139
5.5,normal,-3.0900000000000003,0.0,1.2,1.3096624509832089,2.205084740290257,0.9346454566592759,111.23585758342173,16.040757637772955,1.2,1.562351271328745,0.9346454566592759
5.550000000000001,normal,-3.069,0.0,1.2,1.2956976766922672,2.1912414248882133,0.9315733939082478,112.54000262395873,16.24598699267689,1.2,1.8596179192232494,0.9315733939082478
5.6000000000000005,normal,-3.0479999999999996,0.0,1.2,1.2824531265813175,2.177525780480666,0.9372189902693693,113.8979072547888,16.451899134500795,1.2,1.8867634154711337,0.9372189902693693
5.65,normal,-3.027,0.0,1.2,1.2701207829212433,2.1638810596221427,0.9514419355153194,115.25456969796372,16.658373719016506,1.2,1.8806045621344638,0.9514419355153194
5.7,normal,-3.0060000000000002,0.0,1.2,1.2588521565237598,2.150253222546299,0.9746552961611756,116.61053868329357,16.865298112189727,1.2,1.878930478924222,0.9746552961611756
5.75,normal,-2.9850000000000003,0.0,1.2,1.248899305229872,2.1365911560853954,1.0063932859770859,117.9662840337872,17.07256809631407,1.2,1.8803238229718544,1.0063932859770859
5.800000000000001,normal,-2.9639999999999995,0.0,1.2,1.2403103081751876,2.1228468625665586,1.045934608174536,119.32219534758666,17.28008837033565,1.2,1.883926235427841,1.045934608174536
5.8500000000000005,normal,-2.943,0.0,1.2,1.2330555435318584,2.1089756184168973,1.0924086638673893,120.67858282534084,17.487772851493297,1.2,1.8890855261698192,1.0924086638673893
5.9,normal,-2.934278483721416,0.017066465699549508,1.2,1.2114308086722363,2.094936102475689,1.1448197166010372,122.03418139503029,17.695326159361453,1.2,1.8782947043848672,1.1448197166010372
5.95,normal,-2.9276033813964,0.03697734234902359,1.2,1.190268522789923,2.0807739468395363,1.2009360116008776,123.33246304409096,17.902453012327264,1.2,1.8358869999704743,1.2009360116008776
6.0,normal,-2.920928279071385,0.056888218998497664,1.2,1.1701976824491453,2.0665474534287043,1.2267972794463162,124.49817687564747,18.108871051233336,1.2,1.7447498559047336,1.2267972794463162
6.050000000000001,normal,-2.91425317674637,0.07679909564797216,1.2,1.1508324001018289,2.0523126221090164,1.2339153780943233,125.68408265315756,18.314316092927424,1.2,1.7813127059056773,1.2339153780943233
6.1000000000000005,normal,-2.9075780744213544,0.09670997229744624,1.2,1.1322701977809426,2.0381229420280356,1.2417175776929255,126.78617195671328,18.518546403568642,1.2,1.7218381689261864,1.2417175776929255
6.15,normal,-2.9009029720963397,0.11662084894692032,1.2,1.1154570568402709,2.024029249093605,1.249818677144214,127.93811030091773,18.72134613522064,1.2,1.7882736476405854,1.249818677144214
6.2,normal,-2.894227869771324,0.1365317255963944,1.2,1.1024467975452308,2.01007964013286,1.2580474744618075,129.14815101723224,18.92252803536487,1.2,1.8559061438922235,1.2580474744618075
6.25,normal,-2.8875527674463086,0.15644260224586848,1.2,1.0959251576327997,1.99631943413706,1.265331296041819,130.3773443864098,19.121973885795725,1.2,1.8814429088357763,1.265331296041819
6.300000000000001,normal,-2.8808776651212935,0.17635347889534297,1.2,1.0924667985717615,1.9827251314658862,1.270515038593692,131.57081502772843,19.31958977240178,1.2,1.8585949418627592,1.270515038593692
6.3500000000000005,normal,-2.874202562796278,0.19626435554481705,1.2,1.089520054340034,1.969266550589466,1.267149755883271,132.74115681983022,19.515261994076884,1.2,1.8437352066328305,1.267149755883271
6.4,normal,-2.8675274604712633,0.2161752321942911,1.2,1.086092097320741,1.9559100645761964,1.263923767800431,134.13543740035539,19.70801132188288,1.2,2.0232757673809467,1.263923767800431
6.45,normal,-2.8608523581462477,0.2360861088437652,1.2,1.0815314210093756,1.9426217764556741,1.2609756768939613,135.5337260044838,19.899220306161162,1.2,2.030851722921994,1.2609756768939613
6.5,normal,-2.8541772558212326,0.2559969854932393,1.2,1.0757340804887197,1.9293710222669402,1.2584284462660182,136.89340797890333,20.088536768844996,1.2,2.008353394630665,1.2584284462660182
6.550000000000001,normal,-2.847502153496217,0.2759078621427138,1.2,1.0688973530731882,1.9161338599368662,1.256382706139727,138.20625337347678,20.275630644128633,1.2,1.9773880460536766,1.256382706139727
6.6000000000000005,normal,-2.840827051171202,0.29581873879218784,1.2,1.0612905000181114,1.902896351420426,1.2549112449128532,139.6119219716369,20.460497313270142,1.2,2.044893317566418,1.2549112449128532
6.65,normal,-2.8341519488461864,0.31572961544166195,1.2,1.052542342325387,1.8896573951270124,1.2540554022977364,141.01803019860753,20.643177214145958,1.2,2.0465906372092872,1.2540554022977364
6.7,normal,-2.8274768465211713,0.33564049209113606,1.2,1.042698012504275,1.8764308509474963,1.253823894795053,142.4235190191573,20.823792613139375,1.2,2.04693811176125,1.253823894795053
6.75,normal,-2.8208017441961557,0.35555136874061005,1.2,1.0317154605575258,1.863246734264704,1.254194285830457,143.82743346967447,21.002679491706445,1.2,2.0461638345309434,1.254194285830457
6.800000000000001,normal,-2.81412664187114,0.37546224539008455,1.2,1.019773070035659,1.850151338755406,1.255116933286597,145.22899459491177,21.180866247821307,1.2,2.044508337806693,1.255116933286597
6.8500000000000005,normal,-2.8074515395461255,0.39537312203955866,1.2,1.0073527217668854,1.8372062660283246,1.256520896211795,146.62763961204917,21.360180016241298,1.2,2.042140123859151,1.256520896211795
6.9,normal,-2.80077643722111,0.41528399868903276,1.2,0.9948848941674798,1.824486467168611,1.2583210401907223,148.02302591397282,21.541587040258356,1.2,2.0391174437493245,1.2583210401907223
6.95,normal,-2.794101334896095,0.4351948753385068,1.2,0.9827596206701049,1.8120775084296412,1.2604254904894057,149.41500447229885,21.72529960010214,1.2,2.035403490819888,1.2604254904894057
7.0,normal,-2.7874262325710797,0.45510575198798087,1.2,0.971284744547049,1.8000723392190745,1.262742640979277,150.80357495339277,21.91131150364152,1.2,2.030908909832397,1.262742640979277
7.050000000000001,normal,-2.780751130246064,0.47501662863745536,1.2,0.9606853160007901,1.7885678571570354,1.2651870959618525,152.18883656528226,22.099546842570405,1.2,2.025536347855751,1.2651870959618525
7.1000000000000005,normal,-2.7740760279210486,0.49492750528692947,1.2,0.9509400110180936,1.7776615378897185,1.2676841461180863,153.55901580758496,22.289900746267136,1.2,2.0112095372412564,1.2676841461180863
7.15,normal,-2.7674009255960335,0.5148383819364035,1.2,0.941884470110938,1.7674483409039146,1.2701726073015565,154.91286514578886,22.482253199831923,1.2,1.9948283610094453,1.2701726073015565
7.2,normal,-2.7607258232710183,0.5347492585858776,1.2,0.933467129341307,1.75801803357386,1.2726060459438266,156.2513640113654,22.676474279139402,1.2,1.9779445977857002,1.2726060459438266
7.25,normal,-2.7540507209460032,0.5546601352353517,1.2,0.9256082231075682,1.7494530080774404,1.2749525602351774,157.5752325724234,22.872426083962054,1.2,1.9605384064770046,1.2749525602351774
7.300000000000001,normal,-2.7473756186209877,0.5745710118848262,1.2,0.9181999007852089,1.7418266084342289,1.2771933797887858,158.8850064145131,23.069963342950786,1.2,1.9427406276505317,1.2771933797887858
7.3500000000000005,normal,-2.7407005162959726,0.5944818885343003,1.2,0.9110714760303356,1.7352019414037203,1.2793205948670077,159.78091302366033,23.26764889807462,1.2,1.524476636044178,1.2793205948670077
7.4,normal,-2.734025413970957,0.6143927651837744,1.2,0.9038456505793239,1.7296311153803074,1.2272501067889825,160.6794895383081,23.46502016543089,1.2,1.5368089870230286,1.2272501067889825
7.45,normal,-2.727350311645942,0.6343036418332484,1.2,0.896271242481381,1.7251548339778462,1.1720661146330564,161.74385999770539,23.657945019749132,1.2,1.7780078650174385,1.1720661146330564
7.5,normal,-2.7206752093209268,0.6542145184827225,1.2,0.8884167244331127,1.7217653451201431,1.1297173647366032,163.18862744465991,23.841796094240504,1.2,2.1992404706510955,1.1297173647366032
7.550000000000001,normal,-2.714000106995911,0.6741253951321969,1.2,0.8805572496063547,1.7194300724223073,1.1027847715670305,164.8646059439589,24.015522129090495,1.2,2.38189512947641,1.1027847715670305
7.6000000000000005,normal,-2.707325004670896,0.6940362717816712,1.2,0.8728359324824868,1.7180330666247934,1.0909297037172974,166.4792023398881,24.183976210373345,1.2,2.3308238668699826,1.0909297037172974
7.65,normal,-2.700649902345881,0.7139471484311452,1.2,0.8649980176378967,1.709208538103947,1.0937216274223103,168.03287712091685,24.35472287131737,1.2,2.2694093162680216,1.0937216274223103
7.7,normal,-2.6939748000208654,0.7338580250806191,1.2,0.8570007860370783,1.700910585190314,1.1105706491057812,169.54871531333347,24.530131387040953,1.2,2.2221165709214583,1.1105706491057812
7.75,normal,-2.6872996976958503,0.7537689017300934,1.2,0.8489884677246871,1.6928818713758171,1.140524850003535,171.05330398445707,24.710796188732072,1.2,2.209747428342658,1.140524850003535
7.800000000000001,normal,-2.680624595370835,0.7736797783795678,1.2,0.8413112223734089,1.684792138850785,1.1595651197228927,172.36909697271966,24.89575869331464,1.2,2.0687480734930324,1.1595651197228927
7.8500000000000005,normal,-2.6739494930458196,0.7935906550290419,1.2,0.8345560740837428,1.6762546723246468,1.1526563623629058,173.39767888266823,25.079599141813564,1.2,1.6971437943257495,1.1526563623629058
7.9,normal,-2.667274390720804,0.8135015316785159,1.2,0.828610942477453,1.666856507412303,1.1548422150582769,174.45478672947678,25.258530587515047,1.2,1.7760362387377888,1.1548422150582769
7.95,normal,-2.6605992883957894,0.8334124083279901,1.2,0.823203419213755,1.6562436816763162,1.1648615255120691,175.58220585921865,25.43084277783707,1.2,1.9087637599581142,1.1648615255120691
8.0,normal,-2.653924186070774,0.8533232849774641,1.2,0.8179574913851633,1.6442082947444416,1.1803927242956203,176.68696225276807,25.59714788428538,1.2,1.8647669510232467,1.1803927242956203
8.05,normal,-2.6472490837457583,0.8732341616269386,1.2,0.8125113227919899,1.6307489014780745,1.1827841501994205,177.7644396564503,25.758182503910756,1.2,1.8499502884443537,1.1827841501994205
8.1,normal,-2.6405739814207436,0.8931450382764123,1.2,0.8064359175385425,1.6160791263532346,1.137706231878362,178.9286152898573,25.915445170140938,1.2,1.945864713846662,1.137706231878362
8.15,normal,-2.633898879095728,0.9130559149258868,1.2,0.7991713290963791,1.6005854208680548,1.1004198789235708,180.18579072598345,26.072512283215953,1.2,1.9620684016951522,1.1004198789235708
8.200000000000001,normal,-2.6272237767707125,0.9329667915753613,1.2,0.7903063186790201,1.5847578574967836,1.070837298798007,181.3908519223203,26.23204124835676,1.2,1.8646748960329986,1.070837298798007
8.25,normal,-2.620548674445698,0.9528776682248349,1.2,0.7796690089389473,1.5691173898100788,1.0488427871565429,182.56296165744868,26.395396105648224,1.2,1.8491386684143385,1.0488427871565429
8.3,normal,-2.6138735721206823,0.9727885448743093,1.2,0.7671865047107118,1.5541569919096854,1.0343685422347966,183.7136126738809,26.565883875287856,1.2,1.8499082086516077,1.0343685422347966
8.35,normal,-2.6071984697956667,0.9926994215237831,1.2,0.7528943287708482,1.540303340384122,1.0273694242079932,184.84766830525618,26.744788398304014,1.2,1.8469529139668144,1.0273694242079932
8.4,normal,-2.6005233674706516,1.0126102981732577,1.2,0.7368990649268253,1.5278974635065956,1.0288353712236515,185.9146049637782,26.931620595699105,1.2,1.795915375168708,1.0288353712236515
8.450000000000001,normal,-2.5938482651456365,1.032521174822732,1.2,0.7193951289264154,1.517129336019754,1.0350078486005834,186.78584323544962,27.12193627976695,1.2,1.5769106909731139,1.0350078486005834
8.5,normal,-2.587173162820621,1.0524320514722056,1.2,0.7012082927906946,1.507951692398557,1.0443837811515093,187.3147608344858,27.311180318654507,1.2,1.3118602567260564,1.0443837811515093
8.55,normal,-2.5804980604956054,1.0723429281216803,1.2,0.6830871740474717,1.5003088820441204,1.0562129432104803,187.86188488728993,27.499189679506216,1.2,1.3817101211930378,1.0562129432104803
8.6,normal,-2.5738229581705907,1.0922538047711539,1.2,0.6653824446463817,1.4941377488288525,1.0695523452599642,188.61268574831533,27.69031484987291,1.2,1.5786705133419674,1.0695523452599642
8.65,normal,-2.567147855845575,1.1121646814206283,1.2,0.6484712531746568,1.4893685503148562,1.0839232958558473,189.29679358218593,27.886503316939304,1.2,1.5121515560434866,1.0839232958558473
8.700000000000001,normal,-2.5604727535205596,1.132075558070103,1.2,0.6324216682598109,1.4859259032409469,1.0992250567414925,189.89892783578412,28.08782009719227,1.2,1.4107885411312178,1.0992250567414925
8.75,normal,-2.553797651195545,1.1519864347195767,1.2,0.6174692094739715,1.4837297414147423,1.1152179022389883,190.4427563575902,28.293703875703414,1.2,1.327101011476373,1.1152179022389883
8.8,normal,-2.5471225488705294,1.171897311369051,1.2,0.6039628765061729,1.4826962722384054,1.1316674953940895,190.9351177602973,28.503482247384017,1.2,1.195973296295874,1.1316674953940895
8.85,normal,-2.5404474465455142,1.1918081880185247,1.2,0.5924372401865056,1.482738918697537,1.1486662508756493,191.4779193714154,28.7165397430743,1.2,1.2983991400659483,1.1486662508756493
8.9,normal,-2.5337723442204987,1.2117190646679992,1.2,0.5835867918871911,1.4837692346781761,1.1537867156773554,192.0488257382579,28.930100833247526,1.2,1.3205535177189476,1.1537867156773554
8.950000000000001,normal,-2.5270972418954836,1.2316299413174736,1.2,0.5774070411342389,1.4855555386883261,1.1534608911590425,192.6982332695888,29.141169272437587,1.2,1.2968982566370428,1.1534608911590425
9.0,normal,-2.520422139570468,1.2515408179669474,1.2,0.5732251500443057,1.4877144141215788,1.159251914124082,193.401773687708,29.347835291412036,1.2,1.416517967692802,1.159251914124082
9.05,normal,-2.513747037245453,1.2714516946164218,1.2,0.5701238574662223,1.489872757152861,1.1704334923579909,194.0878862988031,29.549125648785974,1.2,1.4735996685099424,1.1704334923579909
9.1,normal,-2.507071934920438,1.2913625712658954,1.2,0.5673033164658916,1.465975164654144,1.185820070528075,194.7052875612296,29.744724794689223,1.2,1.4362024863101168,1.185820070528075
9.15,normal,-2.5003968325954222,1.31127344791537,1.2,0.5642091080226651,1.420460472918144,1.2040315190085833,195.24254074224277,29.93470580507209,1.2,1.3465686663534018,1.2040315190085833
9.200000000000001,normal,-2.4937217302704067,1.3311843245648445,1.2,0.5604965676676912,1.3756665820841252,1.2221133063822438,195.71277343112828,30.119340784630175,1.2,1.2476271448178302,1.2221133063822438
9.25,normal,-2.487046627945392,1.3510952012143183,1.2,0.5559643009479882,1.332124406304314,1.2225698987066778,196.13347234291888,30.298995734048468,1.2,1.1646270581025822,1.2225698987066778
9.3,normal,-2.4803715256203764,1.3710060778637927,1.2,0.5505054015364079,1.290400977293611,1.2209006635834954,196.51612264554598,30.47408536746405,1.2,1.0953782665469078,1.2209006635834954
9.35,normal,-2.4736964232953613,1.3909169545132662,1.2,0.544079085061745,1.2510897869524384,1.2173562175552008,196.86982271927297,30.644922362961655,1.2,1.0451176526638768,1.2173562175552008
9.4,normal,-2.4670213209703458,1.410827831162741,1.2,0.5366701344721981,1.2147893685407862,1.2122410010446385,197.19192705688002,30.811869006953916,1.2,0.9833615100311027,1.2122410010446385
9.450000000000001,normal,-2.4603462186453307,1.4307387078122151,1.2,0.5283005330549869,1.182079262900975,1.2059131262744913,197.45788724129767,30.97539309430592,1.2,0.8781840168046383,1.2059131262744913
9.5,normal,-2.453671116320315,1.450649584461689,1.2,0.5190845344987467,1.1431635602832901,1.1987756727962375,197.67097456124785,31.136066897505547,1.2,0.7782988542860692,1.1987756727962375
9.55,normal,-2.4469960139953,1.4705604611111636,1.2,0.5091584097178237,1.0999761639651737,1.1912678338535516,197.83760882301243,31.29455290104988,1.2,0.6837465520685647,1.1912678338535516
9.600000000000001,normal,-2.440320911670285,1.4904713377606376,1.2,0.49867812374119663,1.059257071017543,1.183853222409798,197.9668063246101,31.451559985693574,1.2,0.5877049007432341,1.183853222409798
9.65,normal,-2.4336458093452693,1.5103822144101116,1.2,0.4878163462980032,1.0212352993488727,1.1770035503233722,198.06899532463854,31.60771950256436,1.2,0.4950131410337263,1.1770035503233722
9.700000000000001,normal,-2.4269707070202537,1.5302930910595864,1.2,0.4767644591799387,0.9861193679741906,1.1711739914716592,198.15514716618463,31.763633784361005,1.2,0.4749781603250522,1.1711739914716592
9.75,normal,-2.420295604695239,1.5502039677090598,1.2,0.46572037442086156,0.9540962669397195,1.1667685616296541,198.23426608548078,31.9199016182052,1.2,0.4704643045010267,1.1667685616296541
9.8,normal,-2.413620502370223,1.5701148443585347,1.2,0.4548764176030553,0.925330120196882,1.1640978810283187,198.71701245713297,32.077043765786435,1.2,0.8849659384322747,1.1640978810283187
9.850000000000001,normal,-2.406945400045208,1.5900257210080087,1.2,0.443827546994141,0.9044954335435704,1.1633375259227214,199.20606382948057,32.23543660231629,1.2,0.9028616826797663,1.1633375259227214
9.9,normal,-2.400270297720193,1.6099365976574829,1.2,0.4327966955543417,0.8920946815691202,1.164499881430423,199.69861395439867,32.395253989072415,1.2,0.9113884284400857,1.164499881430423
9.950000000000001,normal,-2.3935951953951777,1.629847474306957,1.2,0.42198261560324113,0.8881542477490878,1.167431473334183,200.18997849292376,32.556445177773966,1.2,0.9062606322636974,1.167431473334183
10.0,normal,-2.386920093070162,1.6497583509564309,1.2,0.4115448875267389,0.8922440345616176,1.171839571765091,200.63386756349297,32.718752494450634,1.2,0.8590555187445604,1.171839571765091
10.05,normal,-2.380244990745147,1.669669227605905,1.2,0.4016010678605763,0.9033390315485734,1.1773572316170673,201.023736381143,32.88167992475023,1.2,0.8118843300289564,1.1773572316170673
10.100000000000001,normal,-2.3735698884201315,1.68958010425538,1.2,0.3921856835791216,0.9202690591046188,1.1836698313726803,201.35596966605573,33.044327479414726,1.2,0.8111492504034572,1.1836698313726803
10.15,normal,-2.3668947860951164,1.709490980904853,1.2,0.38317141697194357,0.9415755214302621,1.1905330844652895,201.65826160129035,33.20593314791592,1.2,0.8237268931866988,1.1905330844652895
10.200000000000001,normal,-2.360219683770101,1.7294018575543282,1.2,0.3743504467637929,0.9657202364414714,1.197244770561789,201.91588920401307,33.3645684333389,1.2,0.7714343420852383,1.197244770561789
10.25,normal,-2.353544581445086,1.7493127342038015,1.2,0.36564629862806763,0.987906772641487,1.1986857148776568,202.25355845101396,33.520743453105524,1.2,0.8721174852166678,1.1986857148776568
10.3,normal,-2.3468694791200706,1.7692236108532764,1.2,0.3568078858381756,1.007355988248097,1.2026863703457418,202.59482743737692,33.67551369733986,1.2,0.8900141833926579,1.2026863703457418
10.350000000000001,normal,-2.3401943767950555,1.7891344875027504,1.2,0.34766530572511345,1.0077968281355345,1.205228520272507,202.87172351914177,33.829935489413685,1.2,0.853632285985548,1.205228520272507
10.4,normal,-2.33351927447004,1.8090453641522244,1.2,0.33809796524304225,0.9986795574099445,1.208349639987007,203.10107585730958,33.98418900141361,1.2,0.8590643160732778,1.208349639987007
10.450000000000001,normal,-2.326844172145025,1.8289562408016986,1.2,0.3281106046693046,0.9882850994662034,1.2005974581886747,203.3294579668963,34.137848164297466,1.2,0.8927243781561425,1.2005974581886747
10.5,normal,-2.3201690698200093,1.8488671174511726,1.2,0.317784894450649,0.9773517311455437,1.1901905725118835,203.59347555050914,34.290316692526446,1.2,0.9553126137569997,1.1901905725118835
10.55,normal,-2.313493967494994,1.8687779941006466,1.2,0.3072216374132714,0.9665270634066736,1.18703031883446,203.89140933170532,34.441410423478715,1.2,1.0120556954449136,1.18703031883446
10.600000000000001,normal,-2.3068188651699786,1.8886888707501217,1.2,0.29645689118931495,0.9561823098126703,1.1909056763992478,204.17966443387309,34.591240764425066,1.2,1.0021205155119473,1.1909056763992478
10.65,normal,-2.3001437628449635,1.9085997473995948,1.2,0.28549401077663666,0.9461001822993274,1.195488874803681,204.54544152108474,34.742179004228895,1.2,1.0772711551025154,1.195488874803681
10.700000000000001,normal,-2.2934686605199484,1.9285106240490697,1.2,0.27474592058416647,0.9416869309097953,1.1998795326007812,204.8726619961799,34.89481080152539,1.2,1.0102214524674256,1.1998795326007812
10.75,normal,-2.2867935581949332,1.948421500698543,1.2,0.26482149937889854,0.9427552462901125,1.2034481792027667,205.15812505262886,35.04948463223945,1.2,0.9337054777446244,1.2034481792027667
10.8,normal,-2.2801184558699177,1.968332377348018,1.2,0.25645990500748655,0.9490027167742434,1.2058621537897403,205.39952995442889,35.206264088586806,1.2,0.852887944975695,1.2058621537897403
10.850000000000001,normal,-2.273443353544902,1.988243253997492,1.2,0.25037653204865323,0.960010053416773,1.2123674296059268,205.5788307855469,35.359688620699984,1.2,0.7483202946661244,1.2123674296059268
10.9,normal,-2.266768251219887,2.008154130646966,1.2,0.24624437216748324,0.9699857093365614,1.2220429114925757,205.73397037746554,35.50956251816527,1.2,0.6946114103968816,1.2220429114925757
10.950000000000001,normal,-2.260093148894872,2.02806500729644,1.2,0.24443601689126923,0.9788460237905767,1.233813937288317,205.87037784680788,35.65569970641342,1.2,0.6748441936400177,1.233813937288317
11.0,normal,-2.253418046569857,2.0479758839459143,1.2,0.24471144223651323,0.9865814592470388,1.2466069541044966,205.99668035772518,35.79797514718478,1.2,0.6749664290768735,1.2466069541044966
11.05,normal,-2.2467429442448412,2.0678867605953886,1.2,0.24609048105878673,0.9932294139585187,1.2511470378058118,206.12249151596646,35.93624428178808,1.2,0.6815579639035454,1.2511470378058118
11.100000000000001,normal,-2.2400678419198257,2.0877976372448632,1.2,0.24766262779736176,0.9988079881838712,1.242814379482208,206.25085189341826,36.07053806579824,1.2,0.6826654623610489,1.242814379482208
11.15,normal,-2.2400000000000007,2.10878656801844,1.2,0.25335491129787924,1.0032255612500034,1.2164561679879733,206.3830841074497,36.20118717442731,1.2,0.6896357717332962,1.2164561679879733
11.200000000000001,normal,-2.24,2.129786568018441,1.2,0.2576829934165398,1.0062771422000099,1.1935196736015858,206.5507428323183,36.328481866750366,1.2,0.7725782251465063,1.1935196736015858
11.25,normal,-2.24,2.15078656801844,1.2,0.26072208224296267,1.0078462749412298,1.17616203108853,206.7841788258401,36.45303389023125,1.2,0.8896645993749545,1.17616203108853
11.3,normal,-2.24,2.1717865680184407,1.2,0.2625676516128945,1.0079280539707447,1.1660907175677182,207.09708491924204,36.575388014205544,1.2,0.9934006371740803,1.1660907175677182
11.350000000000001,normal,-2.24,2.1927865680184406,1.2,0.2633361765060573,1.0066525286969024,1.1640824338238742,207.45136823081225,36.69595977240588,1.2,1.0311435797255446,1.1640824338238742
11.4,normal,-2.24,2.2137865680184405,1.2,0.2631535669428059,1.0042856753469112,1.1697296756467483,207.77333946470122,36.815103543374335,1.2,0.9795284541206719,1.1697296756467483
11.450000000000001,normal,-2.24,2.2347865680184404,1.2,0.2621457954136541,1.0011860363064455,1.1815896627653364,207.99851906057773,36.933901147262276,1.2,0.8294963108951781,1.1815896627653364
11.5,normal,-2.24,2.2557865680184404,1.2,0.26047136888375066,0.9977225320236758,1.1974531340714067,208.11320828621314,37.05337305710984,1.2,0.6095533486358684,1.1974531340714067
11.55,normal,-2.24,2.2767865680184403,1.2,0.2582945051148279,0.9796544718021303,1.2147064362722653,208.16731192279292,37.17330533561794,1.2,0.4181247897925656,1.2147064362722653
11.600000000000001,normal,-2.24,2.297786568018441,1.2,0.25571534990902006,0.9530122212420709,1.2031112522110774,208.23696965205897,37.29334502263509,1.2,0.4322530150994158,1.2031112522110774
11.65,normal,-2.24,2.31878656801844,1.2,0.2527824338551966,0.925983831606449,1.1880772410211626,208.42965087914746,37.41350506920054,1.2,0.6496429767528851,1.1880772410211626
11.700000000000001,normal,-2.24,2.339786568018441,1.2,0.25084391892043956,0.9043527459847132,1.1751963683991375,208.63487724566028,37.53397327525299,1.2,0.7132002810876139,1.1751963683991375
11.75,normal,-2.24,2.36078656801844,1.2,0.2498491639733417,0.8879123529617201,1.1660943547390736,208.87185247101377,37.655028246679805,1.2,0.780205034793853,1.1660943547390736
11.8,normal,-2.24,2.3817865680184407,1.2,0.2497467118383739,0.876269120790623,1.1617581534175905,209.13268794305225,37.77713568119678,1.2,0.8229996373322322,1.1617581534175905
11.850000000000001,normal,-2.24,2.4027865680184406,1.2,0.2504751420024926,0.8689477046894971,1.1623474019064508,209.38518890368115,37.900813021208265,1.2,0.8181141041241661,1.1623474019064508
11.9,normal,-2.24,2.423786568018441,1.2,0.25196650227942774,0.865495342156299,1.16720494627161,209.5941189789472,38.02650877303536,1.2,0.7611412925136708,1.16720494627161
11.950000000000001,normal,-2.24,2.444786568018441,1.2,0.2541396818113103,0.8655455798085216,1.1750741118924446,209.74389599275167,38.15454072311262,1.2,0.6676595666375569,1.1750741118924446
12.0,normal,-2.24,2.4657865680184403,1.2,0.256896515778122,0.868829095175417,1.1844194723249637,209.84350059413458,38.28507997915831,1.2,0.5637767812005003,1.1844194723249637
12.05,normal,-2.24,2.4867865680184402,1.2,0.2601259576975181,0.8751490087343841,1.1937263861887801,209.91459264175816,38.41815445850136,1.2,0.474146218975969,1.1937263861887801
12.100000000000001,normal,-2.24,2.507786568018441,1.2,0.2637137869550489,0.8843465380499416,1.201711314828051,209.97713500515684,38.553664993507,1.2,0.4259518836615953,1.201711314828051
12.15,normal,-2.24,2.52878656801844,1.2,0.26755323906341394,0.8962726508237158,1.2074382269275603,210.04184618728846,38.691412518906276,1.2,0.4412996452763226,1.2074382269275603
12.200000000000001,normal,-2.24,2.549786568018441,1.2,0.27155346200564906,0.9107683205369932,1.2106705522757666,210.09523863160055,38.83055923676933,1.2,0.42577221366151397,1.2106705522757666
12.25,normal,-2.24,2.57078656801844,1.2,0.275542859392248,0.9268992947198986,1.2116414614335078,210.17091330718495,38.969368154269716,1.2,0.4899896427493163,1.2116414614335078
12.3,normal,-2.24,2.5917865680184407,1.2,0.2794457546966881,0.9433270553280797,1.1908169875552232,210.32395621035624,39.10621570782657,1.2,0.6535375647241229,1.1908169875552232
12.350000000000001,normal,-2.24,2.6127865680184406,1.2,0.28454619915426044,0.9585971308483787,1.1799679261506055,210.95657024505184,39.23575564281749,1.2,1.1623598987859982,1.1799679261506055
12.4,normal,-2.24,2.6337865680184405,1.2,0.28988105156304644,0.9672876945463291,1.1810909125385491,211.62931196297524,39.36046625059829,1.2,1.211500709871292,1.1810909125385491
12.450000000000001,normal,-2.24,2.65478656801844,1.2,0.29313774146249416,0.9510128048370694,1.193651552808395,212.28130510456018,39.483879154388234,1.2,1.2002754705987608,1.193651552808395
12.5,normal,-2.24,2.6757865680184403,1.2,0.29462798515196076,0.9286152667033554,1.2152397808770241,213.1153957360666,39.60808953245553,1.2,1.5774017420131727,1.2152397808770241
12.55,normal,-2.24,2.69678656801844,1.2,0.2936411674583798,0.912283916205922,1.2348740258915005,213.6610773841384,39.7340574638942,1.2,1.2714075295871745,1.2348740258915005
12.600000000000001,normal,-2.24,2.717786568018441,1.2,0.2905169933848282,0.9015458599261938,1.219093655874902,214.12634489437454,39.86167280788848,1.2,1.165224214343589,1.219093655874902
12.65,normal,-2.24,2.7387865680184404,1.2,0.28679987493900094,0.8956709384330173,1.202014901226949,214.57535129973377,39.990708166834104,1.2,1.1803267649632772,1.202014901226949
12.700000000000001,normal,-2.24,2.759786568018441,1.2,0.2827339718254498,0.8936868022187954,1.1860004319905948,214.98118791847338,40.12144921325711,1.2,1.1559600322427017,1.1860004319905948
12.75,normal,-2.24,2.7807865680184403,1.2,0.278591428382093,0.8944802036517465,1.1733884693199257,215.6034590383,40.25376445276881,1.2,1.3084068740610177,1.1733884693199257
12.8,normal,-2.24,2.80178656801844,1.2,0.27537341080979927,0.8969854701469537,1.1660599553314042,216.2417103651219,40.389501524570534,1.2,1.291684112345391,1.1660599553314042
12.850000000000001,normal,-2.24,2.82278656801844,1.2,0.2735863869066715,0.9004416176341363,1.164995897454943,216.89922467818758,40.53117506824392,1.2,1.2577684030647864,1.164995897454943
12.9,normal,-2.24,2.8437865680184404,1.2,0.2739794729647308,0.9046149698257862,1.1405269637658866,217.1943254789714,40.674595454663944,1.2,1.0131789393949373,1.1405269637658866
12.950000000000001,normal,-2.24,2.8647865680184403,1.2,0.27655900719268606,0.9067957800724484,1.1193482774673538,217.61359712431636,40.82123030523218,1.2,1.168094353155584,1.1193482774673538
13.0,normal,-2.24,2.8857865680184402,1.2,0.2834536407747409,0.9090721992773956,1.1067341498365697,217.97934213825698,40.96982838084653,1.2,1.0483321670815626,1.1067341498365697
13.05,normal,-2.24,2.90678656801844,1.2,0.2940786580497357,0.9120964355735497,1.1011478015277074,218.22211893388993,41.12068596822266,1.2,0.8436222253100188,1.1011478015277074
13.100000000000001,normal,-2.24,2.927786568018441,1.2,0.30636063863939306,0.9153035326865717,1.1007689940357133,218.41931716211735,41.273944420200266,1.2,0.7411673091104265,1.1007689940357133
13.15,normal,-2.24,2.94878656801844,1.2,0.31919062719971414,0.9182789913682579,1.1042172558180843,219.00485743493803,41.42464554648426,1.2,1.1395518389890782,1.1042172558180843
13.200000000000001,normal,-2.24,2.9697865680184408,1.2,0.3312139564176298,0.9207995843731511,1.111184857974261,219.58095689249313,41.572551570874296,1.2,1.1524834845769316,1.111184857974261
13.25,normal,-2.24,2.9907865680184402,1.2,0.3420232158520806,0.9228100329260767,1.1203758271896875,220.15598951504865,41.718453619076875,1.2,1.1761134030599767,1.1203758271896875
13.3,normal,-2.24,3.011786568018441,1.2,0.3516029682229362,0.9247643158522585,1.130500129819229,220.71841915431548,41.86340571664719,1.2,1.19897577054879,1.130500129819229
13.350000000000001,normal,-2.24,3.03278656801844,1.2,0.36007641651781697,0.927229227809726,1.1411510554964723,221.09193259445024,42.011766123425595,1.2,1.028604305395572,1.1411510554964723
13.4,normal,-2.24,3.05378656801844,1.2,0.3683411737354115,0.9307601100853118,1.1529648126537908,221.31840200900345,42.16470288080565,1.2,0.7867419388376008,1.1529648126537908
13.450000000000001,normal,-2.24,3.0747865680184403,1.2,0.3767229502249757,0.9357036927421076,1.1653881486427244,221.42891354306897,42.31628556135401,1.2,0.4977194701094515,1.1653881486427244
13.5,normal,-2.24,3.09578656801844,1.2,0.3846305251554917,0.9422152015376708,1.177699330803122,221.52223695368798,42.46541852537571,1.2,0.4804068319878819,1.177699330803122
13.55,normal,-2.24,3.11678656801844,1.2,0.3919577079608846,0.95029094454725,1.195814392635199,222.085023517232,42.60650725668603,1.2,1.0798088606096496,1.195814392635199
13.600000000000001,normal,-2.24,3.137786568018441,1.2,0.3971859471251434,0.9497679962176433,1.2044090375129477,222.68941402383115,42.7420400195156,1.2,1.2216312810912857,1.2044090375129477
13.65,normal,-2.24,3.15878656801844,1.2,0.4010372680094642,0.9489962420895992,1.1978720956326037,223.2621841632431,42.872022224422814,1.2,1.250058661825367,1.1978720956326037
13.700000000000001,normal,-2.24,3.179786568018441,1.2,0.4035263925797728,0.9501395433252908,1.1962268909730094,223.87169838803337,42.99284744544958,1.2,1.3285972917776874,1.1962268909730094
13.75,normal,-2.24,3.2007865680184397,1.2,0.4037615487602785,0.9445066115759757,1.195132239068961,224.32281707758602,43.11050224611128,1.2,1.0901745268568717,1.195132239068961
13.8,normal,-2.24,3.22178656801844,1.2,0.40401608916642234,0.94085482463634,1.194700440196236,224.77452562067828,43.22530657610031,1.2,1.0686342904510173,1.194700440196236
13.850000000000001,normal,-2.24,3.2427865680184405,1.2,0.40424920235678174,0.9398514503601605,1.1950099348592658,225.17726668356738,43.33795473223046,1.2,0.9971420617280711,1.1950099348592658
13.9,normal,-2.24,3.2637865680184404,1.2,0.4044863127390582,0.9413509055146023,1.196094668846295,225.53257470405057,43.449333558559665,1.2,0.9241828062215373,1.196094668846295
13.950000000000001,normal,-2.24,3.2847865680184403,1.2,0.4047594499587725,0.9452312555176563,1.2015061341699793,225.93823470545522,43.55650136783021,1.2,0.9927654120942512,1.2015061341699793
14.0,normal,-2.24,3.30578656801844,1.2,0.4040029187774724,0.9513296435971086,1.2101822713304378,226.4255912984973,43.65716451259512,1.2,1.1210734319019937,1.2101822713304378
14.05,normal,-2.24,3.3267865680184405,1.2,0.4009294588532876,0.9504308955060357,1.2206800850115886,226.83531994160333,43.75422261808007,1.2,1.0341681117275114,1.2206800850115886
14.100000000000001,normal,-2.24,3.347786568018441,1.2,0.39561301067863586,0.9450025862822011,1.2238607125052001,227.20271201976118,43.85244773681043,1.2,1.011315318389072,1.2238607125052001
14.15,normal,-2.24,3.3687865680184403,1.2,0.38920249380999516,0.9431761395642335,1.2087639765012228,227.38088186485191,43.954557280974264,1.2,0.7533923864181885,1.2087639765012228
14.200000000000001,normal,-2.24,3.3897865680184407,1.2,0.383070103678347,0.9423501473722382,1.1961372033039441,227.53133666268812,44.06032540475945,1.2,0.6828157503930313,1.1961372033039441
14.25,normal,-2.24,3.4107865680184393,1.2,0.37726073850981845,0.9390120599499654,1.185855854457412,227.7981986148379,44.16408303220312,1.2,0.7554495765926665,1.185855854457412
14.3,normal,-2.24,3.431786568018441,1.2,0.3707481073453353,0.9360022465865139,1.169415471471886,228.06452417957104,44.264951856799655,1.2,0.8234451461260004,1.169415471471886
14.350000000000001,normal,-2.24,3.4527865680184404,1.2,0.36372524604306866,0.9324709478817879,1.1567380960863,228.34564100341612,44.36231633509958,1.2,0.8881136530884914,1.1567380960863
14.4,normal,-2.24,3.4737865680184403,1.2,0.35640063211279055,0.9275057529439577,1.1500310042248512,228.65617780059318,44.45671338276753,1.2,0.9340508348061581,1.1500310042248512
14.450000000000001,normal,-2.24,3.49478656801844,1.2,0.3489682473706142,0.9204028297125166,1.1504135152284483,228.95572179485873,44.553623692508566,1.2,0.8971060712855703,1.1504135152284483
14.5,normal,-2.24,3.5157865680184397,1.2,0.34273859036080545,0.9109499350907397,1.1574673085940836,229.22079434234809,44.65643270617618,1.2,0.8270198480224453,1.1574673085940836
14.55,normal,-2.24,3.53678656801844,1.2,0.3377966208260287,0.8995876065130555,1.1695533518135393,229.4399959318892,44.76160914541361,1.2,0.7490876267284319,1.1695533518135393
14.600000000000001,normal,-2.24,3.557786568018441,1.2,0.33305034888350915,0.8872532838053988,1.1845465710955185,229.59032846291987,44.872328570962736,1.2,0.6144510497880096,1.1845465710955185
14.65,normal,-2.24,3.57878656801844,1.2,0.3297553247802164,0.8750454783160824,1.200296535501074,229.71651787347196,44.98372602135072,1.2,0.5404174732092064,1.200296535501074
14.700000000000001,normal,-2.24,3.59978656801844,1.2,0.32673917478505093,0.8640299252182468,1.2097417299772633,229.88144941993528,45.09856845567063,1.2,0.5767213462180877,1.2097417299772633
14.75,normal,-2.24,3.6207865680184397,1.2,0.3251884584713377,0.8550489273037669,1.2115599881075019,230.06415154618213,45.216472887470545,1.2,0.657242397113959,1.2115599881075019
14.8,normal,-2.24,3.6417865680184405,1.2,0.32502923168751363,0.8487237238197547,1.2161713651776969,230.2190313711336,45.33276671574522,1.2,0.6550598326882827,1.2161713651776969
14.850000000000001,normal,-2.24,3.6627865680184404,1.2,0.32499864646184673,0.8454557799770623,1.2209326051412603,230.43339854296596,45.45149639615058,1.2,0.7620643318230487,1.2209326051412603
14.9,normal,-2.24,3.6837865680184403,1.2,0.32614378583387216,0.8454036046110462,1.2212769924801905,230.59588163544566,45.568740751226514,1.2,0.7147883749183357,1.2212769924801905
14.950000000000001,normal,-2.24,3.70478656801844,1.2,0.327143848669245,0.8485566517654939,1.215101756045838,230.7012889186126,45.68606564795316,1.2,0.5854359799106115,1.215101756045838
15.0,normal,-2.24,3.72578656801844,1.2,0.32831958159991204,0.8547479103670645,1.2120486737820755,230.80858015375395,45.803900480234404,1.2,0.6097355227561612,1.2120486737820755
15.05,normal,-2.24,3.7467865680184405,1.2,0.3295660013680869,0.8637027481526462,1.2121259665693211,230.9042775456415,45.922635267523795,1.2,0.583809190106391,1.2121259665693211
15.100000000000001,normal,-2.24,3.767786568018441,1.2,0.33084359374086986,0.8750799982732118,1.2149949106636386,230.97818945338435,46.04259028533885,1.2,0.5161685490865546,1.2149949106636386
15.15,normal,-2.24,3.78878656801844,1.2,0.33217335733879916,0.8884904206557971,1.2200411679062544,231.02732703077254,46.163920110631764,1.2,0.41895329720530616,1.2200411679062544
15.200000000000001,normal,-2.24,3.8097865680184406,1.2,0.33359828656945145,0.9019399034370201,1.2166644772000947,231.057425295915,46.28663593926174,1.2,0.3198726905325716,1.2166644772000947
15.25,normal,-2.24,3.830786568018439,1.2,0.33516732874559607,0.8974743909150784,1.2093489591655826,231.07932843298525,46.41064975487917,1.2,0.2731001858289247,1.2093489591655826
15.3,normal,-2.24,3.8517865680184404,1.2,0.3369300179336152,0.8944210741628758,1.2034853591064087,231.22053585476726,46.536973565494954,1.2,0.5515575390085501,1.2034853591064087
15.350000000000001,normal,-2.24,3.8727865680184403,1.2,0.33914193820917177,0.8954753560788329,1.2037102088045188,231.78791460576778,46.65983923089569,1.2,1.1002802282538235,1.2037102088045188
15.4,normal,-2.24,3.8937865680184403,1.2,0.3405245040202627,0.900180869425258,1.2095480479952503,232.29576484006014,46.78003446256624,1.2,1.0466744921703721,1.2095480479952503
15.450000000000001,normal,-2.24,3.9147865680184406,1.2,0.3412454464991738,0.9080190562304826,1.2056681358692523,232.70937440254934,46.898420930091135,1.2,0.9497943365289384,1.2056681358692523
15.5,normal,-2.24,3.9357865680184396,1.2,0.3414821552777736,0.9184715989633445,1.200531881281716,233.0388871641612,47.015747032173685,1.2,0.8575990868925552,1.200531881281716
15.55,normal,-2.24,3.95678656801844,1.2,0.341360021975685,0.9310872637853893,1.1978147287863306,233.30494556788398,47.13273894552201,1.2,0.8141127669913099,1.1978147287863306
15.600000000000001,normal,-2.24,3.9777865680184408,1.2,0.3408859338424437,0.9454004757629468,1.1996351375351004,233.55648014057715,47.24808957494478,1.2,0.8614175565104313,1.1996351375351004
15.65,normal,-2.24,3.99878656801844,1.2,0.33965656303608754,0.9457999065853431,1.2060098993515056,233.99184742211594,47.35835275717045,1.2,1.0838226946085936,1.2060098993515056
15.700000000000001,normal,-2.24,4.019786568018441,1.2,0.3381471685832343,0.9382422495940461,1.215586930426189,234.42352441407263,47.4651206770914,1.2,1.0837327657124969,1.215586930426189
15.75,normal,-2.24,4.04078656801844,1.2,0.33642290708057826,0.9345367128032258,1.2263873696893357,234.81977911917804,47.5701141014617,1.2,1.0305220772400212,1.2263873696893357
15.8,normal,-2.24,4.06178656801844,1.2,0.3346189796720208,0.9349459149999388,1.2294463093916004,235.17379541708027,47.67496827702956,1.2,0.9752866548143135,1.2294463093916004
15.850000000000001,normal,-2.24,4.08278656801844,1.2,0.33283575392333026,0.939545171793795,1.227088550823762,235.48664165574246,47.780598406858005,1.2,0.9177385645920854,1.227088550823762
15.9,normal,-2.24,4.10378656801844,1.2,0.3310647430576263,0.9482201128969792,1.2302164443895949,235.74249073017725,47.887077844463576,1.2,0.8634839522913959,1.2302164443895949
15.950000000000001,normal,-2.24,4.12478656801844,1.2,0.3291898552853009,0.9568161062825218,1.2328625091396777,235.959297996433,47.98787094573501,1.2,0.8236607324380018,1.2328625091396777
16.0,normal,-2.24,4.14578656801844,1.2,0.3257878425414323,0.9501953265666001,1.235006825312003,236.16528808582257,48.08323638433065,1.2,0.8008515406032505,1.235006825312003
16.05,normal,-2.24,4.1667865680184395,1.2,0.32090091763548567,0.9426994463397562,1.234977994220306,236.45724645892062,48.17524053477547,1.2,0.9086719409217933,1.234977994220306
16.1,normal,-2.24,4.18778656801844,1.2,0.3157509131078215,0.9398483545297209,1.23282381569609,236.71422292837514,48.26542495017817,1.2,0.8620839055533388,1.23282381569609
16.150000000000002,normal,-2.24,4.20878656801844,1.2,0.31047671262019655,0.9413209741541908,1.228712315988615,236.92778897473337,48.355029577689,1.2,0.7894578341806553,1.228712315988615
16.2,normal,-2.24,4.22978656801844,1.2,0.3052957367441532,0.9467132625847461,1.222059714041225,237.090803945081,48.44480430272273,1.2,0.6899809008792627,1.222059714041225
16.25,normal,-2.24,4.250786568018441,1.2,0.300471168864824,0.9554924014927428,1.211831585561558,237.2476579154185,48.52943262144763,1.2,0.6599411419094654,1.211831585561558
16.3,normal,-2.24,4.271786568018441,1.2,0.29520126063337465,0.9617566424835677,1.2026698173291028,237.38415331209222,48.60952338581758,1.2,0.6249384882730149,1.2026698173291028
16.35,normal,-2.24,4.292786568018441,1.2,0.28984873338245476,0.9653471455328588,1.1953490110571277,237.50894456319043,48.68569689060568,1.2,0.5899420194651445,1.1953490110571277
16.400000000000002,normal,-2.24,4.3137865680184415,1.2,0.28475211836801584,0.9661828694555539,1.1904267179422712,237.62780636799053,48.758679923611055,1.2,0.5460476310100133,1.1904267179422712
16.45,normal,-2.24,4.3347865680184405,1.2,0.28018047440931804,0.9640678262661804,1.188145132836514,237.74193145246764,48.829320690938765,1.2,0.5199672525297216,1.188145132836514
16.5,normal,-2.24,4.35578656801844,1.2,0.27628615559537983,0.9585822598807883,1.18840554068469,237.84962855702867,48.89849128887631,1.2,0.52258483695824,1.18840554068469
16.55,normal,-2.24,4.37678656801844,1.2,0.2730925687957425,0.9530069394716147,1.1901458996690804,237.94834096658465,48.96714836761793,1.2,0.5062647554506123,1.1901458996690804
16.6,normal,-2.24,4.39778656801844,1.2,0.2705079089143377,0.9442187973621854,1.1879925145227697,238.02568569230664,49.0356501784577,1.2,0.47099660730792114,1.1879925145227697
16.650000000000002,normal,-2.24,4.41878656801844,1.2,0.2692246907936372,0.9371938723492348,1.1915086284585161,238.6465544870747,49.108618077305266,1.2,1.1228395279012005,1.1915086284585161
16.7,normal,-2.24,4.439786568018439,1.2,0.2700948235719381,0.9341888195636423,1.1952419037607074,238.8129928683162,49.18425597048936,1.2,0.5814108993981021,1.1952419037607074
16.75,normal,-2.24,4.460786568018441,1.2,0.2718873134037609,0.9351714216318514,1.1990024942114876,238.9679887955162,49.2636138210168,1.2,0.5555039520846826,1.1990024942114876
16.8,normal,-2.24,4.481786568018441,1.2,0.2743743632405965,0.9400726506168986,1.2025850631543533,239.11309403441481,49.34720603080493,1.2,0.535873170056473,1.2025850631543533
16.85,normal,-2.24,4.502786568018441,1.2,0.2773839251696148,0.9487786987899587,1.205821594814825,239.23953433619766,49.435077662928386,1.2,0.5098863257075275,1.205821594814825
16.900000000000002,normal,-2.24,4.523786568018441,1.2,0.2807717099052659,0.9610060781491581,1.2100103140641025,239.34225836826397,49.52091209547827,1.2,0.4842307529162847,1.2100103140641025
16.95,normal,-2.24,4.5447865680184405,1.2,0.2833084700544724,0.9711514295974193,1.2146440854155511,239.4343070421258,49.6049561997615,1.2,0.4806876366338466,1.2146440854155511
17.0,normal,-2.24,4.5657865680184395,1.2,0.2849478676837332,0.9792618964219855,1.216697679494698,239.51768283272952,49.687487756937834,1.2,0.47688114505746865,1.216697679494698
17.05,normal,-2.24,4.58678656801844,1.2,0.2856621175749662,0.9853827507725144,1.217602433204174,239.5940780665286,49.768855812259886,1.2,0.47092837542546917,1.217602433204174
17.1,normal,-2.24,4.60778656801844,1.2,0.2854410710905087,0.9895674114800888,1.2184541325509484,239.66447182642574,49.84951943734944,1.2,0.46177253673818386,1.2184541325509484
17.150000000000002,normal,-2.24,4.62878656801844,1.2,0.2842907604666506,0.9918845438765824,1.2193219633337875,239.7292570888509,49.93007341633292,1.2,0.4494395254923682,1.2193219633337875
17.2,normal,-2.23021343198156,4.64,1.2,0.28125091651091705,0.9924217874898957,1.2202177875489613,239.7869397944609,50.010865729616,1.2,0.42305640039132736,1.2202177875489613
17.25,normal,-2.2092134319815595,4.64,1.2,0.2752885693131046,0.9912916709850448,1.2211261006372558,239.83895219958612,50.09197178346518,1.2,0.3882649806251014,1.2211261006372558
17.3,normal,-2.18821343198156,4.64,1.2,0.26958476903477785,0.988529231960493,1.2220139329127309,239.88697649538835,50.173491633880595,1.2,0.36940574046207725,1.2220139329127309
17.35,normal,-2.1672134319815597,4.64,1.2,0.2643160356246632,0.9841914639240796,1.2228431663181552,239.9326291123444,50.255462711726366,1.2,0.36782506958095224,1.2228431663181552
17.400000000000002,normal,-2.146213431981559,4.64,1.2,0.259657542054276,0.9783523127806497,1.2235829748786369,239.97714347255368,50.3378292151812,1.2,0.36813617021202916,1.2235829748786369
17.45,normal,-2.12521343198156,4.64,1.2,0.25585048491387646,0.9710977749760652,1.2242203220633348,240.02112952146217,50.42047316595847,1.2,0.36757376888522775,1.2242203220633348
17.5,normal,-2.10421343198156,4.64,1.2,0.2532928354884755,0.9625218334432677,1.2247668125352016,240.06456840641027,50.50325797610625,1.2,0.36354749694624067,1.2247668125352016
17.55,normal,-2.083213431981559,4.639999999999999,1.2,0.2524271261902714,0.9527237748276256,1.2252607358921244,240.10706263501123,50.58605968132798,1.2,0.3553343809738913,1.2252607358921244
17.6,normal,-2.0622134319815593,4.64,1.2,0.2532676000687777,0.9418071941330317,1.2241107662227477,240.3379781952654,50.66290350099986,1.2,0.6242045562589189,1.2241107662227477
17.650000000000002,normal,-2.0412134319815594,4.64,1.2,0.25633149119117105,0.9353734513632985,1.2211695563689973,240.5365707789671,50.73555358638666,1.2,0.59072930869649,1.2211695563689973
17.7,normal,-2.0202134319815603,4.64,1.2,0.2608439460326605,0.9331514014182829,1.2164922963422111,240.70184572423346,50.80812729065505,1.2,0.5531597473584257,1.2164922963422111
17.75,normal,-1.9992134319815598,4.640000000000001,1.2,0.26626840052495604,0.9348269354967262,1.2103243901056164,240.83660413023745,50.88210142988267,1.2,0.5220944990974571,1.2103243901056164
17.8,normal,-1.9782134319815596,4.64,1.2,0.2722897114739077,0.9400451497840276,1.2030804474119345,240.94729761965283,50.95713158176738,1.2,0.5130322888917342,1.2030804474119345
17.85,normal,-1.95721343198156,4.64,1.2,0.27873854554542526,0.9484160545443512,1.1953516650041258,241.03696204729795,51.03241558511454,1.2,0.5166409859121954,1.1953516650041258
17.900000000000002,normal,-1.936213431981559,4.64,1.2,0.28551352386706047,0.9594090706349843,1.1895766335181328,241.6790112992694,51.095119465745356,1.2,1.216180166020044,1.1895766335181328
17.95,normal,-1.91521343198156,4.64,1.2,0.29088277793903805,0.967222808318327,1.1862334800004624,242.32856075529557,51.14854044141555,1.2,1.2622207491335158,1.1862334800004624
18.0,normal,-1.89421343198156,4.64,1.2,0.29487916242926077,0.9718502556466482,1.185620160395651,242.97776136157677,51.199495352874564,1.2,1.3026422859806521,1.185620160395651
18.05,normal,-1.8732134319815592,4.640000000000001,1.2,0.29759760250718276,0.9734081820129195,1.1877789740263252,243.6258665257302,51.259291685438406,1.2,1.3406520197123668,1.1877789740263252
18.1,normal,-1.8522134319815595,4.64,1.2,0.2986738518296039,0.9721484159002194,1.1924708199618768,244.07312583533238,51.328574163573876,1.2,1.2155378125216223,1.1924708199618768
18.150000000000002,normal,-1.8312134319815594,4.64,1.2,0.2985824693483631,0.9684512618970778,1.1992099014188915,244.46620745074455,51.40708155191997,1.2,1.15779693704166,1.1992099014188915
18.2,normal,-1.8102134319815604,4.64,1.2,0.29760261230415985,0.9627997999724003,1.1918043197955255,244.88732247364743,51.48866180721696,1.2,1.1381772437090802,1.1918043197955255
18.25,normal,-1.7892134319815596,4.64,1.2,0.296984990563152,0.9557401371904468,1.1903535952719742,245.31504639667398,51.573429778952885,1.2,1.0765948736855666,1.1903535952719742
18.3,normal,-1.7682134319815597,4.64,1.2,0.2968790872762478,0.9478377996909773,1.1968840829213818,245.89317929256498,51.65552219732025,1.2,1.2585663523888626,1.1968840829213818
18.35,normal,-1.7472134319815589,4.64,1.2,0.2979146044295419,0.9450023234238323,1.2098823321669299,246.3668112640159,51.737194405468124,1.2,1.1009987961260257,1.2098823321669299
18.400000000000002,normal,-1.726213431981559,4.64,1.2,0.2998990015101321,0.9473000210390317,1.2232899107302027,246.7229420708507,51.82226145753449,1.2,0.9401068665327497,1.2232899107302027
18.45,normal,-1.70521343198156,4.64,1.2,0.3026587728938387,0.9545689207139652,1.2216605789035562,246.81113290158777,51.90953738387608,1.2,0.537980669894881,1.2216605789035562
18.5,normal,-1.68421343198156,4.64,1.2,0.3058215856962033,0.9611687721954254,1.2198887926552406,246.8808653372451,51.99893855706341,1.2,0.46184680396441163,1.2198887926552406
18.55,normal,-1.6632134319815592,4.64,1.2,0.30945588667639773,0.9421739707187984,1.2183828993121124,247.20334054099894,52.085595735072154,1.2,0.7585798818498166,1.2183828993121124
18.6,normal,-1.6422134319815593,4.639999999999999,1.2,0.314776852973286,0.9166832032468755,1.2175956772182013,247.93056540668067,52.17293404978579,1.2,1.279783921665234,1.2175956772182013
18.650000000000002,normal,-1.6212134319815594,4.64,1.2,0.3206612548421197,0.8969815935169965,1.2179019157179292,248.19391707930828,52.25751030996883,1.2,0.6941810785012035,1.2179019157179292
18.7,normal,-1.6002134319815606,4.64,1.2,0.3281855811485444,0.8827808480918471,1.2192961859562303,248.4210915624115,52.340038965234804,1.2,0.663459281830648,1.2192961859562303
18.75,normal,-1.5792134319815596,4.64,1.2,0.337210553209471,0.8736653937155723,1.221540795777349,248.61281790350318,52.42187473737632,1.2,0.6144140527645778,1.221540795777349
18.8,normal,-1.5582134319815597,4.64,1.2,0.347588448534652,0.8691688840066465,1.2243364031814228,248.7659196459096,52.50451499450203,1.2,0.5712882204523646,1.2243364031814228
18.85,normal,-1.537213431981559,4.64,1.2,0.3591862851495594,0.8686783260614501,1.2273622604727872,248.88488880640065,52.58914115612252,1.2,0.5696320937660302,1.2273622604727872
18.900000000000002,normal,-1.516213431981559,4.64,1.2,0.3718709491984441,0.8714479884343067,1.2209575926879668,248.98224486439335,52.67614526843131,1.2,0.5790372937326972,1.2209575926879668
18.95,normal,-1.4952134319815602,4.64,1.2,0.3855179748168454,0.8766253752122284,1.204991877944397,249.07644767182796,52.76527108201494,1.2,0.5869829999780264,1.204991877944397
19.0,normal,-1.4742134319815603,4.640000000000001,1.2,0.40002624481566523,0.8833037746571148,1.1914312076323132,249.19136094644205,52.85615147176224,1.2,0.6048648849773663,1.1914312076323132
19.05,normal,-1.4532134319815602,4.64,1.2,0.4152975704955361,0.8906127685616017,1.1816221676473804,249.34295732678703,52.948739064709315,1.2,0.6630610474846068,1.1816221676473804
19.1,normal,-1.4322134319815596,4.64,1.2,0.4312261318278753,0.8978412963372231,1.176398048610909,249.52816033691477,53.04359605972083,1.2,0.7391108078367796,1.176398048610909
19.150000000000002,normal,-1.4112134319815586,4.64,1.2,0.44768035716313304,0.9045585296150322,1.1758863005073326,249.72455291322058,53.141846007415324,1.2,0.7649517883460777,1.1758863005073326
19.200000000000003,normal,-1.3902134319815598,4.640000000000001,1.2,0.4644821334305897,0.9106778474655854,1.179473111031439,249.9035877930982,53.24473475876605,1.2,0.7314042288157238,1.179473111031439
19.25,normal,-1.3692134319815603,4.64,1.2,0.48138376095565577,0.9164258523079909,1.1797045506800987,250.10006384681137,53.35213887960169,1.2,0.7621461969627783,1.1797045506800987
19.3,normal,-1.34821343198156,4.64,1.2,0.49679835696467356,0.921792041415495,1.1767273181555702,250.30934511330923,53.465287632576064,1.2,0.793523209277747,1.1767273181555702
19.35,normal,-1.3272134319815592,4.64,1.2,0.5105326139628539,0.9265370765105376,1.1712626508667057,250.5162182665402,53.58511284196677,1.2,0.81782230842215,1.1712626508667057
19.400000000000002,normal,-1.3062134319815581,4.64,1.2,0.522487885826492,0.930221220931245,1.1604015372567944,251.08094887110815,53.71292637446639,1.2,1.192217160786951,1.1604015372567944
19.450000000000003,normal,-1.2852134319815591,4.64,1.2,0.53200164481082,0.9318927813605598,1.1453655705267867,251.70083926444747,53.85157454788104,1.2,1.2970243902174754,1.1453655705267867
19.5,normal,-1.26421343198156,4.64,1.2,0.5389786173571307,0.9304064012669404,1.1271378629239364,252.17398849929265,54.001726213742344,1.2,1.1879470747676186,1.1271378629239364
19.55,normal,-1.2432134319815593,4.64,1.2,0.5435367957128289,0.9259936223173675,1.1127924503063922,252.3375866252406,54.157134952609056,1.2,0.7821490313523138,1.1127924503063922
19.6,normal,-1.2222134319815585,4.64,1.2,0.5470568818677153,0.9188909990864766,1.1021188949167295,252.4884110094069,54.317937914439455,1.2,0.7568099853350745,1.1021188949167295
19.650000000000002,normal,-1.2012134319815593,4.639999999999999,1.2,0.5495052300400498,0.9093371737029119,1.1011916947343214,253.06265934481135,54.48004639692857,1.2,1.2230051236256556,1.1011916947343214
19.700000000000003,normal,-1.180213431981559,4.64,1.2,0.5518289129878547,0.8975665977678047,1.1094790474872869,253.58849312564814,54.64472112530439,1.2,1.1649063690011672,1.1094790474872869
19.75,normal,-1.1592134319815597,4.64,1.2,0.5539844441611944,0.8838080183566337,1.1195732920790122,253.68607751424946,54.81380442123477,1.2,0.5572319454039181,1.1195732920790122
19.8,normal,-1.1382134319815587,4.639999999999999,1.2,0.5551130621879696,0.8682855522464736,1.1310083320001139,253.77395664737423,54.986935035736224,1.2,0.5430499308802176,1.1310083320001139
19.85,normal,-1.1172134319815599,4.64,1.2,0.5552515364070852,0.8512164048739161,1.1434478045446264,253.85349767636524,55.16387891158356,1.2,0.5264504030544253,1.1434478045446264
19.900000000000002,normal,-1.096213431981559,4.64,1.2,0.5544362714950964,0.8328089462039856,1.1565554119906205,253.92745006783673,55.34431948133589,1.2,0.50769503204939,1.1565554119906205
19.950000000000003,normal,-1.0752134319815585,4.64,1.2,0.552723194188661,0.8132612413876794,1.1686617907364785,254.37692810134814,55.52562440385695,1.2,1.065971445432548,1.1686617907364785
20.0,normal,-1.0542134319815593,4.64,1.2,0.5502820607931969,0.7929175744945085,1.1776622850519591,254.83704568703462,55.7082956329856,1.2,1.117206137155825,1.1776622850519591
20.05,normal,-1.0332134319815602,4.64,1.2,0.5467991676594379,0.77281682768054,1.182370300239092,255.3095059586911,55.89319478647255,1.2,1.1754490440081673,1.182370300239092
20.1,normal,-1.0122134319815597,4.64,1.2,0.5420969815718909,0.7535554742552422,1.182503038740546,255.77112777889084,56.0813083502397,1.2,1.1821210152716994,1.182503038740546
20.150000000000002,normal,-0.9912134319815586,4.64,1.2,0.5361465608936967,0.7353104276571778,1.1785909722898273,256.4057284150736,56.27230277917666,1.2,1.3019363227498126,1.1785909722898273
20.200000000000003,normal,-0.970213431981558,4.64,1.2,0.5295394579820356,0.7178899707270883,1.1718556893274734,257.01426352320874,56.46789346680057,1.2,1.2539680590492515,1.1718556893274734
20.25,normal,-0.9492134319815607,4.64,1.2,0.5225736523781309,0.7008044784416376,1.1641233253594472,257.5942176614701,56.66960396575941,1.2,1.2057284368551786,1.1641233253594472
20.3,normal,-0.9282134319815598,4.64,1.2,0.5156927664709263,0.6833857738017863,1.1627968440831442,258.3355364852047,56.87299141015628,1.2,1.405098518048399,1.1627968440831442
20.35,normal,-0.9072134319815592,4.64,1.2,0.5106847215343272,0.6655971894005586,1.1670350779203413,259.05560812987613,57.075352886220664,1.2,1.3987113005832612,1.1670350779203413
20.400000000000002,normal,-0.8862134319815582,4.64,1.2,0.5079868275252991,0.6480152163734252,1.1751313744379959,259.74173485279886,57.27622027979042,1.2,1.3945888643224522,1.1751313744379959
20.450000000000003,normal,-0.8652134319815592,4.64,1.2,0.5076305178918707,0.6316064985503158,1.17151331880316,260.4224953312116,57.47590038117338,1.2,1.4124194942473953,1.17151331880316
20.5,normal,-0.8442134319815604,4.64,1.2,0.5095637327744535,0.617452503547175,1.1676952737430581,261.0845184466507,57.67457215307354,1.2,1.4184060857880014,1.1676952737430581
20.55,normal,-0.8232134319815595,4.64,1.2,0.5135310327798077,0.6065494827294595,1.1717419954083772,261.65766084779744,57.87395985267813,1.2,1.3076971313557795,1.1717419954083772
20.6,normal,-0.8022134319815586,4.64,1.2,0.5179070183808088,0.5993023296680255,1.1818398952613527,262.1616299966421,58.07577833316533,1.2,1.2104598517630372,1.1818398952613527
20.650000000000002,normal,-0.7812134319815592,4.64,1.2,0.5228566352549462,0.595694077874696,1.190488300228474,262.86235922105254,58.272668844662334,1.2,1.5053929056771767,1.190488300228474
20.700000000000003,compressed,-0.7602134319815583,4.64,1.2,0.7269109252968553,0.5954460681202376,1.1812201764119128,263.9845762213557,58.47385935374017,1.2,1.90715150180129,1.1812201764119128
20.75,compressed,-0.7392134319815594,4.64,1.2,0.7250412603060554,0.5999230927700634,1.171080079648561,264.96792679901165,58.68148791922365,1.2,1.7457059693822594,1.171080079648561
20.8,compressed,-0.7182134319815586,4.64,1.2,0.7217282746259216,0.6090437837011453,1.1628368417757604,265.84304055384655,58.89666501422768,1.2,1.6074025195926456,1.1628368417757604
20.85,compressed,-0.6972134319815595,4.64,1.2,0.7164514581816304,0.622755034516354,1.1591521139406153,266.6438137188899,59.11963147319432,1.2,1.5204464687969088,1.1591521139406153
20.900000000000002,compressed,-0.6762134319815589,4.64,1.2,0.7090026351638251,0.6412256328288588,1.161962181824647,267.80751045519446,59.34467274602293,1.2,1.931241533271335,1.161962181824647
20.950000000000003,compressed,-0.6552134319815579,4.64,1.2,0.6980192212444438,0.6650050497110991,1.1720755889453613,268.8356393829733,59.57144600125853,1.2,1.8142262377072957,1.1720755889453613
21.0,compressed,-0.6342134319815588,4.64,1.2,0.6837331077872669,0.694893930462545,1.1741663487765037,269.94338109172395,59.793499767048424,1.2,1.8682940792686602,1.1741663487765037
21.05,compressed,-0.61321343198156,4.64,1.2,0.6677406643098862,0.7276699477555308,1.1602129314031007,271.1217431752057,60.00895223661266,1.2,2.0947475439419967,1.1602129314031007
21.1,compressed,-0.5922134319815591,4.64,1.2,0.6495001664448771,0.7632988643738077,1.1188167387041261,272.4021105164833,60.22091021120594,1.2,2.1499392651031908,1.1188167387041261
21.150000000000002,compressed,-0.5712134319815585,4.64,1.2,0.6288081926029868,0.8009589191850339,1.0646108028929013,273.8489594685181,60.43322344328652,1.2,2.212740498945562,1.0646108028929013
21.200000000000003,compressed,-0.5502134319815576,4.64,1.2,0.6059360741151473,0.8402424600734595,1.0195992067858226,275.35258711089915,60.65008104322668,1.2,2.284543360165231,1.0195992067858226
21.25,compressed,-0.5292134319815603,4.64,1.2,0.5815167945998162,0.8811005985796627,0.9841922991741667,276.7613558326723,60.872655444004266,1.2,2.1819039082104266,0.9841922991741667
21.3,compressed,-0.5082134319815595,4.64,1.2,0.5557821470720746,0.9231056084344762,0.9587917577779492,278.03625567894187,61.09856428571882,1.2,2.0245656824156786,0.9587917577779492
21.35,compressed,-0.48721343198155875,4.64,1.2,0.5290250141890438,0.9658798135211288,0.9494107693410302,279.54321288590995,61.325614562163416,1.2,2.3278223111787386,0.9494107693410302
21.400000000000002,compressed,-0.4662134319815578,4.64,1.2,0.5022841530831135,1.0036741501608504,0.9564366171018036,280.9537911475753,61.55238782694447,1.2,2.1585135136198836,0.9564366171018036
21.450000000000003,compressed,-0.445213431981559,4.64,1.2,0.4761939172294901,1.036732824363912,0.9795484839030334,282.2606286927553,61.779746659293444,1.2,2.1084012887351125,0.9795484839030334
21.5,compressed,-0.42421343198155986,4.64,1.2,0.4519976531261999,1.0653714296942038,1.0068175694986807,283.66532974780563,61.99904013521347,1.2,2.2405888871649275,1.0068175694986807
21.55,compressed,-0.40321343198155896,4.64,1.2,0.43082616831665443,1.0899824258770245,1.0392734204287044,285.0627790978564,62.21220746535953,1.2,2.263129233649056,1.0392734204287044
21.6,compressed,-0.3822134319815583,4.64,1.2,0.41268054774319934,1.1110379945241928,1.0782027286293208,286.4210153504825,62.42204257920909,1.2,2.2270444454126124,1.0782027286293208
21.650000000000002,compressed,-0.36121343198155925,4.64,1.2,0.397393176973324,1.129089059254957,1.1247536214882077,287.73839841089364,62.631119824272865,1.2,2.1861407973731106,1.1247536214882077
21.700000000000003,compressed,-0.3402134319815586,4.64,1.2,0.3847581020160242,1.1447581128706794,1.1780449590050197,288.5945130564441,62.84025090238488,1.2,1.737950024738791,1.1780449590050197
21.75,compressed,-0.3192134319815595,4.64,1.2,0.3745321748247117,1.1595858887947361,1.2311545689337213,289.3948541426361,63.04138971566251,1.2,1.5767303588526649,1.2311545689337213
21.8,compressed,-0.29821343198155864,4.64,1.2,0.36583574526382817,1.176748443463298,1.2815042862649333,290.25807942217534,63.23446980576307,1.2,1.734451560119664,1.2815042862649333
21.85,compressed,-0.27721343198155973,4.64,1.2,0.3579776743016997,1.1975864418664015,1.2372384576477484,291.1568717621527,63.42040614098443,1.2,1.7779982097237899,1.2372384576477484
21.900000000000002,compressed,-0.2562134319815589,4.64,1.2,0.35047088663015924,1.2219611890009636,1.1775660628160693,292.2680095766631,63.59557728774768,1.2,1.93946191355613,1.1775660628160693
21.950000000000003,compressed,-0.235213431981558,4.64,1.2,0.34301031809968324,1.2477449216491614,1.130096486376533,293.5194454508665,63.757090918849094,1.2,2.0709305813339496,1.130096486376533
22.0,compressed,-0.21421343198155918,4.64,1.2,0.33618788560419555,1.2710005690257111,1.09776761724817,294.99054676337306,63.903374185956714,1.2,2.200506614806606,1.09776761724817
22.05,compressed,-0.19321343198156005,4.64,1.2,0.3307467430137129,1.288364033463843,1.0801260740798335,296.450406516038,64.03380236838373,1.2,2.2381593652091305,1.0801260740798335
22.1,compressed,-0.17221343198155914,4.64,1.2,0.3277937237870351,1.2998610518376639,1.0766485544487399,298.17222967214076,64.15079829375263,1.2,2.573615832308612,1.0766485544487399
22.150000000000002,compressed,-0.1512134319815585,4.64,1.2,0.32931000139985533,1.3055927730256358,1.0497841004042725,299.8226531399667,64.26846234906671,1.2,2.521778314951921,1.0497841004042725
22.200000000000003,compressed,-0.1302134319815576,4.64,1.2,0.33457000326621034,1.3057207292712667,1.0113718758645618,301.3015979665938,64.39543438220709,1.2,2.388324115445877,1.0113718758645618
22.25,compressed,-0.1092134319815603,4.639999999999999,1.2,0.3420068672145157,1.3004530781617079,0.979702635482085,302.63463144245094,64.53459112562125,1.2,2.260943596138495,0.979702635482085
22.3,compressed,-0.08821343198155966,4.64,1.2,0.35039364309197235,1.2900326718303652,0.9547467416638926,303.7145596142436,64.6866042717276,1.2,2.044947305061997,0.9547467416638926
22.35,compressed,-0.06721343198155875,4.64,1.2,0.3591975646567255,1.2749942822503568,0.9363592588403415,304.31092250753136,64.84517644948076,1.2,1.5125164487259384,0.9363592588403415
22.400000000000002,compressed,-0.046213431981558126,4.64,1.2,0.3682075342346445,1.2592649002391947,0.9243292567148819,304.84805733156236,65.00587365532104,1.2,1.3265628098646611,0.9243292567148819
22.450000000000003,compressed,-0.025213431981559037,4.64,1.2,0.37738169000911886,1.2452805946707803,0.923765959990052,305.7050128630556,65.16223491119322,1.2,1.6730808104219221,0.923765959990052
22.5,compressed,-0.004213431981559948,4.64,1.2,0.38583517006210066,1.2341710763467098,0.9341388671324196,306.91595542642864,65.30964132037859,1.2,2.116224370031646,0.9341388671324196
22.55,compressed,0.016786568018440695,4.64,1.2,0.3950552596690852,1.2257266957733235,0.9560826325570015,308.2047097129816,65.44830455075041,1.2,2.150638943695257,0.9560826325570015
22.6,compressed,0.0377865680184416,4.64,1.2,0.4044530866485198,1.2197615264795694,0.9890928996270393,309.42580370250425,65.5820423585846,1.2,2.0790577440607643,0.9890928996270393
22.650000000000002,compressed,0.058786568018440705,4.64,1.2,0.41369985271581244,1.2161118740256003,1.0326475392961465,310.5692375428986,65.7156705742018,1.2,1.9977603649370583,1.0326475392961465
22.700000000000003,compressed,0.07978656801844142,4.64,1.2,0.4223776388648858,1.2146336056564644,1.0841674101377503,311.63633521157857,65.85331434799106,1.2,1.9141567330812301,1.0841674101377503
22.75,compressed,0.10078656801844044,4.64,1.2,0.4298358158399641,1.2151986566743296,1.143025494294182,312.63434878901984,65.99880249941894,1.2,1.837432401102704,1.143025494294182
22.8,compressed,0.12178656801844123,4.64,1.2,0.43598944552749,1.2176910628420403,1.2062549464706052,313.36053074636226,66.15269270875383,1.2,1.6018185729891676,1.2062549464706052
22.85,compressed,0.14278656801844025,4.64,1.2,0.4410550876270666,1.2220028417439914,1.2673285182329794,313.9317066286326,66.3106966423428,1.2,1.4477777395297358,1.2673285182329794
22.900000000000002,compressed,0.16378656801844105,4.64,1.2,0.44484866400387324,1.228030005316997,1.2474501756639171,314.6145213467231,66.46926598488409,1.2,1.5536379335958697,1.2474501756639171
22.950000000000003,compressed,0.18478656801844184,4.64,1.2,0.44704783116119484,1.235668935436446,1.202283758332376,315.1542604712485,66.62605205578467,1.2,1.3434857629658925,1.202283758332376
23.0,compressed,0.20578656801844086,4.64,1.2,0.4476759958681086,1.2437531244863873,1.1589618014702923,315.639081329751,66.77752132248038,1.2,1.2427627623805109,1.1589618014702923
23.05,compressed,0.22678656801843988,4.64,1.2,0.44676838357499243,1.2501045498844947,1.1286841220831227,316.8096900118071,66.91531121733334,1.2,2.020224587357538,1.1286841220831227
23.1,compressed,0.24778656801844068,4.639999999999999,1.2,0.44372924872259906,1.251597554792211,1.1128286482301761,318.27068965445403,67.04334473840538,1.2,2.2496957394218873,1.1128286482301761
23.150000000000002,compressed,0.2687865680184415,4.64,1.2,0.4386023947693928,1.2467908251006652,1.1108887675483266,319.8197901997248,67.16800652317913,1.2,2.329808714422281,1.1108887675483266
23.200000000000003,compressed,0.28978656801844227,4.64,1.2,0.43137258887097707,1.2358341728065787,1.1221789553344466,321.3438104258266,67.29529895523197,1.2,2.3403961223228045,1.1221789553344466
23.25,compressed,0.3107865680184395,4.64,1.2,0.42209772027101716,1.2188783086468487,1.1458514716985657,322.80584878130406,67.43084358732848,1.2,2.3139461398913213,1.1458514716985657
23.3,compressed,0.3317865680184403,4.640000000000001,1.2,0.41071129112591376,1.1961690341034539,1.1626808121995038,323.9561986732959,67.57789993107222,1.2,2.0784656184123422,1.1626808121995038
23.35,compressed,0.3527865680184411,4.64,1.2,0.39733132945122474,1.168419621482338,1.1700796101543423,324.77184331859496,67.73369767432705,1.2,1.6369987498354739,1.1700796101543423
23.400000000000002,compressed,0.3737865680184419,4.64,1.2,0.38284066002094075,1.139070739343479,1.1837434431507734,325.4212546780608,67.89388663038498,1.2,1.3758331736596996,1.1837434431507734
23.450000000000003,compressed,0.3947865680184409,4.64,1.2,0.3681235462395876,1.1105305196932047,1.20215610366981,326.40972608956827,68.05613834922033,1.2,1.7358703633364811,1.20215610366981
23.5,compressed,0.41578656801844,4.64,1.2,0.3539780979191811,1.084221853560093,1.2238627599693772,327.3810057639131,68.22205262564805,1.2,1.6896719470637525,1.2238627599693772
23.55,compressed,0.43678656801844074,4.64,1.2,0.3409705632601518,1.0608002231798805,1.2451808132422868,328.3127040362082,68.39390988777625,1.2,1.649053477695876,1.2451808132422868
23.6,compressed,0.4577865680184416,4.64,1.2,0.32963279612525975,1.040452945098673,1.2323821946068065,329.1801551597234,68.5689830698125,1.2,1.5646631377520794,1.2323821946068065
23.650000000000002,compressed,0.47878656801844055,4.64,1.2,0.31973808227942524,1.0229618212592846,1.2148352426008973,329.8045721881681,68.74709236663944,1.2,1.2715070648644224,1.2148352426008973
23.700000000000003,compressed,0.49978656801844135,4.640000000000001,1.2,0.3109709148737903,1.0077801964855182,1.1944129210174128,330.34716078548337,68.92900190645949,1.2,1.0855463905338867,1.1944129210174128
23.75,compressed,0.5207865680184404,4.64,1.2,0.3032639400420701,0.9940621560045597,1.1585620991756407,330.85201276615305,69.11240181440583,1.2,0.9920617145259609,1.1585620991756407
23.8,compressed,0.5417865680184412,4.64,1.2,0.2974444924823494,0.9806612548237292,1.1040830841576108,331.6163564420107,69.29220830381239,1.2,1.390556318695373,1.1040830841576108
23.85,compressed,0.5627865680184402,4.64,1.2,0.2948497156107585,0.9662049352069553,1.0572437729246187,332.53500881448616,69.46998589631396,1.2,1.6153696388230045,1.0572437729246187
23.900000000000002,compressed,0.583786568018441,4.64,1.2,0.2956838206197353,0.9493071655372034,1.0180950592814495,333.47313968603896,69.65093596977158,1.2,1.713577874395567,1.0180950592814495
23.950000000000003,compressed,0.6047865680184419,4.64,1.2,0.2982918938888492,0.934477709784348,0.9869222784980576,334.3749396823684,69.83755224507175,1.2,1.7045068443126012,0.9869222784980576
24.0,compressed,0.6257865680184409,4.639999999999999,1.2,0.30219687319299765,0.9220587288760289,0.9694791296533194,335.2592939850528,70.02379686994803,1.2,1.6517623045716188,0.9694791296533194
24.05,compressed,0.6467865680184399,4.64,1.2,0.3063875168042812,0.9118164568938991,0.9655074901362786,336.1620964437484,70.20601349370664,1.2,1.5435159925763826,0.9655074901362786
24.1,compressed,0.6677865680184405,4.64,1.2,0.31005838522476115,0.9030646820589727,0.972910617576609,336.93775832776873,70.38452879321899,1.2,1.4167735119179778,0.972910617576609
24.150000000000002,compressed,0.6887865680184415,4.64,1.2,0.31445701550434724,0.8945738258063665,0.9893783613481233,337.9809875641598,70.55336624672621,1.2,1.7974007267590846,0.9893783613481233
24.200000000000003,compressed,0.7097865680184422,4.64,1.2,0.318339760980617,0.8849381483974101,1.014077136623275,338.9038531337776,70.71423032301072,1.2,1.676601625348313,1.014077136623275
24.25,compressed,0.7307865680184411,4.64,1.2,0.3217926075094697,0.8739131315127455,1.046325409599474,339.7059666358748,70.8699494153858,1.2,1.5359817752436564,1.046325409599474
24.3,compressed,0.7517865680184403,4.64,1.2,0.3250023433936914,0.8612845331912522,1.0582074479831631,340.40282127652785,71.0241746390568,1.2,1.3852532091394179,1.0582074479831631
24.35,compressed,0.772786568018441,4.64,1.2,0.3279356894394687,0.8479683159659512,1.0574768142293558,341.0493604929872,71.17905745607632,1.2,1.3067497586637447,1.0574768142293558
24.400000000000002,compressed,0.7937865680184418,4.64,1.2,0.3302057255215013,0.8350703830950572,1.0655675913484315,341.68528106340733,71.33699597915302,1.2,1.295435592247045,1.0655675913484315
24.450000000000003,compressed,0.814786568018441,4.64,1.2,0.3313151770010586,0.8233280754594567,1.0831415611871564,342.25533682516084,71.49948834908854,1.2,1.0876279014222139,1.0831415611871564
24.5,compressed,0.8357865680184399,4.64,1.2,0.3312306428528505,0.8131319808399444,1.1099607863077128,342.897595105585,71.66445585781177,1.2,1.3124552482068021,1.1099607863077128
24.55,compressed,0.8567865680184407,4.64,1.2,0.32944683970687233,0.8045992455968742,1.141456289698731,343.62901213794197,71.82804097511237,1.2,1.423618095566066,1.141456289698731
24.6,compressed,0.8777865680184416,4.64,1.2,0.3264182148745626,0.7984501986237447,1.173868185777544,344.43290923539945,71.99199308275203,1.2,1.5500277344921,1.173868185777544
24.650000000000002,compressed,0.8987865680184405,4.64,1.2,0.3216580166073968,0.7968594573997485,1.2020507056738698,345.1548765887041,72.15554997705557,1.2,1.5007110079439734,1.2020507056738698
24.700000000000003,compressed,0.9197865680184413,4.640000000000001,1.2,0.3157137415174311,0.8010078325192722,1.1938038068047534,346.0860644548225,72.315735409584,1.2,1.6476706746929388,1.1938038068047534
24.75,compressed,0.9407865680184404,4.64,1.2,0.3098054579522505,0.8111189311695854,1.1867080613383572,347.2953604745945,72.46709550272011,1.2,2.063813438051967,1.1867080613383572
24.8,compressed,0.9617865680184411,4.64,1.2,0.3032473091069512,0.8267735204429953,1.185377318997116,348.4662456535914,72.61163081133569,1.2,2.050216590635574,1.185377318997116
24.85,compressed,0.9827865680184402,4.64,1.2,0.29711875597151666,0.8474863849554093,1.1898604857106003,349.53778049285836,72.75297032548389,1.2,1.9660756074239003,1.1898604857106003
24.900000000000002,compressed,1.003786568018441,4.64,1.2,0.2927383019414016,0.8728073404763734,1.1928149865710587,350.4419113040434,72.89608114633518,1.2,1.7677175126662736,1.1928149865710587
24.950000000000003,compressed,1.0247865680184418,4.64,1.2,0.29084084052160664,0.9022431577622672,1.1671782571294458,351.1763155796074,73.04285090360217,1.2,1.479579602105482,1.1671782571294458
25.0,compressed,1.045786568018439,4.640000000000001,1.2,0.29115217701407115,0.9350101458363853,1.1290430619098633,351.5645168074467,73.19237247746153,1.2,1.1483787479134102,1.1290430619098633
25.05,compressed,1.0667865680184399,4.640000000000001,1.2,0.2930237957366234,0.969536913726678,1.095366156260339,352.4623076346645,73.33819850439522,1.2,1.6749971241244073,1.095366156260339
25.1,compressed,1.0877865680184406,4.64,1.2,0.29763451851452216,0.9994633619775664,1.0659543346531088,353.3047364800374,73.48177387053221,1.2,1.5690659265173275,1.0659543346531088
25.150000000000002,compressed,1.1087865680184414,4.639999999999999,1.2,0.30439150096674206,1.0244636800065114,1.0405932738415775,354.08539376312405,73.62360580981331,1.2,1.4747220467889501,1.0405932738415775
25.200000000000003,compressed,1.1297865680184422,4.64,1.2,0.3127029503652119,1.0443513720818511,1.019073676770483,354.8157924435822,73.76358825265288,1.2,1.4468856717269978,1.019073676770483
25.25,compressed,1.1507865680184395,4.64,1.2,0.3220495210130644,1.0589288653625903,1.000439317278612,355.810943769235,73.90136052056371,1.2,1.7575482845869588,1.000439317278612
25.3,compressed,1.1717865680184403,4.640000000000001,1.2,0.33231328771866137,1.067943467017813,0.9862485219954842,356.4731285006264,74.0349598999159,1.2,1.3850004417966078,0.9862485219954842
25.35,compressed,1.1927865680184409,4.64,1.2,0.3428082184225293,1.0710795921168477,0.9756725406663923,356.93812656882045,74.16762654504032,1.2,1.160967384253961,0.9756725406663923
25.400000000000002,compressed,1.2137865680184419,4.64,1.2,0.3535815425978316,1.06887995419706,0.9688507249540579,357.2845488883443,74.30377420369405,1.2,1.0653696140223026,0.9688507249540579
25.450000000000003,compressed,1.2347865680184391,4.64,1.2,0.3646903092752481,1.0624865024440486,0.9660884219765088,357.6596785945298,74.44351096560672,1.2,1.1062157725607615,0.9660884219765088
25.5,compressed,1.25578656801844,4.64,1.2,0.37619597681769457,1.0527075955161753,0.9676357116607297,358.51409077680864,74.58265546045257,1.2,1.5963557952606888,0.9676357116607297
25.55,compressed,1.2767865680184407,4.64,1.2,0.3871592879457723,1.040080933607109,0.9736672877485849,359.3702905155796,74.72272895070041,1.2,1.5723269498883483,0.9736672877485849
25.6,compressed,1.2977865680184413,4.64,1.2,0.3976099114806904,1.025307975415153,0.9886294685530961,360.2485599132594,74.85897392428303,1.2,1.5221318968118596,0.9886294685530961
25.650000000000002,compressed,1.3187865680184387,4.64,1.2,0.40617016283042284,1.009413751636397,1.012193952799379,360.7502981517609,74.99014073240056,1.2,0.9856572697825777,1.012193952799379
25.700000000000003,compressed,1.3397865680184395,4.64,1.2,0.41414012241790604,0.9935453173008484,1.0440346056113365,361.290746758676,75.1156585978708,1.2,1.0574712058671025,1.0440346056113365
25.75,compressed,1.3607865680184403,4.64,1.2,0.4214263754199454,0.9785148143220448,1.0838289575360727,361.8728632752174,75.23613985355117,1.2,1.1508515576882279,1.0838289575360727
25.8,compressed,1.3817865680184411,4.64,1.2,0.42793399937569776,0.9647916875294518,1.1312560689975142,362.8160186195375,75.35437670305207,1.2,1.4946130466372165,1.1312560689975142
25.85,compressed,1.4027865680184384,4.64,1.2,0.43435195033252505,0.9525356695874645,1.185592936988576,363.7574873588195,75.47385271683973,1.2,1.4886827576892583,1.185592936988576
25.900000000000002,compressed,1.423786568018439,4.64,1.2,0.44065994411969206,0.941581330965866,1.2117339239063454,364.5353478059162,75.58810064731662,1.2,1.566587406187005,1.2117339239063454
25.950000000000003,compressed,1.44478656801844,4.64,1.2,0.44529280156895207,0.9370598479861785,1.2060218139177485,365.50619594243733,75.69224600011762,1.2,1.7862851048478412,1.2060218139177485
26.0,compressed,1.4657865680184408,4.64,1.2,0.44666281759336346,0.9380252393148163,1.1989749956217943,366.48391833060936,75.78803299108628,1.2,1.7551361460526085,1.1989749956217943
26.05,compressed,1.4867865680184416,4.64,1.2,0.44479997318349956,0.9434953982952907,1.1803015849960066,367.3965032724799,75.87776724331768,1.2,1.6526977168042485,1.1803015849960066
26.1,compressed,1.5077865680184388,4.64,1.2,0.43992856650375617,0.9524748179268625,1.1710209978084847,368.31372286911653,75.95882695519472,1.2,1.697141503107932,1.1710209978084847
26.150000000000002,compressed,1.5287865680184396,4.64,1.2,0.4326858535758603,0.9585901819089309,1.1717391802145662,369.19972762333896,76.03480194914124,1.2,1.6953474008082658,1.1717391802145662
26.200000000000003,compressed,1.5497865680184402,4.64,1.2,0.4232724054809993,0.9618487896051995,1.1814841006566745,370.00592215837185,76.10738608859384,1.2,1.647664810766075,1.1814841006566745
26.25,compressed,1.570786568018441,4.64,1.2,0.41318625176897994,0.9628948765669003,1.1980777656126538,370.64649030571616,76.17954691481123,1.2,1.4638145793458508,1.1980777656126538
26.3,compressed,1.5917865680184384,4.64,1.2,0.4025283495494005,0.9626619162237897,1.2072122436644173,371.10968921215726,76.2591006745573,1.2,1.1958945807877501,1.2072122436644173
26.35,compressed,1.6127865680184392,4.64,1.2,0.39136366806226325,0.962100667468422,1.20456471840582,371.4325905473046,76.34725884530704,1.2,0.9282114133340815,1.20456471840582
26.400000000000002,compressed,1.63378656801844,4.64,1.2,0.37973280026396977,0.9619682527464888,1.1914231313912493,371.940043253541,76.43796070757696,1.2,1.1819360382696087,1.1914231313912493
26.450000000000003,compressed,1.6547865680184408,4.64,1.2,0.3690146640933799,0.9626609929343963,1.1779034650386226,372.5618511267671,76.53237665228237,1.2,1.2178663802466159,1.1779034650386226
26.5,compressed,1.6757865680184378,4.64,1.2,0.35945197727289147,0.9642034314674044,1.1658936322198583,373.15749222426325,76.63211054890189,1.2,1.1457064149846985,1.1658936322198583
26.55,compressed,1.6967865680184389,4.64,1.2,0.351046994940409,0.9661487716152592,1.157111800135797,373.75952346687086,76.7394652853071,1.2,1.1546095759463744,1.157111800135797
26.6,compressed,1.7177865680184397,4.64,1.2,0.34380787069116875,0.9680954075408548,1.1527504706121703,374.3788221886399,76.85621119070893,1.2,1.2222865458972234,1.1527504706121703
26.650000000000002,compressed,1.7387865680184404,4.64,1.2,0.3377628228959405,0.9697880862083237,1.1531721439217184,374.9668463838401,76.98102104436009,1.2,1.0913897760507305,1.1531721439217184
26.700000000000003,compressed,1.7597865680184412,4.64,1.2,0.33328566014603017,0.9712022089113228,1.1213591715185558,375.8907105459883,77.1041140864681,1.2,1.7081993112059455,1.1213591715185558
26.75,compressed,1.7807865680184385,4.64,1.2,0.32926082752570085,0.9725606631038788,1.079648652620079,376.94762502947384,77.21651734255374,1.2,1.8190132848666845,1.079648652620079
26.8,compressed,1.801786568018439,4.64,1.2,0.3249140138826408,0.9745095820903746,1.0500149838511217,377.6528492186055,77.32122126865127,1.2,1.365874522180285,1.0500149838511217
26.85,compressed,1.82278656801844,4.64,1.2,0.3216999399635462,0.9778086248196178,1.0320164112253496,378.33285939494357,77.41986327117041,1.2,1.3901433279373259,1.0320164112253496
26.900000000000002,compressed,1.843786568018441,4.64,1.2,0.31970943517629324,0.9829233297335356,1.0252026506442604,378.9827479418491,77.51814991774339,1.2,1.3976295990757253,1.0252026506442604
26.950000000000003,compressed,1.8647865680184417,4.64,1.2,0.31908917261398806,0.9897891376735721,1.028739819362083,379.54056513128387,77.62255465320884,1.2,1.3134703671347265,1.028739819362083
27.0,compressed,1.885786568018439,4.64,1.2,0.3200040561488069,0.9974988282540542,1.0416083837302361,380.01572517199565,77.73307475543363,1.2,1.2284911594864125,1.0416083837302361
27.05,compressed,1.9067865680184397,4.64,1.2,0.3225618448918685,1.0046891143777952,1.065909462485458,380.84243121270737,77.84522609571908,1.2,1.5623428121716516,1.065909462485458
27.1,compressed,1.9277865680184403,4.64,1.2,0.3258287870316778,1.009738617667126,1.1001611601453514,381.8065871188111,77.95539696706267,1.2,1.7513034780710808,1.1001611601453514
27.150000000000002,compressed,1.9487865680184415,4.64,1.2,0.32864651014117136,1.0110925202738599,1.142990647095874,382.78859681506606,78.06784575960323,1.2,1.7642517308500003,1.142990647095874
27.200000000000003,compressed,1.9697865680184419,4.64,1.2,0.3312386213390518,1.0078609201001905,1.162095643734045,383.6891122729939,78.18497441899586,1.2,1.6691029490011975,1.162095643734045
27.25,compressed,1.9907865680184393,4.64,1.2,0.3336186689592887,1.0003665182639996,1.1783734155052632,384.30768462244095,78.30373716695591,1.2,1.1793177722904973,1.1783734155052632
27.3,compressed,2.01178656801844,4.64,1.2,0.3349282900403926,0.9901498598126335,1.202608729933996,384.76856288849785,78.42128481816582,1.2,1.0891038487028843,1.202608729933996
27.35,compressed,2.032786568018441,4.64,1.2,0.3347647869491232,0.9793126764487101,1.2276452850568145,385.5023002799534,78.52901406293367,1.2,1.4372660307460952,1.2276452850568145
27.400000000000002,compressed,2.0537865680184417,4.64,1.2,0.33498112453137774,0.9696721985364887,1.2369878697812564,386.22569809077345,78.62828187558992,1.2,1.4849577187071874,1.2369878697812564
27.450000000000003,compressed,2.074786568018439,4.64,1.2,0.3353814220535013,0.9624719280728746,1.2329404850123196,386.92265826662555,78.72145139637948,1.2,1.4806983699441534,1.2329404850123196
27.5,compressed,2.0957865680184393,4.64,1.2,0.3357776360726922,0.9584226443365276,1.2303878201580305,387.5606353259064,78.8120503623536,1.2,1.4186438266127088,1.2303878201580305
27.55,compressed,2.11678656801844,4.64,1.2,0.3360232084893489,0.9577750885188763,1.2138443833684582,388.0922464334791,78.9042530227739,1.2,1.2749692274629738,1.2138443833684582
27.6,compressed,2.137786568018442,4.64,1.2,0.3360560610097595,0.960143296174039,1.1932280267680508,388.52086021669584,79.00085568717498,1.2,1.0970348217079162,1.1932280267680508
27.650000000000002,compressed,2.158786568018442,4.64,1.2,0.33577164950878874,0.9650063462023379,1.1795588109089208,389.22278037113733,79.09799094905169,1.2,1.4207724752992967,1.1795588109089208
27.700000000000003,compressed,2.1797865680184394,4.639999999999999,1.2,0.33380141496115245,0.9717118543021162,1.1742555395380605,389.94324706077276,79.19727669654421,1.2,1.427912796607921,1.1742555395380605
27.75,compressed,2.20078656801844,4.64,1.2,0.33030663927218246,0.9797489397205914,1.1709047700251123,390.2190078208066,79.3028451877867,1.2,0.8600112395725665,1.1709047700251123
27.8,compressed,2.2217865680184405,4.64,1.2,0.32689503372219697,0.9888809348567456,1.1697203190124417,390.3733170928084,79.41398231937148,1.2,0.6244344575149012,1.1697203190124417
27.85,compressed,2.242786568018442,4.64,1.2,0.3240532439770515,0.9989543507712098,1.1679493845372544,390.48027556205926,79.52963953296324,1.2,0.5688974996850072,1.1679493845372544
27.900000000000002,compressed,2.263786568018439,4.64,1.2,0.3222968999700596,1.0099101089928892,1.1433269518919815,391.0646405578849,79.64335918672015,1.2,1.1401675067938801,1.1433269518919815
27.950000000000003,compressed,2.28478656801844,4.64,1.2,0.3214889267057858,1.0217738105959155,1.1321334653058752,391.8488310049445,79.75736609246178,1.2,1.3024014759857856,1.1321334653058752
28.0,compressed,2.3057865680184406,4.64,1.2,0.3219204996693291,1.0346300769658412,1.1340098569557744,392.59747048407945,79.87172743933836,1.2,1.2663855743445074,1.1340098569557744
28.05,compressed,2.3267865680184414,4.64,1.2,0.32343789994568767,1.0485135188368713,1.1479531895559119,393.26115693547905,79.98616989391576,1.2,1.178916431995766,1.1479531895559119
28.1,compressed,2.3477865680184387,4.64,1.2,0.32595280524379217,1.0631901048254035,1.170815744459876,393.67023467406347,80.10163507334516,1.2,0.9386187164665166,1.170815744459876
28.150000000000002,compressed,2.3687865680184395,4.64,1.2,0.32928777537190745,1.078380773907359,1.1930590061842707,393.8269523531475,80.21906059234794,1.2,0.583744534287712,1.1930590061842707
28.200000000000003,compressed,2.3897865680184402,4.64,1.2,0.33280987464953077,1.0938370419303776,1.1962286938197282,393.9532566120296,80.33915923848633,1.2,0.4325719750234015,1.1962286938197282
28.25,compressed,2.3900000000000006,4.619213431981559,1.2,0.3310601645219545,1.0966989221560444,1.1991255422524154,394.17196809263805,80.46065368175782,1.2,0.6601198529769751,1.1991255422524154
28.3,compressed,2.39,4.598213431981562,1.2,0.3294291345681563,1.09704480107521,1.1906319207332694,394.4955873730653,80.58239929392964,1.2,0.8623312748241361,1.1906319207332694
28.35,compressed,2.39,4.57721343198156,1.2,0.32758693432101327,1.098022283858223,1.1881957814946282,394.8558750185466,80.70348413758968,1.2,0.9576350450485887,1.1881957814946282
28.400000000000002,compressed,2.39,4.5562134319815595,1.2,0.3257934454160301,1.1000053441751294,1.1923004103173895,395.17050724883745,80.82313852056654,1.2,0.9435280644622873,1.1923004103173895
28.450000000000003,compressed,2.39,4.53521343198156,1.2,0.32552584999236067,1.1033839696397734,1.197585257273908,395.74747301530715,80.94455538404317,1.2,1.255066473811897,1.197585257273908
28.5,compressed,2.39,4.514213431981561,1.2,0.3289468488815471,1.1082911338482884,1.1965410150675428,396.7247993597945,81.05690804570368,1.2,1.5682219429618,1.1965410150675428
28.55,compressed,2.39,4.493213431981561,1.2,0.33357034917110867,1.1142395301537051,1.2011505458485654,397.4772349970516,81.16163603423136,1.2,1.3838640219941185,1.2011505458485654
28.6,compressed,2.39,4.472213431981561,1.2,0.3391657301714732,1.121057625944336,1.194006566086014,397.778875395599,81.26276808895338,1.2,0.9072188269890054,1.194006566086014
28.650000000000002,compressed,2.39,4.45121343198156,1.2,0.3474665505268428,1.1288533295109713,1.1718577399589158,398.05824493580394,81.36049475068617,1.2,0.8866145442439681,1.1718577399589158
28.700000000000003,compressed,2.39,4.430213431981558,1.2,0.35858369687118846,1.137610788508963,1.154017080034934,398.6176805287519,81.45211536626559,1.2,1.316555997052044,1.154017080034934
28.75,compressed,2.39,4.409213431981561,1.2,0.37077337389411774,1.147208869844997,1.1428378995682555,399.04736229083926,81.5418022365877,1.2,1.1684737563307055,1.1428378995682555
28.8,compressed,2.39,4.38821343198156,1.2,0.38445797387917435,1.1577181797441691,1.1396004737710708,399.53510971821646,81.63124365718875,1.2,1.2492293235356202,1.1396004737710708
28.85,compressed,2.39,4.367213431981559,1.2,0.3991307958638972,1.1690730012660269,1.1436222865651162,399.93239197556403,81.72070446714295,1.2,1.1498587059916956,1.1436222865651162
28.900000000000002,compressed,2.39,4.346213431981559,1.2,0.41450135050879416,1.180577106465991,1.1576647606037773,400.5544308343034,81.80367493576593,1.2,1.316837103325433,1.1576647606037773
28.950000000000003,compressed,2.39,4.325213431981559,1.2,0.429261657908499,1.1912911077882313,1.1779995101174232,400.97061871502035,81.87945367781197,1.2,1.0857073242234936,1.1779995101174232
29.0,normal,2.3900000000000006,4.3042134319815615,1.2,0.6172020566472284,1.2002081905236819,1.1987699993621055,402.3822232936043,81.95426761590639,1.2,2.216964912658751,1.1987699993621055
29.05,normal,2.3900000000000006,4.283213431981561,1.2,0.6158911922672308,1.2041154554446654,1.200493941751927,403.62202567942154,82.03749180000517,1.2,2.1303186810514267,1.200493941751927
29.1,normal,2.3900000000000006,4.26221343198156,1.2,0.6111047005461563,1.203246755310048,1.2086266565581314,404.75738748239297,82.13623616278755,1.2,2.0901067287482835,1.2086266565581314
29.150000000000002,normal,2.39,4.241213431981558,1.2,0.6030256821402767,1.1983680997859163,1.2171444209719826,405.7544925399847,82.25062608598826,1.2,1.9706034361170819,1.2171444209719826
29.200000000000003,normal,2.39,4.220213431981558,1.2,0.5920241881748528,1.1906142574557474,1.2129320957176277,406.605000134385,82.37913295588623,1.2,1.7924590887570162,1.2129320957176277
29.25,normal,2.39,4.19921343198156,1.2,0.5786634498103898,1.181244541713129,1.2080292408115536,407.3360084209087,82.52028138674902,1.2,1.6046413694499744,1.2080292408115536
29.3,normal,2.39,4.17821343198156,1.2,0.5637137938049419,1.1714232174685826,1.2038547918543963,408.1047040531149,82.66903247447745,1.2,1.6338349475019243,1.2038547918543963
29.35,normal,2.39,4.157213431981559,1.2,0.5496017156699585,1.1617597886701712,1.2000916631850855,408.80372095191547,82.82627016984371,1.2,1.5245175166123683,1.2000916631850855
29.400000000000002,normal,2.39,4.136213431981559,1.2,0.5377719987804253,1.1523374390193726,1.184147273592202,409.5994903543452,82.98939122594136,1.2,1.5697796759624487,1.184147273592202
29.450000000000003,normal,2.39,4.115213431981557,1.2,0.5282573614611541,1.1431767632480194,1.16795789630053,410.40620578187236,83.16045088173547,1.2,1.4995109667438755,1.16795789630053
29.5,normal,2.3899999999999997,4.09421343198156,1.2,0.5206424716740591,1.1344677332771917,1.159564533349089,411.09647089738434,83.33910001574614,1.2,1.37288489235267,1.159564533349089
29.55,normal,2.39,4.07321343198156,1.2,0.5142109990813133,1.1265243775188847,1.1575329341221388,411.5863226833682,83.52400183170447,1.2,1.1556083001150466,1.1575329341221388
29.6,normal,2.39,4.052213431981558,1.2,0.5084438348820784,1.1197125271460031,1.1419384799631025,411.9241878497094,83.71334173019335,1.2,1.0222322243429134,1.1419384799631025
29.650000000000002,normal,2.39,4.031213431981558,1.2,0.502939191591851,1.1143827397344443,1.1063110352453978,412.76646003935116,83.90998716379576,1.2,1.5966717020027705,1.1063110352453978
29.700000000000003,normal,2.39,4.01021343198156,1.2,0.49975368096659845,1.1106652726919088,1.0730175097849717,413.7278137525282,84.11460553283843,1.2,1.6983916510934822,1.0730175097849717
29.75,normal,2.39,3.98921343198156,1.2,0.4995055104767311,1.1084581913642557,1.0425027281910706,414.6585790062187,84.32392754981717,1.2,1.687053461121944,1.0425027281910706
29.8,normal,2.3899999999999997,3.968213431981559,1.2,0.502043613032809,1.1076646331682465,1.0185650220181506,415.56217769198895,84.53389969126363,1.2,1.6766015553068343,1.0185650220181506
29.85,column,2.3900000000000006,3.947213431981558,1.2,0.9813404116704456,1.108195336107766,1.0000009297443568,417.0212881540331,84.73473791386543,1.2,2.307541282903527,1.0000009297443568
29.900000000000002,column,2.39,3.926213431981561,1.2,1.0045405085420684,1.1131314406563986,0.9890980186361985,418.16613408128745,84.93153209558542,1.2,1.9348013129846517,0.9890980186361985
29.950000000000003,column,2.39,3.90521343198156,1.2,1.023857951520144,1.122493102339952,0.9856458388420095,419.28845400393055,85.12995835502315,1.2,1.8913335902374029,0.9856458388420095
30.0,column,2.39,3.8842134319815593,1.2,1.0393040745409814,1.1363752158011524,0.9865872918517151,420.42046206835755,85.32934228924603,1.2,1.900843855002887,0.9865872918517151
30.05,column,2.39,3.863213431981559,1.2,1.0507944071960726,1.1548736914388764,0.9980689506748064,421.9393808998814,85.52626773863344,1.2,2.3853286907651743,0.9980689506748064
30.1,column,2.39,3.8422134319815613,1.2,1.057733747435882,1.1774383923931624,1.0197057797750235,423.436602246888,85.72273301717611,1.2,2.3781903079457196,1.0197057797750235
30.150000000000002,column,2.39,3.8212134319815605,1.2,1.0599976893968157,1.203221781281648,1.0509306815278656,424.95440670787906,85.92149431729166,1.2,2.3637301092823892,1.0509306815278656
30.200000000000003,column,2.39,3.8002134319815593,1.2,1.057567199211848,1.2312787633339186,1.0908555103576052,425.98005581259554,86.12308064169663,1.2,1.8242724148604759,1.0908555103576052
30.25,column,2.39,3.779213431981559,1.2,1.0518010193259708,1.2607370445955168,1.1384956221032974,426.93450783525685,86.32980961990877,1.2,1.7596967846091132,1.1384956221032974
30.3,column,2.39,3.758213431981562,1.2,1.0429357088333888,1.2905978630677573,1.1573601244659029,427.6015425805238,86.53714359555283,1.2,1.3803495219404385,1.1573601244659029
30.35,column,2.3899999999999997,3.7372134319815604,1.2,1.03261079821323,1.3199337341034878,1.1537326868033175,428.6297486834124,86.74606857730436,1.2,1.7560252079488439,1.1537326868033175
30.400000000000002,column,2.39,3.7162134319815605,1.2,1.0218223987468296,1.3480567530908223,1.1549766636718317,429.71567573923596,86.9560303645434,1.2,1.840752151497466,1.1549766636718317
30.450000000000003,column,2.3899999999999997,3.695213431981559,1.2,1.0104924139743787,1.374669124764775,1.161163807252766,430.21633391471505,87.1628153482426,1.2,1.2955429684593347,1.161163807252766
30.5,column,2.39,3.674213431981562,1.2,0.9981065211090321,1.3999360198897997,1.1720049184775756,431.028195504783,87.36384937689284,1.2,1.570534752648562,1.1720049184775756
30.55,column,2.39,3.653213431981561,1.2,0.9852989768055342,1.4244624695127714,1.1867471562276508,431.854472643945,87.56141152143726,1.2,1.558855238215883,1.1867471562276508
30.6,column,2.39,3.6322134319815604,1.2,0.9718467278275409,1.4491696613034297,1.1967655506892236,433.0025207193576,87.75215160808116,1.2,1.904889143356111,1.1967655506892236
30.650000000000002,column,2.39,3.6112134319815596,1.2,0.9587882891105723,1.4751055888399494,1.2010948418380796,434.1531723745058,87.93994579623737,1.2,1.9318453530379558,1.2010948418380796
30.700000000000003,column,2.39,3.590213431981559,1.2,0.9459862690546419,1.502807581572975,1.1911432994379207,435.2594201869228,88.12908298661681,1.2,1.8942781143618972,1.1911432994379207
30.75,column,2.39,3.5692134319815616,1.2,0.9333653913475576,1.5324195750745777,1.176346823476446,436.1628487303361,88.32327096329216,1.2,1.7227295166876757,1.176346823476446
30.8,column,2.39,3.5482134319815612,1.2,0.9207542345107335,1.5638087620815058,1.1628293564629528,437.01322830011077,88.5144477385507,1.2,1.6660652098470983,1.1628293564629528
30.85,column,2.39,3.52721343198156,1.2,0.9083539740035306,1.596031174197956,1.1464913268356234,437.6683008019979,88.7093720845848,1.2,1.5780268287711579,1.1464913268356234
30.900000000000002,column,2.39,3.506213431981559,1.2,0.8965942620320083,1.6272590679967456,1.1293145225661534,438.5419709606388,88.90698288716997,1.2,1.816414307448479,1.1293145225661534
30.950000000000003,column,2.39,3.4852134319815584,1.2,0.8854957775215135,1.655263780013236,1.1092921603741182,440.0023054668138,89.09266746662787,1.2,2.2963980247556584,1.1092921603741182
31.0,column,2.3899999999999997,3.464213431981561,1.2,0.8759824493284075,1.6789891765670997,1.0969583828732257,441.33421073824195,89.26770797748603,1.2,2.1722948529637027,1.0969583828732257
31.05,column,2.39,3.44321343198156,1.2,0.8679946000188172,1.6981832709941806,1.0929314659932938,442.5188370144996,89.43416312630096,1.2,2.0199024837665007,1.0929314659932938
31.1,column,2.39,3.4222134319815596,1.2,0.8615373317640632,1.7127889387226052,1.0962203688678998,443.5409701429719,89.595305415705,1.2,1.8424771732876952,1.0962203688678998
31.150000000000002,column,2.39,3.401213431981559,1.2,0.8566573859156422,1.7228585192091126,1.1039488932678099,444.3500887322413,89.75553658922931,1.2,1.6104422007755042,1.1039488932678099
31.200000000000003,column,2.39,3.3802134319815575,1.2,0.8533604831250265,1.7285170787946966,1.1052464125682373,444.8836602966195,89.92200561597139,1.2,1.2365539451882095,1.1052464125682373
31.25,column,2.39,3.359213431981561,1.2,0.8514616414093329,1.7299888772485188,1.1085704490907062,445.4794127324369,90.0926611768212,1.2,1.3534238728285424,1.1085704490907062
31.3,column,2.39,3.3382134319815595,1.2,0.8497585682583603,1.7275951651341472,1.1137524588802434,446.1231005736601,90.27109493681994,1.2,1.4544058112349538,1.1137524588802434
31.35,normal,2.39,3.3172134319815587,1.2,0.3652192321903718,1.7219741640600712,1.120977804571212,447.4685574569312,90.4583046880068,1.2,2.1989697161776114,1.120977804571212
31.400000000000002,normal,2.39,3.2962134319815584,1.2,0.3592801036566147,1.696506087253006,1.12848223672038,448.80325731917833,90.65820733946045,1.2,2.1886634302735057,1.12848223672038
31.450000000000003,normal,2.39,3.275213431981557,1.2,0.35275406601575504,1.6608830143137858,1.1350013024876342,449.93920848995015,90.8718342908725,1.2,1.9895473056867181,1.1350013024876342
31.5,normal,2.39,3.2542134319815603,1.2,0.3463756108410913,1.6239920958534948,1.1398419226188778,450.88964609995253,91.09859165513612,1.2,1.7407574244291688,1.1398419226188778
31.55,normal,2.39,3.23321343198156,1.2,0.34109848748770893,1.5869175002716318,1.142768528443711,451.7389172024697,91.33734315921326,1.2,1.6288303091369993,1.142768528443711
31.6,normal,2.39,3.2122134319815587,1.2,0.33769798166775117,1.550888326340968,1.1467984896822083,452.3837552330036,91.5779833002516,1.2,1.3773066574327468,1.1467984896822083
31.650000000000002,normal,2.39,3.1912134319815584,1.2,0.3356904897226852,1.517014915539793,1.151722072795266,452.9874848861068,91.816129970157,1.2,1.2911882697970627,1.151722072795266
31.700000000000003,normal,2.39,3.1702134319815607,1.2,0.336318691266323,1.4858022252950138,1.1573211467950297,453.5438626334129,92.05057814352729,1.2,1.1403126616262225,1.1573211467950297
31.75,normal,2.39,3.14921343198156,1.2,0.34299658625273216,1.4573655252000242,1.146674831026451,454.7145370630484,92.2711380538293,1.2,1.900392472376399,1.146674831026451
31.8,normal,2.39,3.128213431981559,1.2,0.35535181065354654,1.4323544460051538,1.1063010238236368,456.3255772790677,92.4752189338468,1.2,2.3061258908828366,1.1063010238236368
31.85,normal,2.39,3.1072134319815583,1.2,0.367047674562809,1.4110517914529412,1.0795721570543921,457.8233743913464,92.66546516459088,1.2,2.309355712633301,1.0795721570543921
31.900000000000002,normal,2.39,3.0862134319815606,1.2,0.37620026161206127,1.3934218507332148,1.0652676614809458,459.19387044959035,92.84572986567521,1.2,2.247060112818541,1.0652676614809458
31.950000000000003,normal,2.39,3.06521343198156,1.2,0.382520120512439,1.3795821630292258,1.061683172836131,460.3122488728142,93.0201287857483,1.2,2.028634900735065,1.061683172836131
32.0,normal,2.39,3.0442134319815595,1.2,0.38614425531792496,1.3620094791794974,1.0680388427153211,461.34102090173695,93.19062131268902,1.2,1.922819469771126,1.0680388427153211
32.050000000000004,normal,2.39,3.0232134319815587,1.2,0.38631572357681404,1.335181335158495,1.083951585873927,462.4067019450361,93.35695275120075,1.2,1.9586722855750724,1.083951585873927
32.1,normal,2.39,3.0022134319815614,1.2,0.3833401480734234,1.3077768311908735,1.0763517212059273,463.58524066819314,93.51597871745581,1.2,2.034138266843675,1.0763517212059273
32.15,normal,2.39,2.9812134319815606,1.2,0.3782971610798921,1.2796425753583631,1.072093669139779,464.6354046197224,93.66998545496456,1.2,1.8735068164956161,1.072093669139779
32.2,normal,2.39,2.9602134319815603,1.2,0.37214797571173663,1.2503232516527611,1.078918478980239,465.60375906865823,93.82199011430271,1.2,1.7924411783026333,1.078918478980239
32.25,normal,2.39,2.9392134319815595,1.2,0.3662175527076025,1.2190817042942987,1.0984333763754062,466.4010148310268,93.97065398111954,1.2,1.590740121062732,1.0984333763754062
32.300000000000004,normal,2.39,2.9182134319815582,1.2,0.36102204793728765,1.1855401457973829,1.1313088634666113,467.2017307549875,94.11800204587693,1.2,1.5657546627815175,1.1313088634666113
32.35,normal,2.39,2.897213431981561,1.2,0.3563365287565644,1.1495999465544489,1.1756108869153326,467.83488887710513,94.26601676850431,1.2,1.4765158083809276,1.1756108869153326
32.4,normal,2.39,2.87621343198156,1.2,0.351583859936476,1.1114035760041892,1.2244761490698806,468.13371508756734,94.41267232029963,1.2,1.0092379683125734,1.2244761490698806
32.45,normal,2.39,2.85521343198156,1.2,0.3458787696152964,1.0735972593604282,1.240347065762526,468.4232536435404,94.55551463110012,1.2,0.9488094928840667,1.240347065762526
32.5,normal,2.39,2.8342134319815586,1.2,0.338567162793764,1.0387392767660775,1.212970292101699,468.7859995769021,94.69278518557228,1.2,1.011764293472909,1.212970292101699
32.550000000000004,normal,2.39,2.813213431981558,1.2,0.3295691190482951,1.0083006390780418,1.1888990084808917,469.17568097467563,94.8241954635247,1.2,1.1605697114581515,1.1888990084808917
32.6,normal,2.39,2.7922134319815606,1.2,0.3192672048352055,0.9822943284288801,1.1705058264301353,469.62030283459353,94.94974435066746,1.2,1.3006143964876729,1.1705058264301353
32.65,normal,2.39,2.77121343198156,1.2,0.30823004690364914,0.9605117275949893,1.1594694521355848,470.11399480216164,95.06926218573706,1.2,1.3614362861972154,1.1594694521355848
32.7,normal,2.39,2.750213431981559,1.2,0.2974243026490511,0.942727145827658,1.156388551959946,470.93416920500067,95.18295768519492,1.2,1.6135679317898568,1.156388551959946
32.75,normal,2.39,2.729213431981562,1.2,0.2884327958292818,0.9324175912978998,1.1605458585277881,471.71293799511903,95.29256334565466,1.2,1.5636340306549334,1.1605458585277881
32.800000000000004,normal,2.39,2.7082134319815574,1.2,0.2835141331552605,0.9296380930975456,1.1701805766292825,472.43417411868325,95.40011683371756,1.2,1.5159757342372386,1.1701805766292825
32.85,normal,2.39,2.6872134319815597,1.2,0.28174204853323104,0.9344454938972921,1.183104886722461,473.133801890047,95.50754075061488,1.2,1.487089339919179,1.183104886722461
32.9,normal,2.39,2.666213431981559,1.2,0.28127843814559084,0.9468938982766102,1.1810211921412657,473.77468471392837,95.61629586830607,1.2,1.436430424917888,1.1810211921412657
32.95,normal,2.39,2.645213431981558,1.2,0.28135449157551157,0.9664997493036214,1.1872429665997803,474.0721065990657,95.7209992401215,1.2,1.0557499437388858,1.1872429665997803
33.0,normal,2.39,2.6242134319815613,1.2,0.28202025826779115,0.9871643083578443,1.2006550807320042,474.31119573555554,95.82253299431653,1.2,0.9493974458662848,1.2006550807320042
33.050000000000004,normal,2.39,2.603213431981557,1.2,0.28283715430533274,1.0085011528924683,1.2192000407748487,474.492061657766,95.9212294990011,1.2,0.8400111715414174,1.2192000407748487
33.1,normal,2.39,2.5822134319815597,1.2,0.28345456319190504,1.0301586054176985,1.2339618289265155,475.00699308668476,96.01778606234744,1.2,1.151700565712802,1.2339618289265155
33.15,normal,2.39,2.5612134319815625,1.2,0.28321486888382374,1.0518187638466623,1.2437746396680731,475.5510750668275,96.11445862404116,1.2,1.114926894165741,1.2437746396680731
33.2,normal,2.39,2.540213431981558,1.2,0.2819735266891647,1.073152558728055,1.2431453479195254,476.0940286244489,96.2128241698202,1.2,1.0713974472139367,1.2431453479195254
33.25,normal,2.39,2.519213431981561,1.2,0.2797828617027371,1.0938673284532308,1.2312956957533456,476.62718515060703,96.31398072270017,1.2,1.1259023591866344,1.2312956957533456
33.300000000000004,normal,2.39,2.49821343198156,1.2,0.2768170214560338,1.1137241673566225,1.215289024683134,477.1342383647439,96.41908594354068,1.2,1.194689695158089,1.215289024683134
33.35,normal,2.39,2.4772134319815593,1.2,0.2733361269508789,1.1325429378831595,1.2038751639576537,477.46318715934564,96.52272176808755,1.2,1.0708699784371514,1.2038751639576537
33.4,normal,2.39,2.4562134319815616,1.2,0.2697442273531049,1.1501966378829094,1.1976604142754022,477.80101517557085,96.62577889686749,1.2,1.086192313338453,1.1976604142754022
33.45,normal,2.39,2.4352134319815577,1.2,0.2662122574097209,1.1665943172645052,1.1966386584482545,478.11990155269115,96.72895874087092,1.2,1.044270293229605,1.1966386584482545
33.5,normal,2.39,2.4142134319815605,1.2,0.26293048129045227,1.18165768831767,1.2001828559081416,478.3888185627601,96.83236642568478,1.2,0.9229134355823663,1.2001828559081416
33.550000000000004,normal,2.39,2.3932134319815597,1.2,0.26011600120157957,1.195300254024191,1.2072013054641464,478.6259704808931,96.93442887608578,1.2,0.835916887991818,1.2072013054641464
33.6,normal,2.39,2.372213431981559,1.2,0.25790228872911725,1.2066181479124138,1.197057173206914,478.90293774455404,97.0332641931026,1.2,0.9712248519756495,1.197057173206914
33.65,normal,2.39,2.3512134319815616,1.2,0.2561262253846538,1.2145300862170927,1.1811025264191115,479.26907247555096,97.12755895644887,1.2,1.0997782290588947,1.1811025264191115
33.7,normal,2.39,2.330213431981561,1.2,0.25443306443153907,1.2179872612409723,1.1741593330501825,479.7063444853899,97.21913942242931,1.2,1.1438568862572733,1.1741593330501825
33.75,normal,2.39,2.30921343198156,1.2,0.25249208701413484,1.2162062367614506,1.1762630001498193,480.13098606939593,97.31616268562237,1.2,1.0595046695627883,1.1762630001498193
33.800000000000004,normal,2.3900000000000006,2.2882134319815592,1.2,0.250088611437756,1.2089282933103174,1.1860310456082768,480.47379999600776,97.41847865280336,1.2,0.9056024902617779,1.1860310456082768
33.85,normal,2.3899999999999997,2.2672134319815584,1.2,0.2471002869853467,1.196523693181794,1.2011512715204005,480.72736881827484,97.52413753478243,1.2,0.7823739431837298,1.2011512715204005
33.9,normal,2.39,2.246213431981561,1.2,0.24352777257588717,1.1798545694138294,1.1916895440547324,480.94129462780825,97.63100554078042,1.2,0.7771054643321781,1.1916895440547324
33.95,normal,2.39,2.2252134319815604,1.2,0.23946234228742225,1.1600045255571252,1.1857661888371491,481.1627324935172,97.73818414761408,1.2,0.7882731593794061,1.1857661888371491
34.0,normal,2.39,2.2042134319815596,1.2,0.23505115387281297,1.138037183988439,1.1859930159625902,481.39642701476873,97.84712383522154,1.2,0.7600659828624668,1.1859930159625902
34.050000000000004,normal,2.39,2.183213431981559,1.2,0.23058340326583798,1.1148595148084546,1.191911537832417,481.6152862226812,97.9596115113109,1.2,0.6895788523828473,1.191911537832417
34.1,normal,2.39,2.162213431981558,1.2,0.2275627311864587,1.091177945935942,1.2022450583426922,481.77873046624694,98.07534357348115,1.2,0.6084896363991564,1.2022450583426922
34.15,normal,2.39,2.1412134319815608,1.2,0.22804152980520973,1.067560841793699,1.2153383321491407,481.8976196923403,98.19336377766406,1.2,0.5699465354014376,1.2153383321491407
34.2,normal,2.39,2.12021343198156,1.2,0.2291094597961389,1.044408815900365,1.229496856978111,481.99105181846124,98.31294314392377,1.2,0.5325251227832283,1.229496856978111
34.25,normal,2.39,2.099213431981559,1.2,0.22984827148583103,1.0218018635804433,1.2409577907483949,482.0788240578677,98.4335441758833,1.2,0.532353681674166,1.2409577907483949
34.300000000000004,normal,2.393110778234944,2.0787209929220536,1.2,0.23726890111416568,0.9997944139931294,1.239611623019689,482.17633990626325,98.55501888614535,1.2,0.5611667836996418,1.239611623019689
34.35,normal,2.3997858805599583,2.058810116272582,1.2,0.24642376905726188,0.9782978179357484,1.2398169258584189,482.2838722946483,98.67743297843607,1.2,0.5767397901171062,1.2398169258584189
34.4,normal,2.406460982884974,2.038899239623107,1.2,0.25632156096210407,0.9572315831768397,1.2356494019783293,482.3961399478717,98.80103053432441,1.2,0.5680229932674257,1.2356494019783293
34.45,normal,2.4131360852099895,2.018988362973632,1.2,0.2653691552707855,0.9365068945025896,1.2316196326468645,482.87395021530244,98.92245007174277,1.2,1.0473606115602558,1.2316196326468645
34.5,normal,2.419811187535005,1.9990774863241572,1.2,0.2739270508453976,0.9215504967122692,1.2280493190447501,483.29707987153046,99.04449214661797,1.2,0.9938506514913833,1.2280493190447501
34.550000000000004,normal,2.4264862898600206,1.979166609674682,1.2,0.28175672535550256,0.9117871079712907,1.2251608581530693,483.6527843488394,99.16991590304531,1.2,0.909610897079526,1.2251608581530693
34.6,normal,2.4331613921850352,1.9592557330252107,1.2,0.28877196084075246,0.9064730532100813,1.221585651241489,483.94489069949964,99.30015301920542,1.2,0.8035548242036752,1.221585651241489
34.65,normal,2.4398364945100504,1.9393448563757356,1.2,0.2950002998543123,0.9047915839114999,1.2044730631180895,484.196017939467,99.43556751642035,1.2,0.7267579083422678,1.2044730631180895
34.7,normal,2.446511596835066,1.9194339797262607,1.2,0.3005085093569778,0.9058981426148525,1.1904802645999149,484.43626162481144,99.57603351345537,1.2,0.7786298575275772,1.1904802645999149
34.75,normal,2.4531866991600806,1.8995231030767892,1.2,0.3053827844779267,0.9090072068077022,1.18130666922783,484.68997470600686,99.72139703155015,1.2,0.84088642051632,1.18130666922783
34.800000000000004,normal,2.459861801485097,1.879612226427311,1.2,0.30972442340372985,0.9135209125729764,1.178053813819353,484.96157285051123,99.87172317375982,1.2,0.8894726926462433,1.178053813819353
34.85,normal,2.4665369038101113,1.8597013497778394,1.2,0.31365664942197424,0.919162351047861,1.1809977155218259,485.23582879903034,100.02733613070336,1.2,0.9066809908397744,1.1809977155218259
34.9,normal,2.473212006135127,1.8397904731283643,1.2,0.31733372471566296,0.9260393388358903,1.176730543295065,485.4968302982708,100.1886899703141,1.2,0.8930066013704383,1.176730543295065
34.95,normal,2.4798871084601424,1.8198795964788894,1.2,0.3209428377069631,0.9345769572335372,1.1662723669954111,485.7444166257391,100.35616739162978,1.2,0.857193879869331,1.1662723669954111
35.0,normal,2.4865622107851566,1.7999687198294179,1.2,0.32469952660970514,0.9453344197787401,1.1596955327661718,485.984333898925,100.52985095384773,1.2,0.8018034037078954,1.1596955327661718
35.050000000000004,normal,2.4932373131101735,1.7800578431799396,1.2,0.32883323182169855,0.9587299098149993,1.1612298132462935,486.4520246172934,100.70415520146457,1.2,1.0968152771572532,1.1612298132462935
35.1,normal,2.499912415435188,1.760146966530468,1.2,0.33250997765810675,0.969268685982458,1.1707483819349,486.9780690825515,100.87795159060528,1.2,1.1718653491406912,1.1707483819349
35.15,normal,2.5065875177602024,1.7402360898809965,1.2,0.335788637816658,0.976130336605048,1.1868786344683537,487.5349712181482,101.05008923503733,1.2,1.1783341459503378,1.1868786344683537
35.2,normal,2.513262620085219,1.7203252132315183,1.2,0.3386118330623667,0.9784307407606041,1.1917660637183456,488.0858547671559,101.22021340415915,1.2,1.1073282192716285,1.1917660637183456
35.25,normal,2.5199377224102335,1.7004143365820465,1.2,0.34082274313024585,0.9755995522657159,1.1973780512985919,488.57415106831945,101.3888431905568,1.2,1.0447129090363134,1.1973780512985919
35.300000000000004,normal,2.526612824735249,1.6805034599325719,1.2,0.3422221025029887,0.9676300833939366,1.211429142109809,488.9589037323609,101.55636538110429,1.2,1.0001017577880247,1.211429142109809
35.35,normal,2.5332879270602646,1.660592583283097,1.2,0.34260726216027615,0.9550766205770949,1.2317250077484496,489.2605994701712,101.72203535499227,1.2,0.9271988454501535,1.2317250077484496
35.4,normal,2.539963029385279,1.6406817066336254,1.2,0.3418197085319807,0.9388490305559223,1.249263691702477,489.5210120620875,101.8848252345154,1.2,0.8631167526882775,1.249263691702477
35.45,normal,2.5466381317102957,1.620770829984147,1.2,0.3407823476243702,0.9255225243123211,1.2593701601846472,489.81005536460117,102.04438191864148,1.2,0.9129034207683591,1.2593701601846472
35.5,normal,2.55331323403531,1.6008599533346755,1.2,0.3393927187780313,0.9156199220403978,1.2598101396933121,490.1086046287894,102.20069170014784,1.2,0.9357038335769001,1.2598101396933121
35.550000000000004,normal,2.5599883363603255,1.5809490766852006,1.2,0.3376023172786179,0.9094395634052213,1.2589195279060033,490.39311100506154,102.35385876367098,1.2,0.9204060570051688,1.2589195279060033
35.6,normal,2.566663438685341,1.5610382000357255,1.2,0.33538079801776216,0.9069849120526645,1.256874427576183,490.6521237133564,102.50403214996999,1.2,0.8849638373527636,1.256874427576183
35.65,normal,2.5733385410103553,1.5411273233862541,1.2,0.3327443864666388,0.9081500648642267,1.2539299822706989,490.881333458964,102.6514083135283,1.2,0.8423370578792128,1.2539299822706989
35.7,normal,2.580013643335371,1.521216446736779,1.2,0.32976381829662876,0.912810471509313,1.2503970330216327,491.07765784476373,102.79625177171822,1.2,0.7907568479043133,1.2503970330216327
35.75,normal,2.5866887456603864,1.5013055700873041,1.2,0.3265570359271778,0.9208215883022575,1.234432222632428,491.207044919288,102.93932902691557,1.2,0.6649187554992444,1.234432222632428
35.800000000000004,normal,2.593363847985402,1.4813946934378293,1.2,0.3233408433814214,0.9317876040458992,1.2074966900744795,491.2594514001975,103.080829454303,1.2,0.4534794924398982,1.2074966900744795
35.85,normal,2.6000389503104175,1.4614838167883546,1.2,0.32035717058164065,0.9449844781523316,1.1810777609613645,491.2825010643223,103.22094281346992,1.2,0.2787752670489857,1.1810777609613645
35.9,normal,2.606714052635432,1.4415729401388828,1.2,0.31786636916150324,0.9594268678760811,1.16306911861549,491.78356744059886,103.35544572781083,1.2,0.9658975088498835,1.16306911861549
35.95,normal,2.6133891549604478,1.4216620634894082,1.2,0.3151969865661317,0.9691624417690698,1.1550777982485245,492.3398132530385,103.48592140617524,1.2,1.0659901105561038,1.1550777982485245
36.0,normal,2.6200642572854633,1.4017511868399333,1.2,0.3127082518221429,0.9740513565672999,1.1578424858785548,492.9248095347068,103.61335142337929,1.2,1.0910831649799206,1.1578424858785548
36.050000000000004,normal,2.626739359610479,1.3818403101904582,1.2,0.31056196852153717,0.9739094949562423,1.171017314999336,493.4819439562708,103.73815873587745,1.2,1.0638618064557699,1.171017314999336
36.1,normal,2.633414461935494,1.361929433540983,1.2,0.3086587632133737,0.9380496648687637,1.1919018772784893,494.26239406059767,103.85792775086244,1.2,1.401103074856747,1.1919018772784893
36.15,normal,2.6400895642605087,1.3420185568915117,1.2,0.3060427963703383,0.9077260127289903,1.2173340481387216,494.4855998933685,103.97520861688936,1.2,0.7683439150148114,1.2173340481387216
36.2,normal,2.646764666585524,1.3221076802420366,1.2,0.30317896174115455,0.8795376132036374,1.212683862137202,494.62445904696983,104.090203105395,1.2,0.7188310574718609,1.212683862137202
36.25,normal,2.6534397689105393,1.3021968035925617,1.2,0.30066605288920434,0.8532910373053406,1.2071085250831686,494.82671590106344,104.20291819306618,1.2,0.8502023023038283,1.2071085250831686
36.300000000000004,normal,2.660114871235555,1.2822859269430869,1.2,0.29835320271597726,0.8287935676956744,1.2028088775047279,495.06702839107965,104.3136632785544,1.2,0.9099051270158288,1.2028088775047279
36.35,normal,2.6667899735605696,1.2623750502936153,1.2,0.2961217615866854,0.8058790245168295,1.200066603479666,495.31304994695597,104.42286502709344,1.2,0.915527025434176,1.200066603479666
36.4,normal,2.673465075885585,1.2424641736441404,1.2,0.29388454800954217,0.7844323301943614,1.1989667958286176,495.5504679056772,104.5311816107619,1.2,0.9002967908259724,1.1989667958286176
36.45,normal,2.6801401782106007,1.2225532969946655,1.2,0.2916038203896689,0.7644067652764663,1.199398205903108,495.7667192013588,104.63944794964539,1.2,0.8669699597298312,1.199398205903108
36.5,normal,2.6868152805356162,1.2026424203451906,1.2,0.2892842876060288,0.7458292947096372,1.2010860014634732,495.9500899853625,104.74855887585633,1.2,0.81161680418832,1.2010860014634732
36.550000000000004,normal,2.693490382860632,1.1827315436957158,1.2,0.2869632758482701,0.7287928856713695,1.2036473078932197,496.08218316230347,104.85916594573294,1.2,0.7089118415879978,1.2036473078932197
36.6,normal,2.7001654851856465,1.162820667046244,1.2,0.28466885865896574,0.7134385548403932,1.2066549084493654,496.16673271618976,104.9718204721091,1.2,0.5765107512043622,1.2066549084493654
36.65,normal,2.7068405875106616,1.1429097903967693,1.2,0.28243330994224414,0.6999320924881025,1.1991175524393176,496.2205373587739,105.08701566227003,1.2,0.4206359197934956,1.1991175524393176
36.7,normal,2.7135156898356767,1.1229989137472942,1.2,0.280287025883471,0.6884404145041314,1.1827345528967548,496.2723063783352,105.20525688342418,1.2,0.42729796691519784,1.1827345528967548
36.75,normal,2.7201907921606914,1.1030880370978227,1.2,0.27825615270907994,0.6791110271525929,1.1700820831450236,496.6292958501421,105.32884512298217,1.2,0.8898002317029068,1.1700820831450236
36.800000000000004,normal,2.7268658944857087,1.0831771604483444,1.2,0.2755678779176421,0.6757557305261439,1.1684909874786518,497.4059220323528,105.45470681793165,1.2,1.4146382786310223,1.1684909874786518
36.85,normal,2.7335409968107225,1.063266283798873,1.2,0.27143331180124974,0.6781016613180679,1.1775845504987423,498.08538655130184,105.58432838922953,1.2,1.3405886196140169,1.1775845504987423
36.9,normal,2.740216099135738,1.043355407149398,1.2,0.26594467621646306,0.6856485059943556,1.1872212423188795,498.4249227440283,105.71565593143205,1.2,0.8490847295688463,1.1872212423188795
36.95,normal,2.7468912014607536,1.0234445304999231,1.2,0.2600389431947537,0.6941173969707661,1.1831625672360657,498.9160498544826,105.85116909769249,1.2,0.9103998201961847,1.1831625672360657
37.0,normal,2.7535663037857683,1.0035336538504516,1.2,0.2559964484819516,0.7030771409620686,1.1788015366567073,499.4896250711924,105.99483575122085,1.2,1.0866300612439832,1.1788015366567073
37.050000000000004,normal,2.7602414061107847,0.9836227772009732,1.2,0.25301261669198033,0.7157921976549053,1.1748794760712842,499.6904088253765,106.14301127799864,1.2,0.7494142843994968,1.1748794760712842
37.1,normal,2.7669165084357994,0.9637119005515016,1.2,0.2504418158939339,0.7318876857686192,1.1720540169758822,499.86539658145784,106.29592377533456,1.2,0.7066445318531483,1.1720540169758822
37.15,normal,2.7735916107608136,0.94380102390203,1.2,0.24835563551710638,0.7509860667648984,1.1708109556069468,500.0097691141083,106.45368030672118,1.2,0.6401797913402371,1.1708109556069468
37.2,normal,2.7802667130858305,0.9238901472525519,1.2,0.246800629922582,0.7727537722086701,1.171536996063449,500.1195041815861,106.61587215002044,1.2,0.5493546805077345,1.171536996063449
37.25,normal,2.7869418154108447,0.9039792706030804,1.2,0.24585257731383106,0.7967671336032185,1.1746598477868577,500.19575587508734,106.78092815316867,1.2,0.46839165100019775,1.1746598477868577
37.300000000000004,normal,2.7936169177358603,0.8840683939536053,1.2,0.24702377625772826,0.8221663023473782,1.1797146856888354,500.2487891562826,106.94848854712542,1.2,0.41822592384514934,1.1797146856888354
37.35,normal,2.800292020060876,0.8641575173041304,1.2,0.26273645804961787,0.8487900350383062,1.1728929630171123,500.2947287681526,107.11803197307587,1.2,0.36874475019954456,1.1728929630171123
37.4,normal,2.80696712238589,0.8442466406546588,1.2,0.27901172646877936,0.8765365107367069,1.1739656790624047,500.70894626555776,107.28375918759451,1.2,0.8937924645186502,1.1739656790624047
37.45,normal,2.813642224710907,0.8243357640051807,1.2,0.29427762760665105,0.9054067753233006,1.1830940050519034,501.06963578539126,107.44580324196217,1.2,0.8736880898566509,1.1830940050519034
37.5,normal,2.820317327035921,0.804424887355709,1.2,0.3084855658845475,0.9354490689362718,1.198448291300906,501.33389392694835,107.60422382997173,1.2,0.7598428734261151,1.198448291300906
37.550000000000004,normal,2.8269924293609368,0.784514010706234,1.2,0.3215989398076609,0.9622306344369245,1.2123191079830806,501.75777884247555,107.7536312312453,1.2,1.0329480215397717,1.2123191079830806
37.6,normal,2.8336675316859523,0.7646031340567592,1.2,0.3324776717045552,0.9576185296607134,1.2120550518235393,502.136770163279,107.89373346401325,1.2,1.0572059263424407,1.2120550518235393
37.65,normal,2.8403426340109665,0.7446922574072875,1.2,0.3411635032549451,0.9506486225631294,1.2126040849104494,502.50510793940174,108.0242823055057,1.2,1.0706206780049508,1.2126040849104494
37.7,normal,2.8470177363359834,0.7247813807578095,1.2,0.34776044181899957,0.9420869792372459,1.2193117867960885,503.0949487214066,108.1477942580372,1.2,1.3832545825086404,1.2193117867960885
37.75,normal,2.8536928386609977,0.7048705041083383,1.2,0.3537827795316587,0.9381362967588995,1.2277533575922142,503.71001532883326,108.26486589325738,1.2,1.4481888315956444,1.2277533575922142
37.800000000000004,normal,2.860367940986013,0.6849596274588633,1.2,0.3590900678849288,0.9387602987061792,1.215132210707515,504.3274715915416,108.37663839555914,1.2,1.487929000827271,1.215132210707515
37.85,normal,2.8670430433110288,0.6650487508093884,1.2,0.3633662038496327,0.9438194149899644,1.2104160023386403,504.9173488668499,108.48526244728424,1.2,1.4670050158965817,1.2104160023386403
37.9,normal,2.873718145636043,0.6451378741599167,1.2,0.3662243846112607,0.9530807951837568,1.2135143551872951,505.50713987611914,108.5880148042965,1.2,1.470179267706337,1.2135143551872951
37.95,normal,2.8803932479610586,0.625226997510442,1.2,0.36608350447625,0.9605308814839657,1.2235416379452013,506.0460456028615,108.68765875332682,1.2,1.3975762377658794,1.2235416379452013
38.0,normal,2.887068350286074,0.6053161208609671,1.2,0.3630190793901188,0.9657902073748585,1.236760448134988,506.49035718872074,108.78646491598288,1.2,1.2528673435046165,1.236760448134988
38.050000000000004,normal,2.8937434526110897,0.585405244211492,1.2,0.357320495279484,0.9685903040142017,1.2350418298827854,506.8413734896219,108.8856582094804,1.2,1.0826231847577017,1.2350418298827854
38.1,normal,2.9004185549361043,0.5654943675620207,1.2,0.3493377787771195,0.9687911427717548,1.2347857531370765,507.11507569842246,108.98564019144303,1.2,0.9106971573759391,1.2347857531370765
38.15,normal,2.90709365726112,0.5455834909125455,1.2,0.3394031598433274,0.9663828777793191,1.234379892803438,507.34009829649256,109.08677081468616,1.2,0.8171476137798385,1.234379892803438
38.2,normal,2.9137687595861355,0.5256726142630708,1.2,0.32771145853800243,0.9614799363835678,1.2253691983611759,507.5256809348973,109.18997685166426,1.2,0.7480742948669333,1.2253691983611759
38.25,normal,2.9204438619111497,0.5057617376135991,1.2,0.31436629895713436,0.954304476269374,1.2176937552107152,507.6798824286827,109.2960717309937,1.2,0.7123083467603927,1.2176937552107152
38.300000000000004,normal,2.9271189642361666,0.4858508609641208,1.2,0.2994823732326366,0.9451620469865056,1.2121649469565945,507.8818683012368,109.40503115366941,1.2,0.783562432711238,1.2121649469565945
38.35,normal,2.9337940665611804,0.46593998431464917,1.2,0.28449407936075055,0.9398745136801192,1.2093298560024561,508.0754102251195,109.51818565785612,1.2,0.7624294690222659,1.2093298560024561
38.400000000000006,normal,2.940469168886196,0.44602910766517434,1.2,0.2694904935166061,0.9383861396599131,1.209395937348736,508.8666504996309,109.6358836340126,1.2,1.3991546564894777,1.209395937348736
38.45,normal,2.947144271211212,0.4261182310156995,1.2,0.25645238623270455,0.9260596596624298,1.2122523461957273,509.6220540932609,109.76191663700041,1.2,1.3303090665138821,1.2122523461957273
38.5,normal,2.953819373536226,0.4062073543662279,1.2,0.24571205213845512,0.9137616871517322,1.2016791322551508,509.96332283463477,109.89218878939774,1.2,0.9384517485415079,1.2016791322551508
38.550000000000004,normal,2.960494475861243,0.3862964777167496,1.2,0.23664180609350574,0.9057100242122966,1.1886185577671533,510.4703785872755,110.02114442120018,1.2,1.1456819125191413,1.1886185577671533
38.6,normal,2.9671695781862573,0.36638560106727797,1.2,0.22862263156189006,0.9016426441091674,1.184170169465385,510.9433856665546,110.14945075041153,1.2,1.1022452347146172,1.184170169465385
38.650000000000006,normal,2.973844680511273,0.34647472441780314,1.2,0.2218315418968353,0.9012576538218557,1.1879102816590654,511.3093716997321,110.27893726335955,1.2,0.9848263218141433,1.1879102816590654
38.7,normal,2.9805197828362884,0.32656384776832825,1.2,0.21626830627716037,0.9042060816011348,1.1699359762264143,511.53395101068713,110.41216206760109,1.2,0.8267722803507012,1.1699359762264143
38.75,normal,2.9871948851613026,0.30665297111885664,1.2,0.21293393187719206,0.9100837823983396,1.1504322528760418,511.84822447213423,110.54996483575552,1.2,0.9203401583023428,1.1504322528760418
38.800000000000004,normal,2.9938699874863195,0.2867420944693783,1.2,0.21181671664629564,0.918437725899427,1.137675504793134,512.3050041727024,110.69303418509914,1.2,1.0376801405104517,1.137675504793134
38.85,normal,3.0005450898113337,0.26683121781990676,1.2,0.21296825070308292,0.9288087901847166,1.132418914052257,512.8122494468709,110.84128029656355,1.2,1.0828136361232754,1.132418914052257
38.900000000000006,normal,3.0072201921363497,0.24692034117043188,1.2,0.21635276287143373,0.9408104471643637,1.1340180992885884,513.2709026784239,110.9943869817921,1.2,1.0448783942173843,1.1340180992885884
38.95,normal,3.013895294461365,0.22700946452095705,1.2,0.22188745469567284,0.9485290268609046,1.1463257590725735,513.9890431469254,111.14698470181295,1.2,1.4619899556467355,1.1463257590725735
39.0,normal,3.020570396786379,0.20709858787148544,1.2,0.22848548223900314,0.954844644912825,1.1641185132467184,514.4925549896908,111.29566821081707,1.2,1.2826442230030959,1.1641185132467184
39.050000000000004,normal,3.0272454991113946,0.18718771122201058,1.2,0.2352324008512317,0.9579609117240253,1.1836610973023036,514.8520008926239,111.44071135447632,1.2,1.1069362588319387,1.1836610973023036
39.1,normal,3.03392060143641,0.1672768345725355,1.2,0.24201366975484978,0.9584249390625068,1.19587641776972,515.1070349188951,111.58188755209072,1.2,0.9314186864123014,1.19587641776972
39.150000000000006,normal,3.0405957037614257,0.14736595792306068,1.2,0.2486360555640555,0.9568862085098924,1.2124564908460518,515.2986912069678,111.71849782222961,1.2,0.7802739819907116,1.2124564908460518
39.2,normal,3.0472708060864413,0.12745508127358582,1.2,0.2548567679920247,0.9540272722372236,1.2305897368394578,515.4669624330385,111.84960642612157,1.2,0.6923184620115175,1.2305897368394578
39.25,normal,3.053945908411456,0.10754420462411421,1.2,0.260425454934663,0.9502927060708022,1.2400455587549883,515.6428519451058,111.97433317720389,1.2,0.6789964103266449,1.2400455587549883
39.300000000000004,normal,3.0606210107364715,0.08763332797463937,1.2,0.26511995085773044,0.935591199366683,1.245764300766138,516.199534524841,112.09590234409414,1.2,1.1883364256152322,1.245764300766138
39.35,normal,3.067296113061487,0.06772245132516429,1.2,0.26981668368019684,0.9266142057680595,1.247489697592382,516.7386194745143,112.21617666453145,1.2,1.1743737597961215,1.247489697592382
39.400000000000006,normal,3.0739712153865026,0.04781157467568944,1.2,0.27412043456825685,0.9233752420709431,1.2454335693708083,517.2684857581637,112.33156679363731,1.2,1.1443811181151482,1.2454335693708083
39.45,normal,3.080646317711517,0.02790069802621783,1.2,0.2768773036871944,0.9256899164421013,1.240207113816389,517.7425389975788,112.44316177033483,1.2,1.081673219658073,1.240207113816389
39.5,normal,3.0873214200365324,0.007989821376742985,1.2,0.278196562169134,0.933211270102666,1.2327298104667568,518.1542469254766,112.5517046500829,1.2,1.0100212125087762,1.2327298104667568
39.550000000000004,normal,3.1025731360368796,0.0,1.2,0.27086308897419104,0.9454670284801636,1.2242347832461327,518.472202734341,112.65753883318132,1.2,0.9387867425395484,1.2242347832461327
39.6,normal,3.123573136036881,0.0,1.2,0.2672099259215598,0.9616456308957015,1.2178566323215694,518.7079996569119,112.75477289610987,1.2,0.8572387635624874,1.2178566323215694
39.650000000000006,normal,3.144573136036881,0.0,1.2,0.26769591595497355,0.9755503373343883,1.2137391318973763,518.9247635706473,112.84374971077001,1.2,0.8306746337243596,1.2137391318973763
39.7,normal,3.165573136036878,0.0,1.2,0.2695297109215774,0.9868559412984428,1.211682145087951,519.1255018396788,112.92515549173598,1.2,0.7658524152440669,1.211682145087951
39.75,normal,3.186573136036879,0.0,1.2,0.27194082280128234,0.9915516714746946,1.1994190609163722,519.3207549071014,112.99966121041398,1.2,0.6760841846471937,1.1994190609163722
39.800000000000004,normal,3.20757313603688,0.0,1.2,0.2746694184023192,0.9944342518849325,1.18951156583209,519.5256620067387,113.06798819907989,1.2,0.6825357992968138,1.18951156583209
39.85,normal,3.2285731360368777,0.0,1.2,0.27760001108244287,0.9972601645282639,1.18403942212098,519.7471589427511,113.13095456039656,1.2,0.7594552514096888,1.18403942212098
39.900000000000006,normal,3.2495731360368816,0.0,1.2,0.2807268518850282,1.0001588654848999,1.183407826968139,519.9744842856641,113.18955067329142,1.2,0.7897922097499898,1.183407826968139
39.95,normal,3.270573136036879,0.0,1.2,0.2841518738367895,1.0011235800305904,1.187341120795161,520.1879037844166,113.24519054928328,1.2,0.7755458443375634,1.187341120795161
40.0,normal,3.2915731360368796,0.0,1.2,0.28803299305205,0.9956084005823016,1.1949773339543746,520.3711520614432,113.29951500112011,1.2,0.730286507567981,1.1949773339543746
40.050000000000004,normal,3.31257313603688,0.0,1.2,0.29252937460511885,0.9873946700893304,1.205100575560589,520.5210010655084,113.35356453245743,1.2,0.6703418501144032,1.205100575560589
40.1,normal,3.333573136036878,0.0,1.2,0.2977576579979258,0.9765538258129991,1.2164038912991784,520.6456232256717,113.40762975705016,1.2,0.6154335205126141,1.2164038912991784
40.150000000000006,normal,3.354573136036882,0.0,1.2,0.3037798146000914,0.9631967842330889,1.224587899031862,520.7572869522701,113.46173007519131,1.2,0.6009561105460424,1.224587899031862
40.2,normal,3.3755731360368793,0.0,1.2,0.31061538619526396,0.9474827684771829,1.2276235464166536,521.0647529725247,113.51222674161751,1.2,0.8825807889204945,1.2276235464166536
40.25,normal,3.39657313603688,0.0,1.2,0.31917241935739077,0.9350317761514348,1.2299864009393433,521.3894450340015,113.56181626240024,1.2,0.9115187446741692,1.2299864009393433
40.300000000000004,normal,3.417573136036881,0.0,1.2,0.3289064651047604,0.9258461527849919,1.2310910424626795,521.7046136851806,113.61368809128037,1.2,0.8961226092694939,1.2310910424626795
40.35,normal,3.438573136036878,0.0,1.2,0.3393363909632478,0.9198260503139282,1.2223494878285028,521.9985645432231,113.67108362410887,1.2,0.8620469186512807,1.2223494878285028
40.400000000000006,normal,3.4595731360368824,0.0,1.2,0.3501506194666876,0.9168741722862683,1.2098861302104316,522.2656836625623,113.73541834207255,1.2,0.8578917204631011,1.2098861302104316
40.45,normal,3.48057313603688,0.0,1.2,0.3611535280230901,0.9168894568538197,1.194960952279942,522.5089452230244,113.80784388206902,1.2,0.8757773033367954,1.194960952279942
40.5,normal,3.501573136036877,0.0,1.2,0.3721576188772214,0.919758405874594,1.179115816622843,522.7423118334874,113.8894427213549,1.2,0.8992457952239334,1.179115816622843
40.550000000000004,normal,3.5225731360368813,0.0,1.2,0.3829141223160638,0.9253458144308397,1.1640540089674498,522.9904613236863,113.98118597759414,1.2,0.9262678506163032,1.1640540089674498
40.6,normal,3.543573136036879,0.0,1.2,0.39312081440865637,0.9334904939765045,1.1514242827850343,523.2815363893066,114.08392106812977,1.2,0.9563199235822388,1.1514242827850343
40.650000000000006,normal,3.5645731360368793,0.0,1.2,0.40247637989834784,0.9440148049186352,1.1425560283811387,523.6293971231361,114.19832183890063,1.2,0.9815838988968414,1.1425560283811387
40.7,normal,3.5855731360368805,0.0,1.2,0.4107350324216118,0.9567110344269649,1.142868571565596,524.1891856251038,114.31946570243916,1.2,1.2489588557468057,1.142868571565596
40.75,normal,3.606573136036877,0.0,1.2,0.4175918341305869,0.9659288272925779,1.151213099036431,524.65913831682,114.44803673274842,1.2,1.148720580405789,1.151213099036431
40.800000000000004,normal,3.6275731360368817,0.0,1.2,0.4230180912703679,0.971884712028454,1.1652417917628708,524.9786346418119,114.58420602407685,1.2,0.9759866797665918,1.1652417917628708
40.85,normal,3.648573136036879,0.0,1.2,0.42700698608946397,0.9749759846842436,1.1822217597487503,525.1776058248458,114.72768544131222,1.2,0.8038448897106403,1.1822217597487503
40.900000000000006,normal,3.6695731360368793,0.0,1.2,0.4295505019695215,0.9757495027785459,1.1996906486563532,525.3205363934727,114.87791618613227,1.2,0.6920998968640156,1.1996906486563532
40.95,normal,3.6905731360368805,0.0,1.2,0.43062280941621117,0.9748556980467888,1.2157879389042419,525.454758950993,115.03418475485493,1.2,0.6655728129438805,1.2157879389042419
41.0,normal,3.7115731360368773,0.0,1.2,0.4301982541708118,0.9644345930382707,1.2293221905940355,525.5989802792208,115.19570808799097,1.2,0.6910591631879132,1.2293221905940355
41.050000000000004,normal,3.7325731360368786,0.0,1.2,0.42827764796028156,0.9429802628960038,1.236141327496646,526.0793923523194,115.36254191843048,1.2,1.0497394307144574,1.236141327496646
41.1,normal,3.7535731360368794,0.0,1.2,0.42506931229684974,0.9259944816593864,1.2360422417950077,526.5524851111082,115.53487255404347,1.2,1.0529183727187368,1.2360422417950077
41.150000000000006,normal,3.7745731360368797,0.0,1.2,0.42045160167834406,0.9140305941366902,1.2293664060240237,526.992049539321,115.71283797840502,1.2,1.0223544102302617,1.2293664060240237
41.2,normal,3.795573136036881,0.0,1.2,0.4144140620122291,0.9076195459486303,1.2192739822605105,527.372396399196,115.89418307172758,1.2,0.962156547972452,1.2192739822605105
41.25,normal,3.8165731360368786,0.0,1.2,0.40744629455677817,0.9071806256678627,1.208073636476317,527.69748028394,116.07768610496888,1.2,0.9058140540821225,1.208073636476317
41.300000000000004,normal,3.837573136036879,0.0,1.2,0.39990461467935207,0.9123958878844582,1.1965170223523474,527.9715595501899,116.26358144904069,1.2,0.8520671407517177,1.1965170223523474
41.35,normal,3.85857313603688,0.0,1.2,0.39194755143089266,0.9227716042857506,1.1853573451163333,528.2025313556868,116.45207457102724,1.2,0.8077048520123169,1.1853573451163333
41.400000000000006,normal,3.87957313603688,0.0,1.2,0.3837671425062801,0.9377842583702631,1.1753159374494768,528.4033676276382,116.6427439585665,1.2,0.7817626888098514,1.1753159374494768
41.45,normal,3.900573136036878,0.0,1.2,0.3756736830861564,0.9569244151202261,1.1703455017158924,528.6176614304836,116.83191975745879,1.2,0.81546586630008,1.1703455017158924
41.5,normal,3.9215731360368786,0.0,1.2,0.36772695111920783,0.9750834781845463,1.1708706968940004,528.84076621452,117.01964268035307,1.2,0.8358476728248533,1.1708706968940004
41.550000000000004,normal,3.94257313603688,0.0,1.2,0.360020309015819,0.9920571195264922,1.1756904797509804,529.0449449200091,117.20496620718265,1.2,0.8054972643804159,1.1756904797509804
41.6,normal,3.9635731360368807,0.0,1.2,0.35258061044803,1.007769668130642,1.1834291076080474,529.2157635157903,117.38747653001435,1.2,0.7415902664687379,1.1834291076080474
41.650000000000006,normal,3.9845731360368806,0.0,1.2,0.34536888665444837,1.0222951274164176,1.1933059949861824,529.355223175901,117.56793259125156,1.2,0.6732590839315741,1.1933059949861824
41.7,normal,4.005573136036878,0.0,1.2,0.33831491761518684,0.9959236525008424,1.2043872680990302,529.4744351116451,117.74721723388207,1.2,0.6144107805965877,1.2043872680990302
41.75,normal,4.02657313603688,0.0,1.2,0.3313434018948772,0.9653308571220982,1.2153280232149872,529.590831417448,117.92542830898839,1.2,0.5793064722941687,1.2153280232149872
41.800000000000004,normal,4.047573136036881,0.0,1.2,0.32443122800759705,0.9384076952084841,1.2246345285182918,530.117581900817,118.1037492707188,1.2,1.0032523600034273,1.2246345285182918
41.85,normal,4.068573136036878,0.0,1.2,0.3166788489892015,0.9194922872384879,1.2310132034661068,530.6791880083251,118.28236086642733,1.2,1.100321478089098,1.2310132034661068
41.900000000000006,normal,4.089573136036884,0.0,1.2,0.3080162510050326,0.9093214334180626,1.2201429174649587,531.2845050462366,118.46180478675004,1.2,1.1990981316796774,1.2201429174649587
41.95,normal,4.11057313603688,0.0,1.2,0.2983278122048222,0.9081066172500327,1.2115932845612831,531.8446095414795,118.64252792167254,1.2,1.2205305502392219,1.2115932845612831
42.0,normal,4.131573136036881,0.0,1.2,0.2889762936583712,0.9150155706435146,1.2067510306013784,532.3183846873692,118.82482185128211,1.2,1.1830094321462385,1.2067510306013784
42.050000000000004,normal,4.152573136036882,0.0,1.2,0.2893027199812875,0.9287112898116496,1.2057465611485583,532.7037696677489,119.00893555129929,1.2,1.1075494722792683,1.2057465611485583
42.1,normal,4.173573136036879,0.0,1.2,0.29069117676828415,0.9478360834029775,1.1999748960900796,533.0050616566285,119.19437423962923,1.2,0.9922014658115949,1.1999748960900796
42.150000000000006,normal,4.194573136036884,0.0,1.2,0.2921410313937437,0.9710849589699637,1.1938244908353604,533.324100507831,119.37745487767835,1.2,0.9676090288065688,1.1938244908353604
42.2,normal,4.21557313603688,0.0,1.2,0.2943233517163489,0.9929881577934598,1.192125307804527,533.6095728712505,119.56016212523804,1.2,0.8541712402939525,1.192125307804527
42.25,normal,4.236573136036881,0.0,1.2,0.29718999326564893,1.0133780312649499,1.1898572878369258,533.8434833484703,119.74293719600766,1.2,0.8050484363023678,1.1898572878369258
42.300000000000004,normal,4.257573136036883,0.0,1.2,0.3005414017181536,1.032584383183942,1.1922625085491438,534.0293484665867,119.92514798106072,1.2,0.7760077767979571,1.1922625085491438
42.35,normal,4.278573136036879,0.0,1.2,0.30411231868357336,1.051237447500954,1.199482771549873,534.1838298136233,120.10578082186353,1.2,0.7262056268304161,1.199482771549873
42.400000000000006,normal,4.299573136036884,0.0,1.2,0.30765664236460155,1.0546420149073683,1.2108900424273974,534.3301749286143,120.28373661911674,1.2,0.7012066152971249,1.2108900424273974
42.45,normal,4.320573136036881,0.0,1.2,0.3109233080248027,1.0574362772038959,1.2253293360287019,534.4922711966758,120.4579906919846,1.2,0.7174669866676622,1.2253293360287019
42.5,normal,4.341573136036879,0.0,1.2,0.31366394558251576,1.0625347507376592,1.2414095719877645,534.6889223831188,120.62760924903684,1.2,0.7512112634700081,1.2414095719877645
42.550000000000004,normal,4.362573136036883,0.0,1.2,0.31567550713890696,1.070275083596811,1.2436960848737488,534.9229029360649,120.79196619112349,1.2,0.8555177062729449,1.2436960848737488
42.6,normal,4.38357313603688,0.0,1.2,0.3168147316589395,1.080640829465793,1.239647196713517,535.1909574549138,120.95056162600305,1.2,0.9346064315243521,1.239647196713517
42.650000000000006,normal,4.4045731360368805,0.0,1.2,0.3169781275394833,1.093475786314746,1.2378228298495644,535.4780798613612,121.10339442362218,1.2,0.9649995896569152,1.2378228298495644
42.7,normal,4.425573136036881,0.0,1.2,0.3160867679538909,1.1086205840418992,1.2381967084914662,535.7577999492283,121.25087485268745,1.2,0.9517506767795748,1.2381967084914662
42.75,normal,4.446573136036879,0.0,1.2,0.3141281260931068,1.1259107147237948,1.2405638425578434,536.0129647923064,121.39365107851191,1.2,0.907170087372038,1.2405638425578434
42.800000000000004,normal,4.467573136036884,0.0,1.2,0.31114089265679346,1.145175905416334,1.244575002036884,536.2411004410801,121.53240726223297,1.2,0.850549107044692,1.244575002036884
42.85,normal,4.48857313603688,0.0,1.2,0.3071893245023334,1.1662408057300957,1.249785716588749,536.4431866351531,121.66782425312421,1.2,0.7876956593405615,1.249785716588749
42.900000000000006,normal,4.509573136036881,0.0,1.2,0.30235556787248374,1.1889268998333191,1.244635429468898,536.6229806565987,121.80053704839435,1.2,0.7257283120562736,1.244635429468898
42.95,normal,4.530573136036882,0.0,1.2,0.2967318308181917,1.2130554970220875,1.2379438215231298,536.7856443217499,121.93110113872731,1.2,0.6747645546881949,1.2379438215231298
43.0,normal,4.55157313603688,0.0,1.2,0.29041315895750086,1.2384515525752207,1.232081279651689,536.9360168516035,122.0598447178144,1.2,0.6431093190424633,1.232081279651689
43.050000000000004,normal,4.572573136036881,0.0,1.2,0.2835193752750167,1.2649479011010978,1.2274301911655734,537.0773098167615,122.18713029625877,1.2,0.6193316633156856,1.2274301911655734
43.1,normal,4.593573136036881,0.0,1.2,0.2761395225800011,1.292389284294113,1.2241674422516586,537.2092525475344,122.31331340436844,1.2,0.6327555846969593,1.2241674422516586
43.150000000000006,normal,4.614573136036881,0.0,1.2,0.26830451739062067,1.320455258032591,1.2222607710872198,537.3493361894973,122.43832384572389,1.2,0.7006620634644873,1.2222607710872198
43.2,normal,4.635573136036882,0.0,1.2,0.2600299134945666,1.3487015333114407,1.2163291658431912,537.511740571609,122.56231899240422,1.2,0.7818703701554486,1.2163291658431912
43.25,normal,4.656573136036879,0.0,1.2,0.2512655177541703,1.3766927503791198,1.2093787045950377,537.700576226329,122.6856970800587,1.2,0.851719598278752,1.2093787045950377
43.300000000000004,normal,4.67757313603688,0.0,1.2,0.2419415579203154,1.404033877276822,1.2078598358865587,537.9050129867754,122.80902245991504,1.2,0.8877533335427096,1.2078598358865587
43.35,normal,4.698573136036882,0.0,1.2,0.23202166723181677,1.4304097294652025,1.2036111989188845,538.1025993716518,122.93288825870437,1.2,0.873624831147621,1.2036111989188845
43.400000000000006,normal,4.719573136036883,0.0,1.2,0.22154842596955637,1.454866225577736,1.2022037865328454,538.2586877753257,123.05763979718898,1.2,0.7739868114412289,1.2022037865328454
43.45,normal,4.740573136036879,0.0,1.2,0.21074360891641178,1.479488641234794,1.2039749268172035,538.371232255674,123.18310630909735,1.2,0.6415042665003595,1.2039749268172035
43.5,normal,4.76157313603688,0.0,1.2,0.199986664884781,1.5024318964432068,1.2084962713538667,538.464177514101,123.30903214011082,1.2,0.5745273182106152,1.2084962713538667
43.550000000000004,normal,4.782573136036881,0.0,1.2,0.18973133034680242,1.5239082602470608,1.2005392019911978,538.9462743170806,123.42884370207327,1.2,1.1131200188475177,1.2005392019911978
43.6,normal,4.803573136036882,0.0,1.2,0.1810658094522365,1.543672422981437,1.1923939507134251,539.4146713237691,123.54321917387239,1.2,1.103380757522888,1.1923939507134251
43.650000000000006,normal,4.824573136036883,0.0,1.2,0.17398235205764917,1.561332762796845,1.1891071813228107,539.8311879291832,123.65349940641696,1.2,1.0483019040394923,1.1891071813228107
43.7,normal,4.8455731360368794,0.0,1.2,0.1689993561138388,1.57674872372101,1.190208159543545,540.1637143834485,123.76157190030324,1.2,0.9773664831362405,1.190208159543545
43.75,normal,4.86657313603688,0.0,1.2,0.16727201168707703,1.5900430351828878,1.1944990388057453,540.4058497882777,123.86891862806972,1.2,0.8846559659955912,1.1944990388057453
43.800000000000004,normal,4.887573136036882,0.0,1.2,0.16903379280363814,1.6015376005451842,1.1754194798687523,540.59313976687,123.97560275862908,1.2,0.8070318045911739,1.1754194798687523
43.85,normal,4.908573136036883,0.0,1.2,0.17293763925164962,1.6116425701100319,1.1580273959404663,540.7966524560583,124.08068675075923,1.2,0.7836793637563553,1.1580273959404663
43.900000000000006,normal,4.929573136036883,0.0,1.2,0.1779128571103919,1.6207447204921408,1.1464222674560738,541.079167647403,124.18358132072721,1.2,0.8378523616898998,1.1464222674560738
43.95,normal,4.950573136036881,0.0,1.2,0.1834889418265789,1.6291296288535229,1.143565030234871,541.678817193753,124.27883009142934,1.2,1.205016319829077,1.143565030234871
44.0,normal,4.971573136036882,0.0,1.2,0.18980505550205468,1.636957304674847,1.1492459002392836,542.2355584680213,124.37010728355469,1.2,1.1497439347857916,1.1492459002392836
44.050000000000004,normal,4.9925731360368815,0.0,1.2,0.1970303218467067,1.6442882497019813,1.1616249349269625,542.6386809355305,124.4613203858139,1.2,0.9902590062313281,1.1616249349269625
44.1,normal,5.013573136036879,0.0,1.2,0.205388856183353,1.6511458283001583,1.1780404316679927,542.8908672813635,124.55456570643437,1.2,0.8070317628320046,1.1780404316679927
44.150000000000006,normal,5.034573136036884,0.0,1.2,0.2150384730690385,1.6575924666443829,1.195842499205099,543.0586991245651,124.64981294429232,1.2,0.6747558266732725,1.195842499205099
44.2,normal,5.055573136036881,0.0,1.2,0.22609479112400993,1.6637919287199536,1.1937895824445925,543.2061520357216,124.74644629562836,1.2,0.6301591304162193,1.1937895824445925
44.25,normal,5.076573136036881,0.0,1.2,0.23862449836257316,1.6700338054545756,1.1871650576247292,543.368564101399,124.84414375043994,1.2,0.6894464371690386,1.1871650576247292
44.300000000000004,normal,5.097573136036883,0.0,1.2,0.2526240851466771,1.6767125810462828,1.1825760994327095,543.5570520692892,124.94302250750107,1.2,0.7816021359837417,1.1825760994327095
44.35,normal,5.118573136036879,0.0,1.2,0.2680166547334834,1.6842740082927379,1.1807740614839062,543.7673987658484,125.04352458321256,1.2,0.8522231364620708,1.1807740614839062
44.400000000000006,normal,5.1395731360368835,0.0,1.2,0.2846652330439619,1.6931525235700837,1.1883183009157505,544.332680502698,125.14109872652479,1.2,1.1879275833517189,1.1883183009157505
44.45,normal,5.160573136036881,0.0,1.2,0.30171685298314416,1.7037186563254805,1.1993392181782632,544.7835273664205,125.24092890098223,1.2,1.0581727335596423,1.1993392181782632
44.5,normal,5.181573136036878,0.0,1.2,0.31892201362665834,1.716247569145442,1.201659915211269,545.1012218568909,125.34479687150869,1.2,0.9041595888810603,1.201659915211269
44.550000000000004,normal,5.202573136036882,0.0,1.2,0.33609474198680456,1.7309086197485328,1.206426511320387,545.3172202723244,125.45190585690952,1.2,0.7850590791949148,1.206426511320387
44.6,normal,5.2235731360368804,0.0,1.2,0.35308703397027175,1.7477176217761952,1.2112656849562708,545.4775961924514,125.56099001592565,1.2,0.6996479930871143,1.2112656849562708
44.650000000000006,compressed,5.24457313603688,0.0,1.2,0.6860048339584992,1.7665431506492644,1.1999076562957305,546.6420829537112,125.65337607022114,1.2,1.9485730943327535,1.1999076562957305
44.7,compressed,5.265573136036882,0.0,1.2,0.6944754186633346,1.7781040336439695,1.1902587358149688,547.6712195650504,125.732476171621,1.2,1.7941619479394597,1.1902587358149688
44.75,column,5.286573136036878,0.0,1.2,0.8522790329601664,1.782879539484923,1.1840441574853957,548.9603851468952,125.80382409700982,1.2,2.067771826364007,1.1840441574853957
