time,mode,center_x,center_y,center_z,formation_error,min_obstacle_clearance,min_agent_distance,energy,path_length,max_height,avg_force_norm,min_pair_distance
0.0,column,-5.4,0.0,1.2,0.794399688893766,4.21,0.8037115436470766,1.8297747946611065,0.03192920950978327,1.2,2.5543367607826637,0.8037115436470766
0.05,column,-5.3790000000000004,0.0,1.2,0.7818599783314818,4.202631824701941,0.8112512198552672,3.6443565364542945,0.09520640168923385,1.2,2.5080064508932245,0.8112512198552672
0.1,column,-5.358,0.0,1.2,0.76395586790787,4.187911775463821,0.8227956765170197,5.447756112092668,0.18912676435165637,1.2,2.452150364434951,0.8227956765170197
0.15000000000000002,column,-5.337,0.0,1.2,0.7409588975049529,4.165872606358233,0.8385848960807839,7.249152591968789,0.313442188036091,1.2,2.4334243010532446,0.8385848960807839
0.2,column,-5.316000000000001,0.0,1.2,0.713677325544889,4.1365621889224675,0.8589238689801285,9.04987653977326,0.4680191255843129,1.2,2.4240657067956923,0.8589238689801285
0.25,column,-5.295000000000001,0.0,1.2,0.6844444537054463,4.099993232174575,0.8854356419640214,10.850134660185141,0.652497242645268,1.2,2.414369980149732,0.8854356419640214
0.30000000000000004,column,-5.274,0.0,1.2,0.6550757549730493,4.056181167706667,0.9190508287831572,12.45011898705313,0.8633293776514502,1.2,2.3091409957441003,0.9190508287831572
0.35000000000000003,column,-5.253,0.0,1.2,0.6258325660314613,4.005144235299416,0.9591112047682178,13.941886879975119,1.080282851183023,1.2,2.381175444284099,0.9591112047682178
0.4,column,-5.232,0.0,1.2,0.5980485323150372,3.95416336224243,1.0058985902703834,15.604284305585056,1.3044741401421591,1.2,2.540619253784224,1.0058985902703834
0.45,column,-5.211,0.0,1.2,0.5721957702407382,3.9032497463691582,1.0584503001914571,17.42456031272336,1.535419543790742,1.2,2.6528080192151444,1.0584503001914571
0.5,column,-5.19,0.0,1.2,0.5487816056343366,3.8523985124182145,1.1163316960330871,18.817819502982367,1.773704726952631,1.2,2.181793305263473,1.1163316960330871
0.55,column,-5.1690000000000005,0.0,1.2,0.5280388199229428,3.8016050986945054,1.1781609781033688,20.072895263743675,2.019264068463309,1.2,2.0993942486312998,1.1781609781033688
0.6000000000000001,column,-5.148000000000001,0.0,1.2,0.5100930850466316,3.7508664601699184,1.2129401611739772,21.56605637046031,2.2704969266035375,1.2,2.2654813828621156,1.2129401611739772
0.65,column,-5.127000000000001,0.0,1.2,0.49411872949683355,3.700182135408393,1.1936695376669662,23.22944277899553,2.524400520075702,1.2,2.51913434031009,1.1936695376669662
0.7000000000000001,column,-5.106,0.0,1.2,0.47964824057435623,3.64995453369695,1.1878720339936295,25.02629704262215,2.775159553895391,1.2,2.6377831255471937,1.1878720339936295
0.75,column,-5.085,0.0,1.2,0.46758570784451825,3.6002025977203393,1.195110123825729,26.406380429536576,3.020362677038772,1.2,2.227891109062697,1.195110123825729
0.8,column,-5.064,0.0,1.2,0.45948214310505564,3.551355299424685,1.2143720743954844,27.746926513810124,3.2601151771040393,1.2,2.1745492352868916,1.2143720743954844
0.8500000000000001,column,-5.043,0.0,1.2,0.4569004890743136,3.5034698989320185,1.2439485858338595,29.27506022665782,3.488794275767362,1.2,2.3981219358099692,1.2439485858338595
0.9,column,-5.022,0.0,1.2,0.45787528424822177,3.4608522253739045,1.2858629613459782,30.759996570162336,3.7068285212129926,1.2,2.3481020993862387,1.2858629613459782
0.9500000000000001,column,-5.001,0.0,1.2,0.46152104292298723,3.423311410760503,1.2915410508979268,32.201382469327136,3.9148514667248877,1.2,2.2970435198501913,1.2915410508979268
1.0,column,-4.98,0.0,1.2,0.4674952247907604,3.390635750283584,1.292780355040145,33.6009902817872,4.113895946119962,1.2,2.2491107418579817,1.292780355040145
1.05,column,-4.9590000000000005,0.0,1.2,0.4750572131908247,3.3625959685084847,1.268199717283844,34.96345596727474,4.305292206471883,1.2,2.210782800208429,1.268199717283844
1.1,column,-4.938,0.0,1.2,0.483999292715316,3.3389482404513195,1.2388649807214411,36.27069449992956,4.491463639260336,1.2,2.1590238878133774,1.2388649807214411
1.1500000000000001,column,-4.917,0.0,1.2,0.49433430590100513,3.3190968426880634,1.2056961289867738,37.046958208374214,4.675208179526522,1.2,1.4721969455061386,1.2056961289867738
1.2000000000000002,column,-4.896000000000001,0.0,1.2,0.5055949247056561,3.301767552198827,1.170816358641337,37.763357136516504,4.858621479130882,1.2,1.3766308266678624,1.170816358641337
1.25,column,-4.875,0.0,1.2,0.5183667822475775,3.2852052919188255,1.1367706796133163,38.487207967861956,5.043809135691018,1.2,1.424562062965333,1.1367706796133163
1.3,column,-4.854,0.0,1.2,0.5328802617093096,3.2670276170889876,1.1065195140302522,39.31943991727307,5.232750524014734,1.2,1.6316416916177208,1.1065195140302522
1.35,column,-4.833,0.0,1.2,0.5493331967286695,3.24479928759032,1.0802509474295585,40.13481488110746,5.424725238680193,1.2,1.6279771193175363,1.0802509474295585
1.4000000000000001,column,-4.812,0.0,1.2,0.5672232780465818,3.218765326915439,1.0580708428382677,41.360856906253716,5.6130277252736,1.2,2.0828844543559715,1.0580708428382677
1.4500000000000002,column,-4.791,0.0,1.2,0.5847028382991627,3.18918860647606,1.0399550831725997,42.56320689180082,5.797237031606998,1.2,2.0465641565919093,1.0399550831725997
1.5,column,-4.7700000000000005,0.0,1.2,0.6013696440492107,3.1563469335487344,1.0260568341471843,43.74221907651389,5.97701959442068,1.2,2.007531179374792,1.0260568341471843
1.55,column,-4.7490000000000006,0.0,1.2,0.6168013930565958,3.1205299992649485,1.0163367223777344,44.89853879480491,6.152214644207259,1.2,1.9662181366024654,1.0163367223777344
1.6,column,-4.728000000000001,0.0,1.2,0.630783447942113,3.082038041559122,1.0107230922519133,46.03316012919415,6.323050805513647,1.2,1.923282280910437,1.0107230922519133
1.6500000000000001,column,-4.707000000000001,0.0,1.2,0.643176697234629,3.0411794271664974,1.0091278910127461,47.14179649243476,6.490836057333663,1.2,1.8727490332893608,1.0091278910127461
1.7000000000000002,column,-4.686,0.0,1.2,0.6539184203357538,2.9982684596180738,1.0114557444465317,48.22500042040052,6.659511476429668,1.2,1.828513610546181,1.0114557444465317
1.75,column,-4.665,0.0,1.2,0.6630068957294117,2.953623373893411,1.013595024348494,49.124377213498015,6.833728387120187,1.2,1.6752500388931613,1.013595024348494
1.8,column,-4.644,0.0,1.2,0.6713105091235356,2.9075644794675632,1.0157530851433951,49.989811941899426,7.015483487004577,1.2,1.6340304388387104,1.0157530851433951
1.85,column,-4.623000000000001,0.0,1.2,0.6785242538018117,2.860398951829626,1.018034578758584,50.82838144755003,7.205598120583113,1.2,1.5977628348597115,1.018034578758584
1.9000000000000001,column,-4.602,0.0,1.2,0.6843938105465911,2.812420604317685,1.0204718590080326,51.601903778169614,7.404295093963271,1.2,1.5342311230372088,1.0204718590080326
1.9500000000000002,column,-4.5809999999999995,0.0,1.2,0.6887798591784073,2.7639099481782035,1.0230547499469251,52.29438528708232,7.61136041660972,1.2,1.4595019604715465,1.0230547499469251
2.0,column,-4.5600000000000005,0.0,1.2,0.6916453590075673,2.7151343828415433,1.0282737283995933,52.81929033776288,7.82267461381753,1.2,1.273495159931883,1.0282737283995933
2.0500000000000003,column,-4.539000000000001,0.0,1.2,0.6928197313582245,2.666348469592138,1.0405954338929453,53.995854549513815,8.029720373525027,1.2,1.9390049338840707,1.0405954338929453
2.1,column,-4.518000000000001,0.0,1.2,0.6917643118552279,2.6177962995586412,1.059758634408132,55.448416807800804,8.225953637871507,1.2,2.1477928626659444,1.059758634408132
2.15,column,-4.497,0.0,1.2,0.68992850417681,2.5696997915709163,1.0855267079441564,56.89228444721829,8.413151347842465,1.2,2.1398047907395563,1.0855267079441564
2.2,column,-4.476,0.0,1.2,0.6873235723834492,2.5222576369080754,1.1031361558122799,58.0518224330501,8.591562962099554,1.2,1.9072558050167718,1.1031361558122799
2.25,column,-4.455000000000001,0.0,1.2,0.6843080077836939,2.475644741031128,1.1111792509373286,59.12371889132009,8.763396187079435,1.2,1.8344207743767338,1.1111792509373286
2.3000000000000003,column,-4.434000000000001,0.0,1.2,0.6809879605701984,2.4300188190057455,1.128396707337715,60.15066277109463,8.9299485653771,1.2,1.8582414990489056,1.128396707337715
2.35,column,-4.413,0.0,1.2,0.6772192863793731,2.386816542886298,1.1541460904235832,61.11370805460765,9.091443620714116,1.2,1.8906420991254778,1.1541460904235832
2.4000000000000004,column,-4.392,0.0,1.2,0.6728821835001693,2.3489331338386927,1.1848460643759124,62.48758677016831,9.23935212851022,1.2,2.1959588880417895,1.1848460643759124
2.45,column,-4.371,0.0,1.2,0.668377395603019,2.3180119739191776,1.2167684508345078,63.85269735505744,9.373700835088815,1.2,2.1654347156511506,1.2167684508345078
2.5,column,-4.3500000000000005,0.0,1.2,0.6632566013644563,2.2939921699851924,1.2475617677850264,65.31075655276467,9.49341380213211,1.2,2.202195238583021,1.2475617677850264
2.5500000000000003,column,-4.329000000000001,0.0,1.2,0.6575828136823653,2.2768585487467137,1.235099321640912,66.71481476956336,9.599785852333174,1.2,2.1298795297690902,1.235099321640912
2.6,column,-4.308,0.0,1.2,0.6512596566424813,2.2664448624472096,1.2030066843191876,67.96558368296259,9.695200729075898,1.2,1.9951767050698617,1.2030066843191876
2.6500000000000004,column,-4.287,0.0,1.2,0.6444366655953424,2.2622873042155174,1.1668434769640326,69.14219353322963,9.789730807354204,1.2,1.998582824490407,1.1668434769640326
2.7,column,-4.266,0.0,1.2,0.6375022069447251,2.263913901660337,1.131476363765493,70.42995513612118,9.887198406271517,1.2,2.2682756382079203,1.131476363765493
2.75,column,-4.245,0.0,1.2,0.63195562508531,2.270846694303245,1.1056686698853238,71.7215805326271,9.970236548080434,1.2,2.2318232407118614,1.1056686698853238
2.8000000000000003,column,-4.224,0.0,1.2,0.6271231758530016,2.28260373119151,1.089225079990614,73.11074892806404,10.038841126128588,1.2,2.2963215615340737,1.089225079990614
2.85,column,-4.203,0.0,1.2,0.6237130425637257,2.2987010095438096,1.0819661986195785,74.37926307488515,10.10805310069005,1.2,2.183175722784914,1.0819661986195785
2.9000000000000004,column,-4.182,0.0,1.2,0.6217574186432497,2.318654443852348,1.0786821969119513,75.55340321529366,10.183932734241441,1.2,2.091700023222441,1.0786821969119513
2.95,column,-4.161,0.0,1.2,0.620728963196224,2.3419819198249536,1.0790489593404768,76.30770739756426,10.269686110995991,1.2,1.7012520645316953,1.0790489593404768
3.0,column,-4.140000000000001,0.0,1.2,0.6198907701548063,2.3682054538808526,1.0887649054444177,76.98789251348558,10.359100313658923,1.2,1.601396262533952,1.0887649054444177
3.0500000000000003,column,-4.119000000000001,0.0,1.2,0.6198179430028241,2.3968534502203642,1.1078152921089122,77.76283125097007,10.449365597085576,1.2,1.6000930268463551,1.1078152921089122
3.1,column,-4.098000000000001,0.0,1.2,0.6195532529371708,2.426182922108567,1.1361355715343573,78.79534366846852,10.536553436167468,1.2,1.9004958273690427,1.1361355715343573
3.1500000000000004,column,-4.077,0.0,1.2,0.6193297110295666,2.4536687347432853,1.133566194333912,80.05497175010876,10.624536681700041,1.2,2.19403779458833,1.133566194333912
3.2,column,-4.056,0.0,1.2,0.6196087584223496,2.4765589431651867,1.1243387600060093,81.24438032751975,10.71683669393994,1.2,2.0590278141347547,1.1243387600060093
3.25,column,-4.035,0.0,1.2,0.6201640126974979,2.4935421022476616,1.129095693027377,82.80095149436693,10.805431029317319,1.2,2.421252899650699,1.129095693027377
3.3000000000000003,column,-4.014,0.0,1.2,0.6202477816216552,2.504670946027656,1.1419229632051748,83.58361791356897,10.892621332161577,1.2,1.6757501659591783,1.1419229632051748
3.35,column,-3.9930000000000003,0.0,1.2,0.621123818089875,2.510040907654857,1.1564148667343757,84.45213208254341,10.97085438420022,1.2,1.729068236369298,1.1564148667343757
3.4000000000000004,column,-3.9720000000000004,0.0,1.2,0.6236089116984089,2.509784397799412,1.1699996117331837,85.34144541949853,11.037409120205812,1.2,1.7407458985928248,1.1699996117331837
3.45,column,-3.9510000000000005,0.0,1.2,0.6292386818732425,2.505301452323896,1.1801259765896959,86.25385691014792,11.09556164336081,1.2,1.7119072162202762,1.1801259765896959
3.5,column,-3.9300000000000006,0.0,1.2,0.6378555396501001,2.497801719680136,1.1857663353907362,87.12914609344023,11.15088643589252,1.2,1.643874031229932,1.1857663353907362
3.5500000000000003,column,-3.9090000000000003,0.0,1.2,0.6484412195007485,2.488088743214915,1.1864414513856536,87.97503914839072,11.20818389500802,1.2,1.593576515859971,1.1864414513856536
3.6,column,-3.8880000000000003,0.0,1.2,0.6598589051192164,2.4765933941623777,1.1821138867856849,89.10694192068655,11.268064265844806,1.2,1.9040731210137767,1.1821138867856849
3.6500000000000004,column,-3.8670000000000004,0.0,1.2,0.6705024871701879,2.463414857786745,1.1841813001113919,89.89536032572862,11.326614040370295,1.2,1.6275343014935602,1.1841813001113919
3.7,column,-3.846,0.0,1.2,0.6801015116635031,2.4483478583704414,1.191831790280159,90.57619543912057,11.393061865022103,1.2,1.5083285327752125,1.191831790280159
3.75,column,-3.825,0.0,1.2,0.6887360569229906,2.4316159435525098,1.203624801158339,91.1379552260388,11.468964668410203,1.2,1.3450978563284712,1.203624801158339
3.8000000000000003,column,-3.8040000000000003,0.0,1.2,0.6964360327168173,2.413767442859811,1.2168867965149952,91.60036718047303,11.554273078299204,1.2,1.1729762190202815,1.2168867965149952
3.85,column,-3.7830000000000004,0.0,1.2,0.703161847898206,2.3955042569450304,1.209310205887534,91.9293838977373,11.647284446780152,1.2,0.9790296116343924,1.209310205887534
3.9000000000000004,column,-3.7620000000000005,0.0,1.2,0.7089727495155467,2.377523564623779,1.1875374728580395,92.16593027790749,11.74491409406443,1.2,0.8156246400208713,1.1875374728580395
3.95,column,-3.741,0.0,1.2,0.7139238560330368,2.3604162798704786,1.1521126388648284,92.47847873576035,11.843630027855173,1.2,1.0290021476999835,1.1521126388648284
4.0,column,-3.7200000000000006,0.0,1.2,0.718088036952036,2.34462325246416,1.12615669777712,93.08180169572924,11.941093922699274,1.2,1.3891367359778148,1.12615669777712
4.05,column,-3.6990000000000003,0.0,1.2,0.7214346919477529,2.33043015548712,1.1050536265394706,93.41929314646266,12.032648637982511,1.2,1.041318391890306,1.1050536265394706
4.1000000000000005,column,-3.678,0.0,1.2,0.7248464635506163,2.3179813854002633,1.0885781493396134,93.69916355500331,12.12059980604796,1.2,0.9697361510192886,1.0885781493396134
4.15,column,-3.657,0.0,1.2,0.7282461671645643,2.3073002129188716,1.0767851239594963,93.91155949311016,12.206788457201785,1.2,0.8421467778477275,1.0767851239594963
4.2,column,-3.636,0.0,1.2,0.7316461289558736,2.29830057008427,1.069740357699129,94.06858472176434,12.29278065832337,1.2,0.7123278929838326,1.069740357699129
4.25,column,-3.615,0.0,1.2,0.7350862868504112,2.2908047125004547,1.0674742057197888,94.19918540241986,12.379705982810993,1.2,0.6418019174209343,1.0674742057197888
4.3,column,-3.5940000000000003,0.0,1.2,0.7386104073447738,2.2846157958551103,1.069919369988707,94.33941529312882,12.468308968225184,1.2,0.7102991887432472,1.069919369988707
4.3500000000000005,column,-3.5730000000000004,0.0,1.2,0.7422911969624985,2.2794398544146093,1.076847866783831,94.51976242250672,12.559091013216916,1.2,0.7733216717924869,1.076847866783831
4.4,column,-3.552,0.0,1.2,0.7462197167336067,2.274925619273896,1.0878354981214744,94.73909806713478,12.652544608633114,1.2,0.7852667526062571,1.0878354981214744
4.45,column,-3.5310000000000006,0.0,1.2,0.7504797860975067,2.2706758152128,1.1023683008005793,94.95627650613844,12.749047970031306,1.2,0.7384238230049684,1.1023683008005793
4.5,column,-3.5100000000000007,0.0,1.2,0.7551647625673373,2.2662632056465855,1.1199514471635255,95.12234126508305,12.848710085913563,1.2,0.6659294824339194,1.1199514471635255
4.55,column,-3.4890000000000008,0.0,1.2,0.7603778402869297,2.26125388342533,1.140020377411401,95.23086425119746,12.951732433784759,1.2,0.5798935930730373,1.140020377411401
4.6000000000000005,column,-3.4680000000000004,0.0,1.2,0.7661250492430749,2.2552386103322144,1.1586923205116164,95.32996305892978,13.054903678747614,1.2,0.5700814849124277,1.1586923205116164
4.65,column,-3.4470000000000005,0.0,1.2,0.7732181996060998,2.2478697290766325,1.172620188817647,95.47772335835327,13.157739195981353,1.2,0.6706037728687795,1.172620188817647
4.7,column,-3.4260000000000006,0.0,1.2,0.7814575349201088,2.2388971074549744,1.1797438390127262,95.71537681809482,13.261097784123645,1.2,0.7743168690024926,1.1797438390127262
4.75,column,-3.4050000000000007,0.0,1.2,0.7906662808008493,2.228193911761405,1.1794442500397642,95.99271159665233,13.366682550209088,1.2,0.8093143554741131,1.1794442500397642
4.800000000000001,column,-3.3840000000000003,0.0,1.2,0.8006613641351139,2.2157641749061545,1.1723482355492858,96.23943960245425,13.475977428765153,1.2,0.7486369922756981,1.1723482355492858
4.8500000000000005,normal,-3.3629999999999995,0.0,1.2,1.4226303263343045,2.2017295050152805,1.1604658147765823,97.26147441775836,13.59953810160499,1.2,1.8442662087936956,1.1604658147765823
4.9,normal,-3.3420000000000005,0.0,1.2,1.4260830068434185,2.1862991486208303,1.144970565462224,98.25958738187914,13.740311429531044,1.2,1.8022739582092366,1.144970565462224
4.95,normal,-3.321,0.0,1.2,1.4261501766035558,2.169809036052242,1.1275208091960458,99.25804245086009,13.899514383772932,1.2,1.7714062356484028,1.1275208091960458
5.0,normal,-3.3000000000000003,0.0,1.2,1.422716406198365,2.1526514105890993,1.1081768883749814,100.21702816172615,14.072878086711242,1.2,1.6975591279042876,1.1081768883749814
5.050000000000001,normal,-3.279,0.0,1.2,1.4165192454003814,2.135214349697943,1.0885296265523445,101.37956412661407,14.253753759648774,1.2,1.8337781504894977,1.0885296265523445
5.1000000000000005,normal,-3.258,0.0,1.2,1.4079385159907374,2.1178403713311544,1.0689746529236175,102.52577438794057,14.441047914041963,1.2,1.8319937166741411,1.0689746529236175
5.15,normal,-3.237,0.0,1.2,1.3982059308465211,2.1008041769263253,1.0496642974096344,103.65880379688458,14.634496193398672,1.2,1.8257904371566056,1.0496642974096344
5.2,normal,-3.216,0.0,1.2,1.3874696130807707,2.0843066228992067,1.03117783079993,104.84259598429573,14.831163720082195,1.2,1.86934197513122,1.03117783079993
5.25,normal,-3.1950000000000003,0.0,1.2,1.3760495504758647,2.068385378503052,1.0129525313375187,105.89935577630209,15.029474401936156,1.2,1.7194335764637614,1.0129525313375187
5.300000000000001,normal,-3.174,0.0,1.2,1.363751474983508,2.052973304207227,0.9951737276101646,106.9798868157641,15.229288660164912,1.2,1.7351489979222976,0.9951737276101646
5.3500000000000005,normal,-3.153,0.0,1.2,1.3508240722076652,2.0380036594977486,0.9780198490953294,108.07372905567932,15.430464957418831,1.2,1.7427663650768146,0.9780198490953294
5.4,normal,-3.142286868117351,-0.016263689512557397,1.2,1.3315095086069364,2.023410504304631,0.9616556754617167,109.15702565978171,15.632836540353926,1.2,1.7400244072630684,0.9616556754617167
5.45,normal,-3.133288214254261,-0.03523799394387402,1.2,1.3114384985430037,2.0092009154181243,0.9462166811027958,110.24019401893213,15.836206965634817,1.2,1.745342691977352,0.9462166811027958
5.5,normal,-3.12428956039117,-0.05421229837519065,1.2,1.2939674534858583,1.9953900000715767,0.9346547486327218,111.11851011908918,16.040395837692213,1.2,1.5336118960642608,0.9346547486327218
5.550000000000001,normal,-3.115290906528079,-0.07318660280650768,1.2,1.2797376510576541,1.9819883159142295,0.9320275960748694,112.40730438894252,16.245229967232152,1.2,1.9042527217164054,0.9320275960748694
5.6000000000000005,normal,-3.1062922526649888,-0.0921609072378243,1.2,1.2691253927013333,1.9690022149396789,0.9388048924786021,113.76312659281115,16.450601637825116,1.2,1.9555239403221836,0.9388048924786021
5.65,normal,-3.0972935988018984,-0.11113521166914093,1.2,1.2617749177621258,1.956434269512105,0.9550692341656853,115.1304491475469,16.6563920350135,1.2,1.967996395329422,0.9550692341656853
5.7,normal,-3.0882949449388075,-0.13010951610045754,1.2,1.257470620205174,1.9442837578028531,0.9811187532450413,116.49996489265713,16.86252917644,1.2,1.9746730970740654,0.9811187532450413
5.75,normal,-3.079296291075717,-0.14908382053177419,1.2,1.2562172276559598,1.9325471864488228,1.016655867538682,117.87069542374071,17.068977977719605,1.2,1.980994041099354,1.016655867538682
5.800000000000001,normal,-3.0702976372126267,-0.16805812496309122,1.2,1.2579198614961904,1.9212188293869954,1.061075787504923,119.24283894652955,17.275742569628797,1.2,1.9875772789641382,1.061075787504923
5.8500000000000005,normal,-3.0612989833495363,-0.18703242939440787,1.2,1.2624159524292635,1.9102912635156974,1.1135306476690863,120.61651070514296,17.482866283732474,1.2,1.9941990408259653,1.1135306476690863
5.9,normal,-3.0523003294864455,-0.20600673382572446,1.2,1.2694584040357206,1.8997558839769086,1.1728315979422654,121.96065266257455,17.690428042350177,1.2,1.979545208869751,1.1728315979422654
5.95,normal,-3.043301675623355,-0.22498103825704108,1.2,1.2786841237777924,1.8896033843304327,1.234409925580872,122.95194835553532,17.898534418996466,1.2,1.6339070716668047,1.234409925580872
6.0,normal,-3.0343030217602642,-0.24395534268835772,1.2,1.289151753722929,1.8798241895833925,1.2496889987030533,123.91091501732852,18.10730800282608,1.2,1.5690390416039555,1.2496889987030533
6.050000000000001,normal,-3.025304367897174,-0.26292964711967476,1.2,1.300372331853199,1.8704088328344077,1.2593727077860883,124.87698657754912,18.31697221793053,1.2,1.5893947983002095,1.2593727077860883
6.1000000000000005,normal,-3.0163057140340825,-0.2819039515509914,1.2,1.3121460586660998,1.8612732606123197,1.2698391997666774,125.81230412010899,18.527741043615812,1.2,1.4728864409715219,1.2698391997666774
6.15,normal,-3.0073070601709926,-0.300878255982308,1.2,1.324568097157808,1.8523401564358266,1.2675924162018863,126.75193308449131,18.739792565381137,1.2,1.4964577743036147,1.2675924162018863
6.2,normal,-2.9983084063079017,-0.31985256041362464,1.2,1.3374840226436828,1.8435504790539021,1.265824393001151,128.13918123506033,18.948188910160454,1.2,2.044015739970304,1.265824393001151
6.25,normal,-2.9893097524448113,-0.33882686484494123,1.2,1.349320960558623,1.8348672603611542,1.2648591514112806,129.5278335744628,19.15373015868059,1.2,2.0485298390548112,1.2648591514112806
6.300000000000001,normal,-2.9803110985817205,-0.3578011692762583,1.2,1.3595539776128194,1.826277704103321,1.2647526777590292,130.86618297933427,19.357577099469815,1.2,2.0155632027973622,1.2647526777590292
6.3500000000000005,normal,-2.9713124447186305,-0.3767754737075749,1.2,1.3681287350933704,1.8177932371245558,1.2655193138401652,132.15564819161105,19.560891955329122,1.2,1.979243307401011,1.2655193138401652
6.4,normal,-2.9623137908555393,-0.3957497781388915,1.2,1.3750067687394696,1.8094473935035296,1.2671325647060094,133.54402833511017,19.763199530151446,1.2,2.0465322714432026,1.2671325647060094
6.45,normal,-2.9533151369924493,-0.41472408257020815,1.2,1.3800269887415642,1.8012917023972352,1.269528393335378,134.93095543691066,19.96593827556321,1.2,2.040617736154519,1.269528393335378
6.5,normal,-2.9443164831293585,-0.4336983870015248,1.2,1.3830978446733675,1.7933900368606575,1.2726106106870168,136.31603091724236,20.17065875797957,1.2,2.032538587238427,1.2726106106870168
6.550000000000001,normal,-2.9353178292662676,-0.45267269143284183,1.2,1.384132066923484,1.7858120927607557,1.2762577476487482,137.699083766126,20.378808865560153,1.2,2.0227944964086157,1.2762577476487482
6.6000000000000005,normal,-2.9263191754031768,-0.4716469958641585,1.2,1.3830630268475204,1.778626754213393,1.280330692179333,139.08015065810918,20.59156886160111,1.2,2.011969024543009,1.280330692179333
6.65,normal,-2.9173205215400864,-0.4906213002954751,1.2,1.3791474978880103,1.7718960524036038,1.2846897388157634,140.0215994644032,20.804407866176838,1.2,1.499572409821522,1.2846897388157634
6.7,normal,-2.9083218676769964,-0.5095956047267918,1.2,1.3740400633719365,1.7656666002668484,1.2893026899659195,140.95867333853073,21.017606622260406,1.2,1.4784137871509593,1.2893026899659195
6.75,normal,-2.899323213813906,-0.5285699091581084,1.2,1.3670376481830624,1.7599318751030322,1.2941310065861966,141.89311970052893,21.231432166564822,1.2,1.4634884842260065,1.2941310065861966
6.800000000000001,normal,-2.8903245599508147,-0.5475442135894253,1.2,1.3580359303629852,1.754683308374708,1.2991305987394366,142.77493028086022,21.446142214202975,1.2,1.4219314653540576,1.2991305987394366
6.8500000000000005,normal,-2.8813259060877243,-0.5665185180207419,1.2,1.3471436447853147,1.7499102878366415,1.30096403427958,143.60576912258605,21.661993048320756,1.2,1.3873916555106092,1.30096403427958
6.9,normal,-2.8723272522246335,-0.5854928224520586,1.2,1.3344663048125802,1.7456001905512437,1.2709114550100105,144.39307286042435,21.879252237100246,1.2,1.3622237783964728,1.2709114550100105
6.95,normal,-2.863328598361543,-0.6044671268833752,1.2,1.3200914098574223,1.7417384473777697,1.2368673196463873,145.1238878809295,22.098218238446446,1.2,1.3265745961576274,1.2368673196463873
7.0,normal,-2.8543299444984527,-0.6234414313146919,1.2,1.3040849044535556,1.7383086385090465,1.2008557065982974,145.75661448845057,22.319249826438767,1.2,1.2375010434900835,1.2008557065982974
7.050000000000001,normal,-2.845331290635362,-0.6424157357460089,1.2,1.2865257649451673,1.7352926186888533,1.165364416072781,146.527138279233,22.545893244852877,1.2,1.399838367052641,1.165364416072781
7.1000000000000005,normal,-2.8363326367722714,-0.6613900401773255,1.2,1.266867751998276,1.7326706699032877,1.1347881018921155,147.37798155184822,22.77426388490811,1.2,1.4678931682745393,1.1347881018921155
7.15,normal,-2.827333982909181,-0.6803643446086421,1.2,1.2458190956079196,1.7304216786220312,1.1113910216344591,148.44101938803436,23.002641661092174,1.2,1.678275610956377,1.1113910216344591
7.2,normal,-2.81833532904609,-0.6993386490399588,1.2,1.2240133887819233,1.7285233340856019,1.0945871909664784,149.48725459260243,23.230946024062554,1.2,1.6524432191975365,1.0945871909664784
7.25,normal,-2.8093366751829993,-0.7183129534712754,1.2,1.2016904154820582,1.7269523437008871,1.0866521328354506,150.51832746821574,23.459097733726335,1.2,1.6276155966806225,1.0866521328354506
7.300000000000001,normal,-2.8003380213199094,-0.7372872579025924,1.2,1.1786929925829999,1.7256846613218584,1.0886893979841041,151.535773674914,23.687019402719066,1.2,1.6059027948431464,1.0886893979841041
7.3500000000000005,normal,-2.7913393674568185,-0.7562615623339091,1.2,1.1551233224718684,1.7246957240515717,1.100085124321881,152.54116407034388,23.91463600065186,1.2,1.5907171808156702,1.100085124321881
7.4,normal,-2.7823407135937277,-0.7752358667652257,1.2,1.1312841442645527,1.7239606931965938,1.120089426744386,153.5360809226269,24.141875315642736,1.2,1.5766290126953741,1.120089426744386
7.45,normal,-2.7733420597306373,-0.7942101711965424,1.2,1.1074564122572668,1.7234546951228653,1.1478838593603518,154.52203623764143,24.36866837023587,1.2,1.5637923991620037,1.1478838593603518
7.5,normal,-2.764343405867547,-0.813184475627859,1.2,1.0838889112322654,1.723153057986456,1.1816303652574016,155.47993828500526,24.59494978944762,1.2,1.5113537713989162,1.1816303652574016
7.550000000000001,normal,-2.755344752004456,-0.832158780059176,1.2,1.0607370152326336,1.7227353913943113,1.1903660944437848,156.4492716302375,24.818233527342635,1.2,1.5993614860032905,1.1903660944437848
7.6000000000000005,normal,-2.7463460981413657,-0.8511330844904926,1.2,1.0377748762300876,1.6822018818162312,1.146085125983384,157.75457929285741,25.035014455775265,1.2,2.093097012898788,1.146085125983384
7.65,normal,-2.7373474442782753,-0.8701073889218093,1.2,1.014870042624651,1.6425921252964528,1.1160648476526867,159.49466878012873,25.24487469308687,1.2,2.459419004054099,1.1160648476526867
7.7,normal,-2.7283487904151844,-0.8890816933531259,1.2,0.9920104602129646,1.6039846845914032,1.1002304482794805,161.1661494390792,25.450073738178986,1.2,2.4075173188887167,1.1002304482794805
7.75,normal,-2.7193501365520936,-0.9080559977844425,1.2,0.9691892384241576,1.5664532430638745,1.0982516984772033,162.7448863722636,25.652103148994506,1.2,2.337529133442625,1.0982516984772033
7.800000000000001,normal,-2.710351482689003,-0.9270303022157594,1.2,0.9465950338153508,1.5300660425353865,1.10980618419842,164.23561309841386,25.852125454383287,1.2,2.2663120142926383,1.10980618419842
7.8500000000000005,normal,-2.7013528288259128,-0.9460046066470761,1.2,0.9245515349749629,1.4948853496186079,1.1345188490555522,165.64401338656668,26.051879986590198,1.2,2.1943380051737074,1.1345188490555522
7.9,normal,-2.692354174962822,-0.9649789110783927,1.2,0.9032798597780409,1.4609669582670848,1.1702695318407759,166.8327637523877,26.255545345979748,1.2,2.016967241784646,1.1702695318407759
7.95,normal,-2.6833555210997315,-0.9839532155097094,1.2,0.882867179454777,1.4283597369504615,1.2111165419326397,167.63697776858385,26.462421109063854,1.2,1.55830934134575,1.2111165419326397
8.0,normal,-2.674356867236641,-1.002927519941026,1.2,0.8629390250812368,1.3972643946059318,1.2093575918510964,168.39149942534215,26.6694581969468,1.2,1.5341956079782944,1.2093575918510964
8.05,normal,-2.6653582133735503,-1.0219018243723432,1.2,0.8429545724220533,1.3678839466182993,1.1952337854809922,169.26615798614802,26.874425535528356,1.2,1.7096201206896506,1.1952337854809922
8.1,normal,-2.65635955951046,-1.0408761288036592,1.2,0.8224933177101679,1.3403709544033808,1.188626217784961,170.23346236336008,27.07661786632223,1.2,1.7826386231932119,1.188626217784961
8.15,normal,-2.6473609056473695,-1.0598504332349763,1.2,0.8013401380766911,1.3147846147707436,1.1895289774617976,171.17838613085607,27.27667738982243,1.2,1.7319281288124766,1.1895289774617976
8.200000000000001,normal,-2.6383622517842786,-1.0788247376662934,1.2,0.7794874378591311,1.291070173523407,1.1970278215324361,172.04991266413265,27.475345464269804,1.2,1.6210349012162162,1.1970278215324361
8.25,normal,-2.6293635979211882,-1.0977990420976096,1.2,0.7569739048851956,1.269071630946731,1.2095537729267707,172.8245141730074,27.673113852490022,1.2,1.4735546737426983,1.2095537729267707
8.3,normal,-2.6203649440580974,-1.1167733465289267,1.2,0.733865894819907,1.2485718412648046,1.2252602980952498,173.51299308136538,27.870123092292758,1.2,1.3288681671122897,1.2252602980952498
8.35,normal,-2.611366290195007,-1.1357476509602427,1.2,0.7102448056557794,1.2293396380459618,1.2153912532585558,174.14651068517756,28.066239578873187,1.2,1.2520172608761233,1.2153912532585558
8.4,normal,-2.602367636331916,-1.15472195539156,1.2,0.6862019833242285,1.2111664835789215,1.1653568410536208,174.81305005652513,28.26132315928572,1.2,1.3903155829630842,1.1653568410536208
8.450000000000001,normal,-2.5933689824688257,-1.1736962598228768,1.2,0.6618035479680007,1.1938867544471707,1.1225152267929934,175.69319146855156,28.455976817923176,1.2,1.6140864576982046,1.1225152267929934
8.5,normal,-2.5843703286057353,-1.192670564254193,1.2,0.637088311860151,1.1774737104965862,1.0886521939605671,176.51299728173072,28.651837777064323,1.2,1.5462952723262786,1.0886521939605671
8.55,normal,-2.5753716747426445,-1.2116448686855101,1.2,0.6121538097078296,1.1619150547587138,1.0625894842379884,177.17981855364212,28.850282238277494,1.2,1.3773004672962827,1.0625894842379884
8.6,normal,-2.566373020879554,-1.2306191731168263,1.2,0.5862606516591422,1.1471977966707556,1.0437581598418786,177.73738259910198,29.052041964220077,1.2,1.258738036526656,1.0437581598418786
8.65,normal,-2.5573743670164633,-1.2495934775481434,1.2,0.5612053544104445,1.1333080230097055,1.0342873741959786,178.586162295444,29.254132941251108,1.2,1.523135504655072,1.0342873741959786
8.700000000000001,normal,-2.548375713153373,-1.2685677819794603,1.2,0.5461937445074344,1.120230674875638,1.0332274704234312,179.31353053768328,29.457303301818868,1.2,1.4176195771734492,1.0332274704234312
8.75,normal,-2.539377059290282,-1.2875420864107767,1.2,0.5374090472942918,1.1079493412378276,1.0391042295946464,179.9276736226929,29.661228033434856,1.2,1.3138971745947028,1.0391042295946464
8.8,normal,-2.5303784054271916,-1.3065163908420936,1.2,0.5294637035737948,1.0964460785129075,1.0484193882356028,180.45068727303692,29.863014167196617,1.2,1.2234780530694866,1.0484193882356028
8.85,normal,-2.521379751564101,-1.32549069527341,1.2,0.5213796653816648,1.0857012643031658,1.0610899685091102,180.90427612470071,30.06309212067456,1.2,1.1398200219943004,1.0610899685091102
8.9,normal,-2.5123810977010104,-1.3444649997047269,1.2,0.5133252484507506,1.075693491847667,1.0771870074862997,181.29930220662578,30.26214586451117,1.2,1.0628618937421397,1.0771870074862997
8.950000000000001,normal,-2.50338244383792,-1.363439304136044,1.2,0.5054947336166731,1.0659241989768136,1.096874189660725,181.65245183367264,30.46053088313503,1.2,1.034767525596334,1.096874189660725
9.0,normal,-2.4943837899748296,-1.3824136085673602,1.2,0.49816834541251004,1.0558080540489116,1.1197472151427381,181.95927482127246,30.658989802115826,1.2,1.0122839446537488,1.1197472151427381
9.05,normal,-2.4853851361117387,-1.4013879129986773,1.2,0.4914810359573415,1.0448699279002085,1.1440380378252446,182.20942211063016,30.858917587937558,1.2,0.9518779309618468,1.1440380378252446
9.1,normal,-2.4763864822486483,-1.4203622174299935,1.2,0.48526539062812823,1.03274925780342,1.1681716350416773,182.5090191057809,31.06070525000302,1.2,1.0406176321034815,1.1681716350416773
9.15,normal,-2.467387828385558,-1.4393365218613103,1.2,0.47937935218433714,1.0175867794798887,1.132930919497077,183.26618790569776,31.259987528126963,1.2,1.4702228518154978,1.132930919497077
9.200000000000001,normal,-2.4583891745224666,-1.4583108262926274,1.2,0.47302042731243066,0.9968539363462432,1.1100172044456162,184.27126418794097,31.45511073854624,1.2,1.640487457426215,1.1100172044456162
9.25,normal,-2.45,-1.477422331200625,1.2,0.4730358890111681,0.969289101127276,1.1022054024362888,185.25546897211973,31.646003378248764,1.2,1.6906128533433489,1.1022054024362888
9.3,normal,-2.45,-1.4984223312006253,1.2,0.4736283693586095,0.9352233368277527,1.1022409680015894,185.8730015626171,31.830713313256865,1.2,1.31973609736504,1.1022409680015894
9.35,normal,-2.45,-1.5194223312006248,1.2,0.4726227392553941,0.9010734753145793,1.1099341448981774,186.4809363324712,32.00953975044539,1.2,1.2949754312376975,1.1099341448981774
9.4,normal,-2.45,-1.5404223312006249,1.2,0.4700440938697802,0.8673748374922028,1.1252626903072973,187.0693015258312,32.183680267317875,1.2,1.2415558480394644,1.1252626903072973
9.450000000000001,normal,-2.4499999999999997,-1.5614223312006255,1.2,0.4659166033345158,0.8343795253338904,1.1482616852261383,187.64072671417148,32.356507597428454,1.2,1.1879416283941415,1.1482616852261383
9.5,normal,-2.45,-1.5824223312006251,1.2,0.46029457677601665,0.8021985655325492,1.155303981757987,187.94813478740554,32.532414004363815,1.2,0.9925929434820586,1.155303981757987
9.55,normal,-2.4500000000000006,-1.6034223312006253,1.2,0.4538017276902983,0.7715289389749738,1.1477313936375153,188.25846082546894,32.711502680754705,1.2,1.01896171859632,1.1477313936375153
9.600000000000001,normal,-2.45,-1.6244223312006252,1.2,0.4468668724104797,0.7448986217353404,1.1491996296001972,188.70225387666025,32.893882888451856,1.2,1.166792366926446,1.1491996296001972
9.65,normal,-2.45,-1.645422331200625,1.2,0.43970649377317095,0.7240987276992159,1.1598788354496254,189.1945432984311,33.080182208353406,1.2,1.1798519919568466,1.1598788354496254
9.700000000000001,normal,-2.45,-1.6664223312006259,1.2,0.43226847605075697,0.710197237192989,1.1777548554359663,189.63585125423808,33.27077737373281,1.2,1.0300391773507576,1.1777548554359663
9.75,normal,-2.45,-1.687422331200625,1.2,0.4242933655219951,0.7036974032489349,1.1998144169443827,190.0238241856803,33.465570882613186,1.2,0.9777954078872181,1.1998144169443827
9.8,normal,-2.45,-1.7084223312006257,1.2,0.41546073212336515,0.7046963982889451,1.2230638608452047,190.41100309867664,33.662778836298074,1.2,1.0408763661098683,1.2230638608452047
9.850000000000001,normal,-2.45,-1.7294223312006256,1.2,0.40569492619588343,0.7127607701931322,1.2221142768116842,190.8414295594281,33.860843107879305,1.2,1.1516215847050115,1.2221142768116842
9.9,normal,-2.45,-1.7504223312006255,1.2,0.39499774573742724,0.7269068410195663,1.220751181167619,191.32429082760638,34.059444691577774,1.2,1.2370233300311637,1.220751181167619
9.950000000000001,normal,-2.45,-1.7714223312006254,1.2,0.38334817401750715,0.7461819233977494,1.2226870198376416,191.83806110022556,34.25866058149768,1.2,1.2697917547071367,1.2226870198376416
10.0,normal,-2.45,-1.7924223312006253,1.2,0.3708479910042108,0.76971496184927,1.2281515702309724,192.32841283261752,34.45891094021907,1.2,1.227336929701854,1.2281515702309724
10.05,normal,-2.45,-1.8134223312006252,1.2,0.35792432363784965,0.7967816251638029,1.2246792200614773,192.74642679904684,34.66109378484986,1.2,1.1459119771216497,1.2246792200614773
10.100000000000001,normal,-2.45,-1.834422331200626,1.2,0.3460105548763845,0.826768153239831,1.2014248333178406,193.07666768426333,34.86589436850021,1.2,1.050351533640768,1.2014248333178406
10.15,normal,-2.45,-1.855422331200625,1.2,0.33755012980657106,0.859071693308822,1.180157835028311,193.35380505425843,35.073883103925624,1.2,0.9611449760278447,1.180157835028311
10.200000000000001,normal,-2.45,-1.8764223312006258,1.2,0.33151275631067206,0.8932248804469891,1.1619708283103323,193.62776875763842,35.28552741495975,1.2,0.8925495324607076,1.1619708283103323
10.25,normal,-2.45,-1.8974223312006249,1.2,0.3261229676870273,0.9288632668648418,1.1481679110071275,193.94157470192903,35.50096104288909,1.2,0.8634023414723833,1.1481679110071275
10.3,normal,-2.45,-1.9184223312006257,1.2,0.32103282567123614,0.9654387842132717,1.1469539641565505,194.76099080259385,35.71376046230444,1.2,1.4763989359924854,1.1469539641565505
10.350000000000001,normal,-2.45,-1.9394223312006256,1.2,0.31506950584981624,0.9966422484935089,1.157661650838034,195.50282349574252,35.92389487236591,1.2,1.4017117544019253,1.157661650838034
10.4,normal,-2.45,-1.9604223312006255,1.2,0.3087150803710362,1.0224568657559654,1.1776354990438966,196.0160359359432,36.13091243423996,1.2,1.180498865385811,1.1776354990438966
10.450000000000001,normal,-2.45,-1.9814223312006254,1.2,0.30235638525613434,1.0436782745378133,1.2034510997208352,196.32448128331424,36.33433581610409,1.2,0.8776593366989387,1.2034510997208352
10.5,normal,-2.45,-2.0024223312006253,1.2,0.2960389007634091,1.0613747836302125,1.1998733083067321,196.54554584274348,36.53299644488963,1.2,0.8058992195912674,1.1998733083067321
10.55,normal,-2.45,-2.023422331200625,1.2,0.28973928029641594,1.0765794665443444,1.1784757349546557,196.8066252195621,36.72596002485783,1.2,0.9482157983648227,1.1784757349546557
10.600000000000001,normal,-2.45,-2.044422331200626,1.2,0.28342433430360575,1.0901448428083809,1.1642192691184174,197.1950883504134,36.91230350285275,1.2,1.1513407129571593,1.1642192691184174
10.65,normal,-2.45,-2.065422331200625,1.2,0.27702358771347224,1.0949013718944207,1.1582424523438282,197.68027247032052,37.0919524724881,1.2,1.2722321579097797,1.1582424523438282
10.700000000000001,normal,-2.45,-2.086422331200626,1.2,0.27069623010932464,1.05892362121362,1.1595182040172523,198.15928692771655,37.26427233052468,1.2,1.2627107696342879,1.1595182040172523
10.75,normal,-2.45,-2.107422331200625,1.2,0.26508772591631613,1.0201066962199046,1.1652553537914465,198.57628832146145,37.427593064817955,1.2,1.1857515317898235,1.1652553537914465
10.8,normal,-2.45,-2.1284223312006256,1.2,0.2609607105571733,0.9806219663397042,1.174399700813784,198.91487457389672,37.582849278244055,1.2,1.0762511342922896,1.174399700813784
10.850000000000001,normal,-2.45,-2.1494223312006255,1.2,0.258518414779648,0.940908053435437,1.1828625402142001,199.38078281196562,37.731734312501366,1.2,1.174504634168704,1.1828625402142001
10.9,normal,-2.45,-2.1704223312006254,1.2,0.256447677975288,0.9058974087054759,1.1899290026169156,199.7924724921058,37.875957859403904,1.2,1.138686476337155,1.1899290026169156
10.950000000000001,normal,-2.45,-2.1914223312006254,1.2,0.25453649744317375,0.876221806589619,1.1599937537628762,200.22533505699863,38.016725309925725,1.2,1.2327792773770803,1.1599937537628762
11.0,normal,-2.45,-2.2124223312006253,1.2,0.25262620273591213,0.85257819253973,1.13628919700805,200.7921816044963,38.15541951073841,1.2,1.3912261768118346,1.13628919700805
11.05,normal,-2.45,-2.233422331200625,1.2,0.250632610765971,0.8352023406928075,1.1215472187120925,201.49203583230482,38.29285407475438,1.2,1.4982194423680322,1.1215472187120925
11.100000000000001,normal,-2.45,-2.254422331200626,1.2,0.2485275186687788,0.8238552158841668,1.1157890350390818,202.1341244455728,38.428660627029565,1.2,1.4438166847908447,1.1157890350390818
11.15,normal,-2.45,-2.275422331200625,1.2,0.2463312711508867,0.8179310243200191,1.11819227087525,202.68240299082652,38.56323088401017,1.2,1.350544622211366,1.11819227087525
11.200000000000001,normal,-2.45,-2.2964223312006258,1.2,0.24424407978836618,0.8166293799199218,1.1272146750247694,203.12717378839992,38.69763313385458,1.2,1.2262300569833395,1.1272146750247694
11.25,normal,-2.45,-2.317422331200625,1.2,0.24255421513186812,0.8191285276974065,1.1409254060105554,203.49939338026758,38.833324968452324,1.2,1.1114524313314027,1.1409254060105554
11.3,normal,-2.45,-2.3384223312006256,1.2,0.24153720230261316,0.8247272439893367,1.1555801547587337,203.83958470599677,38.969826485175695,1.2,1.0645658294315155,1.1555801547587337
11.350000000000001,normal,-2.45,-2.3594223312006255,1.2,0.2410853040743262,0.8329484614020293,1.1678875632855854,204.10007925740342,39.10759530844231,1.2,0.952172802172244,1.1678875632855854
11.4,normal,-2.45,-2.3804223312006254,1.2,0.24098995845004345,0.8436048301900132,1.1736243409657805,204.2990863692303,39.24879510238925,1.2,0.7791459015549247,1.1736243409657805
11.450000000000001,normal,-2.45,-2.4014223312006253,1.2,0.2415418982441441,0.8568120750703223,1.1817828971920525,204.47696236459333,39.39260960053687,1.2,0.7262233329631839,1.1817828971920525
11.5,normal,-2.45,-2.4224223312006252,1.2,0.24311074841160202,0.8729182391678822,1.1855710507953348,204.6870276477328,39.53817632654031,1.2,0.8591498330349093,1.1855710507953348
11.55,normal,-2.45,-2.443422331200625,1.2,0.24593514522749382,0.8923647151981473,1.1830630356159382,204.9510259619311,39.68777062112198,1.2,0.9358147838443779,1.1830630356159382
11.600000000000001,normal,-2.45,-2.464422331200626,1.2,0.25021675512365577,0.9154310567988457,1.1817793215860073,205.2370578643726,39.84007588624673,1.2,0.9346566573868454,1.1817793215860073
11.65,normal,-2.45,-2.485422331200625,1.2,0.255826312426379,0.9413689992748293,1.179505485522466,205.48806739718688,39.995562814078234,1.2,0.8681201695893502,1.179505485522466
11.700000000000001,normal,-2.45,-2.5064223312006257,1.2,0.2626482419446773,0.9702494456671025,1.1815411947246894,205.79703380435484,40.14906552882924,1.2,0.9211628048615175,1.1815411947246894
11.75,normal,-2.45,-2.5274223312006248,1.2,0.2700506840636623,0.9973350723522985,1.1879777765500186,206.03218581193465,40.299684354274675,1.2,0.7617132369157222,1.1879777765500186
11.8,normal,-2.45,-2.5484223312006256,1.2,0.27744413839150794,1.022617555874858,1.19814700825355,206.2201078490116,40.44621127765141,1.2,0.640102762859707,1.19814700825355
11.850000000000001,normal,-2.45,-2.5694223312006255,1.2,0.284358142573412,1.0460799493601332,1.210824546420434,206.40687997338011,40.58728179618793,1.2,0.7357324017334876,1.210824546420434
11.9,normal,-2.45,-2.5904223312006254,1.2,0.29042681400035397,1.0677014193195884,1.2090848236325793,206.6349401235034,40.72185890353345,1.2,0.9060305256419348,1.2090848236325793
11.950000000000001,normal,-2.45,-2.6114223312006253,1.2,0.2953419154858178,1.087459406469509,1.2006917442532592,206.90399647950704,40.84951837797187,1.2,1.0110167908740473,1.2006917442532592
12.0,normal,-2.45,-2.632422331200625,1.2,0.29893324077948175,1.1053331532683626,1.1966344926602142,207.2053202136594,40.97059001088377,1.2,1.067631485804211,1.1966344926602142
12.05,normal,-2.45,-2.653422331200625,1.2,0.3011388159543737,1.1213096597696928,1.1966932678126962,207.53105945054344,41.0858718203643,1.2,1.096838661900595,1.1966932678126962
12.100000000000001,normal,-2.45,-2.6744223312006263,1.2,0.30193211823422356,1.1353908570127311,1.2002250584995813,207.87193082110196,41.19630288633516,1.2,1.1004613249485407,1.2002250584995813
12.15,normal,-2.45,-2.695422331200625,1.2,0.3013016607011683,1.1475902627797807,1.1966863348479468,208.21562929982866,41.30278004547962,1.2,1.0768054211858669,1.1966863348479468
12.200000000000001,normal,-2.45,-2.7164223312006257,1.2,0.299272261136676,1.157946963472844,1.1939194530236759,208.5454047215616,41.40606930969602,1.2,1.0266110568909137,1.1939194530236759
12.25,normal,-2.45,-2.7374223312006247,1.2,0.2959046543402718,1.1665280192897454,1.1960608500965926,208.8385440449727,41.50677969472956,1.2,0.9434476005212387,1.1960608500965926
12.3,normal,-2.45,-2.7584223312006255,1.2,0.2912881894447762,1.173424710728959,1.2027419811575923,209.07553732065506,41.6051651467271,1.2,0.8283995011952774,1.2027419811575923
12.350000000000001,normal,-2.45,-2.7794223312006254,1.2,0.28550127278754706,1.17872779821759,1.2131158865795013,209.24818635301614,41.70126354300761,1.2,0.6891664896252055,1.2131158865795013
12.4,normal,-2.45,-2.8004223312006253,1.2,0.2786385276037852,1.1825266561050338,1.2224945207225555,209.36490754739384,41.79500668539046,1.2,0.5763118802568359,1.2224945207225555
12.450000000000001,normal,-2.45,-2.8214223312006252,1.2,0.27081575511915723,1.1848990756277988,1.2214107548295805,209.44528391645895,41.886526470252306,1.2,0.4944534867825114,1.2214107548295805
12.5,normal,-2.45,-2.842422331200625,1.2,0.26217580781019245,1.185903358999852,1.2195298265053252,209.5110439157279,41.9766420203631,1.2,0.4422418885427241,1.2195298265053252
12.55,normal,-2.45,-2.863422331200625,1.2,0.252897388040844,1.18557444340059,1.214287519937497,209.57650108360974,42.065466859334656,1.2,0.43970001866676184,1.214287519937497
12.600000000000001,normal,-2.45,-2.884422331200626,1.2,0.2432627471344957,1.1839252014033883,1.2090056953321888,209.64921822822996,42.152620724200744,1.2,0.47889032696638567,1.2090056953321888
12.65,normal,-2.45,-2.9054223312006253,1.2,0.23365575491594465,1.180953873531281,1.2062628940009208,209.72944925168338,42.23835459503635,1.2,0.5209090373614702,1.2062628940009208
12.700000000000001,normal,-2.45,-2.9264223312006257,1.2,0.2245645879656423,1.1766558457341902,1.2061270240822701,209.80684579013828,42.32365410272446,1.2,0.5275038524294425,1.2061270240822701
12.75,normal,-2.45,-2.9474223312006247,1.2,0.21659114034066151,1.1710381830659728,1.2049168336273266,209.8770924969939,42.40929052384423,1.2,0.5152519679483688,1.2049168336273266
12.8,normal,-2.45,-2.968422331200626,1.2,0.21038034700101033,1.1641356580369864,1.2041925421345394,209.93735131150072,42.49560689098617,1.2,0.48385126356573205,1.2041925421345394
12.850000000000001,normal,-2.45,-2.9894223312006254,1.2,0.2062051803802595,1.1560272039184158,1.2052937723154546,209.986132881458,42.5826262914843,1.2,0.43537157680873284,1.2052937723154546
12.9,normal,-2.45,-3.0104223312006253,1.2,0.2039228013205941,1.146850888893462,1.208344731315434,210.02417494341796,42.670033365067155,1.2,0.3714410465799475,1.208344731315434
12.950000000000001,normal,-2.45,-3.0314223312006248,1.2,0.20325525723640406,1.1368136463766223,1.2132040803376916,210.05622808423342,42.75749247881939,1.2,0.31017355377655886,1.2132040803376916
13.0,normal,-2.45,-3.052422331200625,1.2,0.2038602783133378,1.1261910199208005,1.219502765202431,210.08670363150355,42.84458934122452,1.2,0.26459575721553563,1.219502765202431
13.05,normal,-2.45,-3.073422331200625,1.2,0.20531015200785743,1.1153148204973786,1.2267033128243225,210.12082863019094,42.93099938602627,1.2,0.27211859242788555,1.2267033128243225
13.100000000000001,normal,-2.45,-3.094422331200626,1.2,0.2071505697809044,1.1045509024846736,1.2341857626519872,210.16237229069168,43.01654560234222,1.2,0.3313270615631526,1.2341857626519872
13.15,normal,-2.45,-3.115422331200625,1.2,0.20899266644448306,1.0942714706548269,1.2353231055884153,210.21256982379268,43.10120771839391,1.2,0.3957731920819828,1.2353231055884153
13.200000000000001,normal,-2.45,-3.1364223312006256,1.2,0.21055358024144694,1.0848277960263706,1.2314640545997566,210.27012628016845,43.18509148321952,1.2,0.4431927302179445,1.2314640545997566
13.25,normal,-2.45,-3.1574223312006247,1.2,0.2116558787871013,1.0765277364444434,1.2287016489763727,210.33205349594462,43.26837724178488,1.2,0.46818648928643236,1.2287016489763727
13.3,normal,-2.45,-3.1784223312006255,1.2,0.2122123338284144,1.0696200010382682,1.2271608568012748,210.3947648876373,43.35128127046315,1.2,0.47256968000460214,1.2271608568012748
13.350000000000001,normal,-2.45,-3.1994223312006254,1.2,0.21220905325791875,1.064285077686708,1.2268541056611757,210.45496326311087,43.434072206310105,1.2,0.4621278253184219,1.2268541056611757
13.4,normal,-2.45,-3.2204223312006253,1.2,0.21169064055814815,1.0606316827070437,1.2276838014537244,210.51018991322587,43.5172105992212,1.2,0.44200743918612967,1.2276838014537244
13.450000000000001,normal,-2.45,-3.241422331200625,1.2,0.21074785378895683,1.0586973788088696,1.2294572854525336,210.55910381390177,43.60157461720708,1.2,0.414058166771852,1.2294572854525336
13.5,normal,-2.45,-3.262422331200625,1.2,0.2095076394006048,1.0584523071280358,1.231911103849257,210.60036224832044,43.687994020380586,1.2,0.3732637037656789,1.231911103849257
13.55,normal,-2.446577668799375,-3.28,1.2,0.20576367106564408,1.0598050547105635,1.2346963414875047,210.63033198963274,43.77668353343122,1.2,0.2859907427883884,1.2346963414875047
13.600000000000001,normal,-2.4255776687993738,-3.28,1.2,0.19143560137850124,1.062646764133205,1.2372988944952343,210.6523755871514,43.86669056420204,1.2,0.2665551534118241,1.2372988944952343
13.65,normal,-2.404577668799375,-3.2799999999999994,1.2,0.1787813260621052,1.0666563435524472,1.2317320932892986,210.6796655602282,43.9570416832691,1.2,0.295765453954287,1.2317320932892986
13.700000000000001,normal,-2.383577668799375,-3.28,1.2,0.1681736469616587,1.0714937892912837,1.2239596455547972,210.72042085734773,44.046972748158495,1.2,0.3526006159568099,1.2239596455547972
13.75,normal,-2.3625776687993754,-3.28,1.2,0.16414825348446155,1.0768185802258905,1.2193470693273878,210.77654534983617,44.13593160644335,1.2,0.40767897241159645,1.2193470693273878
13.8,normal,-2.3415776687993746,-3.28,1.2,0.16537712937459578,1.0823109750429127,1.2180978848333155,210.84295915533144,44.223560522017905,1.2,0.4468108081414088,1.2180978848333155
13.850000000000001,normal,-2.3205776687993747,-3.28,1.2,0.16897619355437535,1.0876941663468351,1.2200485516618307,210.91069859796963,44.30963182658692,1.2,0.4628629853215919,1.2200485516618307
13.9,normal,-2.299577668799375,-3.28,1.2,0.17457458246651442,1.0927539987121333,1.2203598866174126,210.97195459225227,44.393967815254484,1.2,0.4523004015898203,1.2203598866174126
13.950000000000001,normal,-2.278577668799375,-3.2800000000000002,1.2,0.18161972421012323,1.0973524778949983,1.2212009374384856,211.02343275850714,44.47638782347228,1.2,0.4211977263780802,1.2212009374384856
14.0,normal,-2.257577668799375,-3.28,1.2,0.18954443504573695,1.1014321377304563,1.2231041793030346,211.06536962602428,44.5567125758663,1.2,0.3784957761757363,1.2231041793030346
14.05,normal,-2.236577668799375,-3.28,1.2,0.19796443995672028,1.105010395203816,1.2257518795867084,211.1020469779147,44.63473424868739,1.2,0.346968361635016,1.2257518795867084
14.100000000000001,normal,-2.2155776687993742,-3.28,1.2,0.20662304544005666,1.1081654771166507,1.2248113262180318,211.13933556159577,44.710100077076106,1.2,0.35459455780329474,1.2248113262180318
14.15,normal,-2.1945776687993748,-3.2799999999999994,1.2,0.21530000359227164,1.1110156019348063,1.2250822424443841,211.18121734184663,44.7824526785635,1.2,0.38349537257010885,1.2250822424443841
14.200000000000001,normal,-2.1735776687993744,-3.2800000000000002,1.2,0.22380051350654945,1.1136966610852708,1.2266047850706305,211.22872630312554,44.8514492265925,1.2,0.4131539384397939,1.2266047850706305
14.25,normal,-2.1525776687993754,-3.28,1.2,0.23195512956921022,1.1163421764908643,1.2291966125189584,211.2805398743278,44.916757151327815,1.2,0.43181835780014516,1.2291966125189584
14.3,normal,-2.1315776687993746,-3.28,1.2,0.2396262921206942,1.1190677911860603,1.232589030526336,211.33622002416422,44.97820062737761,1.2,0.44602678020948777,1.232589030526336
14.350000000000001,normal,-2.1105776687993747,-3.28,1.2,0.2467117989381748,1.1219612298658572,1.2364603477933878,211.3948349163132,45.03582743170513,1.2,0.45460357941514073,1.2364603477933878
14.4,normal,-2.089577668799375,-3.2800000000000002,1.2,0.2531506358615556,1.1250777458808123,1.2404227948535038,211.45520235309,45.0900544161571,1.2,0.457883866036911,1.2404227948535038
14.450000000000001,normal,-2.068577668799375,-3.28,1.2,0.2589275555418221,1.128440560406547,1.2402956279827617,211.5161562583554,45.14193542738706,1.2,0.457659620443982,1.2402956279827617
14.5,normal,-2.0475776687993745,-3.28,1.2,0.264076099278884,1.1320455791451878,1.238542177847702,211.57679336272093,45.1930015862156,1.2,0.457895184564917,1.238542177847702
14.55,normal,-2.026577668799375,-3.28,1.2,0.26867938502847066,1.1358695735480304,1.236674919292034,211.6366046208882,45.2445042281069,1.2,0.46191496334569615,1.236674919292034
14.600000000000001,normal,-2.0055776687993743,-3.2799999999999994,1.2,0.27286675953784173,1.1398809017155096,1.234928627632675,211.6954306122306,45.297369644551836,1.2,0.4672720261216126,1.234928627632675
14.65,normal,-1.9845776687993752,-3.2800000000000002,1.2,0.2768029773000092,1.1440516589360532,1.2335269263902011,211.75327991124735,45.35236391766276,1.2,0.47004410090607707,1.2335269263902011
14.700000000000001,normal,-1.9635776687993745,-3.28,1.2,0.2806670103906139,1.1483699202331465,1.2326527268593297,211.81013481123483,45.41013888682235,1.2,0.4683950511326122,1.2326527268593297
14.75,normal,-1.9425776687993754,-3.28,1.2,0.28462295242114827,1.1528505763573156,1.232425339350525,211.86587608463475,45.47124859854774,1.2,0.4621302234449131,1.232425339350525
14.8,normal,-1.9215776687993746,-3.2799999999999994,1.2,0.28879451895522484,1.1575433090690412,1.2328876357659624,211.92028311848028,45.536135995594606,1.2,0.4517175105602577,1.2328876357659624
14.850000000000001,normal,-1.9005776687993745,-3.2799999999999994,1.2,0.29325939858263295,1.162536593149596,1.2340046949064551,211.97310482133167,45.605093560788774,1.2,0.437230579023581,1.2340046949064551
14.9,normal,-1.8795776687993748,-3.28,1.2,0.29806837651211965,1.1679572238216196,1.2356732665340473,212.02475655715347,45.67834909709576,1.2,0.4234923518732006,1.2356732665340473
14.950000000000001,normal,-1.8585776687993751,-3.28,1.2,0.3032619655592442,1.173965596907555,1.236985315449414,212.07610710157155,45.756088246306525,1.2,0.416555055150595,1.236985315449414
15.0,normal,-1.837577668799375,-3.28,1.2,0.3088847419656594,1.1807476392636875,1.2382091320047381,212.12840002321312,45.838478555274094,1.2,0.4249520748165233,1.2382091320047381
15.05,normal,-1.816577668799375,-3.2800000000000002,1.2,0.314984413153964,1.1885047140418417,1.2371667494433223,212.18302917325997,45.92568921359481,1.2,0.4443245999916523,1.2371667494433223
15.100000000000001,normal,-1.795577668799374,-3.28,1.2,0.3215957919790643,1.1974429419944481,1.2350868661835641,212.241263578603,46.017901499262464,1.2,0.46710154814311017,1.2350868661835641
15.15,normal,-1.774577668799375,-3.28,1.2,0.32871685517389104,1.2077632236022582,1.233631495810362,212.30403257252382,46.1153077845533,1.2,0.4898415634229485,1.233631495810362
15.200000000000001,normal,-1.7535776687993745,-3.28,1.2,0.33628981866867114,1.219652914865165,1.2328995362755861,212.37184743930624,46.21810049504095,1.2,0.5107250946355931,1.2328995362755861
15.25,normal,-1.7325776687993755,-3.2800000000000002,1.2,0.3441991528380835,1.2332797084559137,1.2329262409731254,212.44487210132706,46.326455273062166,1.2,0.528811657360005,1.2329262409731254
15.3,normal,-1.7115776687993745,-3.28,1.2,0.35228769380727337,1.2487878841306908,1.2336840392133526,212.52309217413048,46.440513651370324,1.2,0.5438103887078297,1.2336840392133526
15.350000000000001,normal,-1.6905776687993748,-3.28,1.2,0.3603806531690338,1.2662967674584407,1.2350904440427688,212.6064966814947,46.560369610442955,1.2,0.5559097241110106,1.2350904440427688
15.4,normal,-1.6695776687993749,-3.28,1.2,0.3683059470292862,1.2859009964700654,1.237021430801694,212.69519329664698,46.68606228261568,1.2,0.5656495175587051,1.237021430801694
15.450000000000001,normal,-1.6485776687993747,-3.2799999999999994,1.2,0.37590577746815096,1.3076720475786197,1.2393278955761973,212.78941827986628,46.81757492256243,1.2,0.5738051972066565,1.2393278955761973
15.5,normal,-1.627577668799375,-3.28,1.2,0.38304049176653615,1.3316604135951868,1.2418526368956737,212.88945257753375,46.95483885076183,1.2,0.5812390396686071,1.2418526368956737
15.55,normal,-1.6065776687993751,-3.28,1.2,0.38958793321012514,1.3578978535651234,1.244418381534798,212.9947000370697,47.09769838178567,1.2,0.5855617161062071,1.244418381534798
15.600000000000001,normal,-1.5855776687993743,-3.28,1.2,0.39545026162755953,1.3863992384883375,1.2468555301389372,213.1048059529843,47.24594421784119,1.2,0.5889893825400017,1.2468555301389372
15.65,normal,-1.5645776687993753,-3.28,1.2,0.4005458962918434,1.4171636725300725,1.2490279835321227,213.21959558310996,47.399345903245575,1.2,0.5940264616291558,1.2490279835321227
15.700000000000001,normal,-1.5435776687993747,-3.28,1.2,0.4048029536854699,1.4501747687481186,1.2508395505915613,213.33863773055413,47.557659698572955,1.2,0.6012494600346125,1.2508395505915613
15.75,normal,-1.5225776687993755,-3.28,1.2,0.40815921746889466,1.4854001617119357,1.252287780729413,213.45920462382426,47.72059974398815,1.2,0.6064605667809871,1.252287780729413
15.8,normal,-1.501577668799375,-3.2800000000000002,1.2,0.4105733599851268,1.5227904994254313,1.2534207377783881,213.58000366045286,47.88786735698842,1.2,0.6112685759170357,1.2534207377783881
15.850000000000001,normal,-1.4805776687993748,-3.28,1.2,0.4120194362617692,1.5622777220807396,1.2542980426718866,213.70103175178787,48.05917384428173,1.2,0.6168048726425814,1.2542980426718866
15.9,normal,-1.459577668799375,-3.28,1.2,0.41248312435957024,1.6037734109347075,1.2549850734905539,213.82224724146747,48.2342393711842,1.2,0.6221053666763461,1.2549850734905539
15.950000000000001,normal,-1.4385776687993752,-3.2800000000000002,1.2,0.41196440100410764,1.6471678460022203,1.2555474263443247,213.94356065259873,48.41279005869278,1.2,0.6265499705970893,1.2555474263443247
16.0,normal,-1.417577668799375,-3.2799999999999994,1.2,0.4104799058633876,1.6451944929165792,1.2569481184251334,214.06463985847756,48.59316416264828,1.2,0.62848261724634,1.2569481184251334
16.05,normal,-1.3965776687993752,-3.28,1.2,0.4082741273522035,1.6384954558372011,1.2592683408191307,214.18623818395082,48.774887560014974,1.2,0.6268476616251552,1.2592683408191307
16.1,normal,-1.3755776687993746,-3.28,1.2,0.4054158687398431,1.6333250229129828,1.2623485584781449,214.30808323709638,48.95773560068033,1.2,0.6232539680337807,1.2623485584781449
16.150000000000002,normal,-1.3545776687993745,-3.2799999999999994,1.2,0.4019552404303668,1.6297378819214945,1.2592649377629435,214.43023867113334,49.14140946097737,1.2,0.6189930586229347,1.2592649377629435
16.2,normal,-1.3335776687993757,-3.2800000000000002,1.2,0.39797336830704266,1.6277801781989867,1.2550928757290511,214.55372568477162,49.32554965001932,1.2,0.6170673452464995,1.2550928757290511
16.25,normal,-1.3125776687993747,-3.28,1.2,0.3935766129870959,1.6274884277063153,1.2503509780394504,214.68038571011328,49.50975124005556,1.2,0.6204828964421845,1.2503509780394504
16.3,normal,-1.2915776687993745,-3.28,1.2,0.38888960041313486,1.628887671577255,1.245360633921444,214.8125424822224,49.69358079719293,1.2,0.6310233631184335,1.245360633921444
16.35,normal,-1.2705776687993748,-3.2800000000000002,1.2,0.3840470828203409,1.631989048855643,1.2404449874865284,214.95205657759968,49.87660268613246,1.2,0.6467729811196972,1.2404449874865284
16.400000000000002,normal,-1.2495776687993743,-3.2800000000000002,1.2,0.3791864072541264,1.6367716688165417,1.2359104725567118,215.09916420143236,50.05850947498773,1.2,0.6599363301251561,1.2359104725567118
16.45,normal,-1.2285776687993748,-3.28,1.2,0.374419811177663,1.643165344801723,1.232028412377916,215.25388829930424,50.23901868943654,1.2,0.6725511830408524,1.232028412377916
16.5,normal,-1.2075776687993751,-3.2800000000000002,1.2,0.3698449149388334,1.6510836563609153,1.2290182499860873,215.4147887676242,50.41786685244063,1.2,0.6830167085214092,1.2290182499860873
16.55,normal,-1.1865776687993752,-3.2800000000000002,1.2,0.36554379832787304,1.6604227691963747,1.2270341783203538,215.57894925157657,50.594825881945056,1.2,0.6893314780367573,1.2270341783203538
16.6,normal,-1.1655776687993742,-3.2799999999999994,1.2,0.3615796684697067,1.6710607924512035,1.22615679535032,215.74249365300122,50.76971663545733,1.2,0.6902137020450063,1.22615679535032
16.650000000000002,normal,-1.1445776687993743,-3.28,1.2,0.3579955787029031,1.6828579087133577,1.2263909009356206,215.90144727523116,50.9424183649578,1.2,0.6853695058434768,1.2263909009356206
16.7,normal,-1.1235776687993755,-3.28,1.2,0.3548144962808661,1.695657501586369,1.2276697596824513,216.0526650218859,51.1128737190071,1.2,0.675522568037183,1.2276697596824513
16.75,normal,-1.1025776687993745,-3.2799999999999994,1.2,0.3520400117209429,1.7092884751628188,1.2298652446445357,216.19450708970896,51.281089897020294,1.2,0.6622524489568138,1.2298652446445357
16.8,normal,-1.0815776687993748,-3.2800000000000002,1.2,0.34965732543379857,1.7235688909403768,1.232802458829331,216.327048679933,51.44713719791084,1.2,0.6476930417859068,1.232802458829331
16.85,normal,-1.0605776687993749,-3.28,1.2,0.3476345603212228,1.7383109210886523,1.2362768884195177,216.4518051837052,51.61114611218324,1.2,0.6341159321168014,1.2362768884195177
16.900000000000002,normal,-1.039577668799374,-3.28,1.2,0.34592470873717723,1.7533269231609383,1.2400719733986905,216.57113428037803,51.77330315189185,1.2,0.6234364285615432,1.2400719733986905
16.95,normal,-1.018577668799375,-3.2800000000000002,1.2,0.3444685197567124,1.768436196692363,1.2439751855791354,216.68756111096894,51.933844155962305,1.2,0.616756575507394,1.2439751855791354
17.0,normal,-0.9975776687993752,-3.2799999999999994,1.2,0.34319838153069904,1.7834717398450042,1.2464195427368763,216.80324367326628,52.093042794415105,1.2,0.6141345896418148,1.2464195427368763
17.05,normal,-0.976577668799374,-3.2799999999999994,1.2,0.34204288872830635,1.7982861684563451,1.2460593622813663,216.9196901829042,52.251192660070245,1.2,0.614712284069167,1.2460593622813663
17.1,normal,-0.9555776687993747,-3.2800000000000002,1.2,0.3409315040534613,1.8127559744914457,1.2464365365386998,217.03772061525325,52.408584174738984,1.2,0.6171237105443282,1.2464365365386998
17.150000000000002,normal,-0.9345776687993744,-3.28,1.2,0.3397986665509973,1.8267835233191538,1.2474358495170013,217.15758473101593,52.56548106350539,1.2,0.6199509076684573,1.2474358495170013
17.2,normal,-0.9135776687993757,-3.2800000000000002,1.2,0.3385868691282127,1.8402965768268833,1.2488966527763044,217.27913108709893,52.72210247111589,1.2,0.6220357955074522,1.2488966527763044
17.25,normal,-0.892577668799375,-3.2800000000000002,1.2,0.33724850889081404,1.8532455681401376,1.2506302633790167,217.4019530915513,52.87861454897786,1.2,0.6226047046072567,1.2506302633790167
17.3,normal,-0.8715776687993748,-3.2799999999999994,1.2,0.3357465713053336,1.865599209695975,1.2524381138497245,217.5254865720424,53.03506299400049,1.2,0.6212617084553425,1.2524381138497245
17.35,normal,-0.8505776687993749,-3.28,1.2,0.3340590075407358,1.8773391981296468,1.2541279652796005,217.6490046120837,53.191435743102346,1.2,0.6178203423809986,1.2541279652796005
17.400000000000002,normal,-0.8295776687993743,-3.2800000000000002,1.2,0.33217311026216456,1.888454771333499,1.2555273988814648,217.77174426407637,53.34771984068832,1.2,0.613462814343045,1.2555273988814648
17.45,normal,-0.8085776687993751,-3.28,1.2,0.33007903256410903,1.8989377138555665,1.2564942760454478,217.89379837059255,53.50399385412589,1.2,0.6179936579476104,1.2564942760454478
17.5,normal,-0.787577668799375,-3.28,1.2,0.32774785008849017,1.9087781989012031,1.256924024472648,218.0146602611178,53.660369899176686,1.2,0.6215710427458129,1.256924024472648
17.55,normal,-0.7665776687993744,-3.28,1.2,0.3251498006346095,1.9179616626840665,1.2546078175927686,218.13289689243786,53.81720568736674,1.2,0.6198230174997608,1.2546078175927686
17.6,normal,-0.7455776687993743,-3.28,1.2,0.3222127046835625,1.9264368311196136,1.2419755550313738,218.2506065558388,53.97486824411099,1.2,0.6299720436864401,1.2419755550313738
17.650000000000002,normal,-0.7245776687993746,-3.28,1.2,0.3188668509041251,1.9341345301972044,1.2299312196475782,218.36857502326916,54.13361554426826,1.2,0.6466054597530413,1.2299312196475782
17.7,normal,-0.7035776687993753,-3.28,1.2,0.3150629445563619,1.9409830537471826,1.2193166405170806,218.48976749260308,54.29356978664018,1.2,0.6675966029276316,1.2193166405170806
17.75,normal,-0.6825776687993748,-3.28,1.2,0.3107709689121944,1.9469104198695637,1.21087622932272,218.61830144620177,54.45484895851921,1.2,0.6922638204106424,1.21087622932272
17.8,normal,-0.6615776687993746,-3.28,1.2,0.30595634312726583,1.95184715997566,1.2051641874845906,218.7543572345188,54.61754496724551,1.2,0.7120678514617786,1.2051641874845906
17.85,normal,-0.6405776687993747,-3.28,1.2,0.30058849719792785,1.9557294225381667,1.2024648818896204,218.8944915443883,54.78181529626255,1.2,0.7231791398818166,1.2024648818896204
17.900000000000002,normal,-0.6195776687993739,-3.28,1.2,0.2946226860369032,1.958502668305545,1.202654854715465,219.02973919573577,54.94773347062558,1.2,0.7182999753586795,1.202654854715465
17.95,normal,-0.5985776687993752,-3.28,1.2,0.2880381933090276,1.9601258674819586,1.2051629146200826,219.15284675762274,55.11515791540329,1.2,0.6924100143144927,1.2051629146200826
18.0,normal,-0.577577668799375,-3.28,1.2,0.28088015929418914,1.9605758602766905,1.2092163939840106,219.27039710976572,55.28389846407029,1.2,0.6632006238168343,1.2092163939840106
18.05,normal,-0.5565776687993745,-3.28,1.2,0.27323276617118825,1.9598514872096822,1.2131406462373837,219.3926595921436,55.45376553096624,1.2,0.6400787413289308,1.2131406462373837
18.1,normal,-0.5355776687993743,-3.28,1.2,0.2652297779806774,1.9579768852448394,1.2065568081366573,219.52658819628223,55.6246008055483,1.2,0.6875287152636309,1.2065568081366573
18.150000000000002,normal,-0.5145776687993744,-3.28,1.2,0.25706537565135096,1.955003242719901,1.2036679052525463,219.67017145198187,55.79627014117142,1.2,0.7287691471010891,1.2036679052525463
18.2,normal,-0.4935776687993754,-3.28,1.2,0.24897946168566082,1.9510084053382235,1.2045964926365065,219.81229490142778,55.96857866849164,1.2,0.7327341980158014,1.2045964926365065
18.25,normal,-0.47257766879937485,-3.28,1.2,0.24117744970670812,1.9460773334639694,1.2090174144613597,219.93997151861163,56.141264128200056,1.2,0.6998120517509199,1.2090174144613597
18.3,normal,-0.45157766879937467,-3.2799999999999994,1.2,0.2336924647600024,1.9403108175508212,1.2162461235821411,220.04542226856194,56.31399002197652,1.2,0.6390852791650707,1.2162461235821411
18.35,normal,-0.4305776687993741,-3.28,1.2,0.2263797646600257,1.9338252426330318,1.2253824546830976,220.12892915938562,56.48635594459361,1.2,0.5650538829967318,1.2253824546830976
18.400000000000002,normal,-0.40957766879937396,-3.28,1.2,0.2190699562081468,1.9267452635930031,1.230089783376531,220.19672686787834,56.657932639094525,1.2,0.49500761593467413,1.230089783376531
18.45,normal,-0.3885776687993753,-3.2800000000000002,1.2,0.21169256375423115,1.9191967081277526,1.230107244457115,220.2567264047296,56.828302059845136,1.2,0.45217423860334305,1.230107244457115
18.5,normal,-0.36757766879937503,-3.2799999999999994,1.2,0.2043192816182629,1.9113004208756428,1.2302347035203276,220.31515047587573,56.99708761329949,1.2,0.4518677587449719,1.2302347035203276
18.55,normal,-0.34657766879937457,-3.28,1.2,0.1972673939488573,1.903167491895892,1.2305585762753846,220.37442898271104,57.163888269450716,1.2,0.46066824366342524,1.2305585762753846
18.6,normal,-0.32557766879937433,-3.28,1.2,0.19151176765068584,1.894896045859576,1.231070866085714,220.434786189124,57.32832114737488,1.2,0.4646968632105355,1.231070866085714
18.650000000000002,normal,-0.3045776687993744,-3.28,1.2,0.18779535984904389,1.8865695570629903,1.231751114864485,220.49573813696492,57.49008822614037,1.2,0.46479651777492076,1.231751114864485
18.7,normal,-0.2835776687993754,-3.2799999999999994,1.2,0.184818291990391,1.8782565178208406,1.2325684567497184,220.55607401845663,57.6489706947761,1.2,0.46043226091877915,1.2325684567497184
18.75,normal,-0.26257766879937483,-3.28,1.2,0.18177879681825204,1.8700112171906274,1.232623374261191,220.61465302930208,57.80478351891653,1.2,0.4550532004638324,1.232623374261191
18.8,normal,-0.2415776687993748,-3.28,1.2,0.17861943038066458,1.8618570712868745,1.231781325743344,220.67028797375622,57.95738780220647,1.2,0.44708159755025373,1.231781325743344
18.85,normal,-0.22057766879937413,-3.2799999999999994,1.2,0.176528610593176,1.85379444178288,1.2309127271422529,220.7219700737225,58.106701450284014,1.2,0.43489145657545586,1.2309127271422529
18.900000000000002,normal,-0.199577668799374,-3.2799999999999994,1.2,0.17632467783203962,1.8458127599254517,1.2300560166487815,220.7694028459033,58.25267992719942,1.2,0.4202453548768669,1.2300560166487815
18.95,normal,-0.1785776687993752,-3.28,1.2,0.176132931108521,1.83789484481345,1.2292486870658643,220.81192438175628,58.39532769257288,1.2,0.4016130376277253,1.2292486870658643
19.0,normal,-0.15757766879937507,-3.28,1.2,0.1757286791798116,1.8300216312172457,1.228524384347995,220.84944756451293,58.53468120852865,1.2,0.380411197863702,1.228524384347995
19.05,normal,-0.13657766879937527,-3.28,1.2,0.1751597302547903,1.8221769027947239,1.2279105980228306,220.88218042019918,58.67079958980123,1.2,0.3571735149355123,1.2279105980228306
19.1,normal,-0.11557766879937437,-3.28,1.2,0.17450336957955015,1.8143515989055683,1.2274268418824323,220.91109462513407,58.803703224022236,1.2,0.33473581259364205,1.2274268418824323
19.150000000000002,normal,-0.0945776687993739,-3.28,1.2,0.17383259627857334,1.8065472717961983,1.2270832448489832,220.93813518055003,58.933331722408525,1.2,0.31734305965595994,1.2270832448489832
19.200000000000003,normal,-0.07357766879937466,-3.28,1.2,0.17320176354869962,1.7987783354512394,1.2268800409781706,220.96455279828402,59.05962924786401,1.2,0.30313150838078984,1.2268800409781706
19.25,normal,-0.05257766879937564,-3.2800000000000002,1.2,0.17264668765697352,1.7910728665066051,1.226807973997056,220.9911140164343,59.18255341679021,1.2,0.294649783221218,1.226807973997056
19.3,normal,-0.031577668799374736,-3.28,1.2,0.17218443880943884,1.7834718869423407,1.226849565495571,221.0179191029926,59.302083630426864,1.2,0.29462108610502374,1.226849565495571
19.35,normal,-0.010577668799374162,-3.28,1.2,0.17181587386340608,1.776027245484611,1.226981150951824,221.04445819166276,59.418226230443715,1.2,0.2968638728100171,1.226981150951824
19.400000000000002,normal,0.010422331200626633,-3.28,1.2,0.1715299691952264,1.7687983870449815,1.2271755442532581,221.06989944438618,59.53101515943345,1.2,0.29556573883416126,1.2271755442532581
19.450000000000003,normal,0.031422331200625764,-3.2800000000000002,1.2,0.17130881228920627,1.7618484257522693,1.2274051269686197,221.0934814241877,59.640508572051864,1.2,0.2895427936906345,1.2274051269686197
19.5,normal,0.052422331200624894,-3.28,1.2,0.17113211614440096,1.7552399948514785,1.227645066513443,221.11482321052378,59.746783197940985,1.2,0.27969709933879283,1.227645066513443
19.55,normal,0.07342233120062547,-3.2800000000000002,1.2,0.17098041135989211,1.7490313288555988,1.227876268646731,221.13402065627943,59.8499286626824,1.2,0.2679524120512721,1.227876268646731
19.6,normal,0.09442233120062637,-3.28,1.2,0.17083655246460883,1.743272950009107,1.2280876109464962,221.1515267087822,59.95004350166392,1.2,0.25638490554059395,1.2280876109464962
19.650000000000002,normal,0.1154223312006254,-3.2799999999999994,1.2,0.17068566049279915,1.7380052061177018,1.228277036700075,221.16792288396437,60.047233714257,1.2,0.24626879783665584,1.228277036700075
19.700000000000003,normal,0.1364223312006263,-3.28,1.2,0.17051397076605843,1.733256769410524,1.228451240231713,221.1837120329452,60.14161386552462,1.2,0.23781400146836354,1.228451240231713
19.75,normal,0.157422331200625,-3.2799999999999994,1.2,0.17030723088765945,1.7290440823535125,1.228623925945863,221.1992089256399,60.23331019004141,1.2,0.23075365174470575,1.228623925945863
19.8,normal,0.178422331200626,-3.28,1.2,0.17004932801023903,1.7253716430288146,1.2288129099505916,221.21453178867642,60.32246487766804,1.2,0.22532805596531685,1.2288129099505916
19.85,normal,0.19942233120062508,-3.28,1.2,0.16972173480738026,1.7222329658562625,1.2290365712650348,221.229653389487,60.409240586754095,1.2,0.22389537143788862,1.2290365712650348
19.900000000000002,normal,0.220422331200626,-3.28,1.2,0.16930414879952072,1.7196120303587326,1.2293102817233958,221.24446599017375,60.49382415134605,1.2,0.22397788933066803,1.2293102817233958
19.950000000000003,normal,0.2414223312006265,-3.2799999999999994,1.2,0.16877638639142553,1.7174850336684058,1.2296434235191394,221.25883353270808,60.57642848276893,1.2,0.22210174030358107,1.2296434235191394
20.0,normal,0.2624223312006256,-3.28,1.2,0.16812127051599474,1.715822282410557,1.230037459464583,221.27262494621328,60.65729193838673,1.2,0.21766457219397858,1.230037459464583
20.05,normal,0.28342233120062466,-3.28,1.2,0.16732804193994816,1.7145900883475447,1.2304853021455338,221.28573319604254,60.73667498178248,1.2,0.21037176311385258,1.2304853021455338
20.1,normal,0.3044223312006256,-3.28,1.2,0.16639581637489204,1.7137525636766417,1.230971991786004,221.29808597948528,60.814854645446424,1.2,0.20004239318671307,1.230971991786004
20.150000000000002,normal,0.32542233120062614,-3.28,1.2,0.16533681864624658,1.713273242329659,1.2314764879202915,221.30965128706723,60.892117846065844,1.2,0.18669738361492955,1.2314764879202915
20.200000000000003,normal,0.34642233120062704,-3.28,1.2,0.16417954601974113,1.713116480993233,1.231974238368707,221.32043887929478,60.96875474384002,1.2,0.17061954710147675,1.231974238368707
20.25,normal,0.3674223312006243,-3.28,1.2,0.16297278103952118,1.7132486169989347,1.2324401224761925,221.3304983535666,61.045053038607364,1.2,0.15254578241856115,1.2324401224761925
20.3,normal,0.3884223312006252,-3.28,1.2,0.16179316416504835,1.713638879424404,1.232851369299958,221.33991486522325,61.12129354691535,1.2,0.14348939442563613,1.232851369299958
20.35,normal,0.4094223312006258,-3.28,1.2,0.16076384942662347,1.7142600644972843,1.233190108925114,221.34880332334149,61.19774688736829,1.2,0.14380857641962275,1.233190108925114
20.400000000000002,normal,0.4304223312006267,-3.28,1.2,0.1600980648273512,1.7150889963683582,1.2334453040070659,221.35730065408882,61.27467081947485,1.2,0.14917933713792614,1.2334453040070659
20.450000000000003,normal,0.45142233120062575,-3.28,1.2,0.16011457443349922,1.7161067991344012,1.2336139066444831,221.3655544630338,61.35230778110155,1.2,0.15553279063032135,1.2336139066444831
20.5,normal,0.4724223312006249,-3.2799999999999994,1.2,0.16095142351216193,1.7172990055753816,1.2337011755609109,221.3737065876297,61.430882370480184,1.2,0.16147751726671855,1.2337011755609109
20.55,normal,0.4934223312006254,-3.28,1.2,0.16236016007575912,1.7186555231491707,1.2337201617196016,221.3818723204942,61.51059878277905,1.2,0.16604905062360026,1.2337201617196016
20.6,normal,0.5144223312006262,-3.28,1.2,0.1640713459298262,1.720170470171726,1.233690427682498,221.39011962540715,61.59163841306339,1.2,0.16892705155690507,1.233690427682498
20.650000000000002,normal,0.5354223312006254,-3.28,1.2,0.16592529222374328,1.7218418875274328,1.2336361146578898,221.3984552574644,61.67415791053224,1.2,0.17016598888562434,1.2336361146578898
20.700000000000003,normal,0.5564223312006263,-3.2799999999999994,1.2,0.16781932146692907,1.7236713266365347,1.2335835196354825,221.40682417170245,61.75828791945993,1.2,0.17000680802609824,1.2335835196354825
20.75,normal,0.577422331200625,-3.28,1.2,0.1696784612822968,1.7256633149036853,1.2335375391545778,221.41512445014249,61.844132626923084,1.2,0.1687838412425012,1.2335375391545778
20.8,normal,0.5984223312006259,-3.2799999999999994,1.2,0.17144638128571113,1.7278247060286755,1.233538360214448,221.42323398029117,61.93177012017969,1.2,0.16684547102626085,1.233538360214448
20.85,normal,0.619422331200625,-3.28,1.2,0.17308149488964464,1.7301639330765965,1.2336748511163604,221.43104039019673,62.0212534743561,1.2,0.16447926780551295,1.2336748511163604
20.900000000000002,normal,0.6404223312006259,-3.28,1.2,0.17455398308370068,1.7326901943945083,1.2338424529157048,221.43846475198833,62.112612446736414,1.2,0.16186859469624287,1.2338424529157048
20.950000000000003,normal,0.6614223312006264,-3.28,1.2,0.17584317006411618,1.735412613195249,1.2340866117956761,221.44547260730621,62.20585563231686,1.2,0.15909370626484476,1.2340866117956761
21.0,normal,0.6824223312006256,-3.28,1.2,0.17693532397705555,1.7383394183346526,1.2343990896014105,221.45207109690762,62.30097292306447,1.2,0.15616409668943027,1.2343990896014105
21.05,normal,0.7034223312006247,-3.28,1.2,0.17782193361120568,1.7414771951476595,1.2347636551203538,221.45829576913567,62.39793810781874,1.2,0.15306037801997915,1.2347636551203538
21.1,normal,0.7244223312006255,-3.28,1.2,0.17849844054867586,1.744830251240376,1.2351577473334074,221.464193154751,62.49671145563688,1.2,0.14976654514760362,1.2351577473334074
21.150000000000002,normal,0.7454223312006261,-3.28,1.2,0.17896337042130017,1.7484001340178361,1.235554778851358,221.46980506924433,62.597242146755576,1.2,0.14628183950072687,1.235554778851358
21.200000000000003,normal,0.7664223312006271,-3.28,1.2,0.17921779232466056,1.752185326165376,1.2359267980079542,221.47515864690408,62.699470450954344,1.2,0.1426145335427021,1.2359267980079542
21.25,normal,0.7874223312006243,-3.28,1.2,0.1792650287599352,1.7561811339682936,1.236247202971184,221.48026351951066,62.80332959640638,1.2,0.13877200291332675,1.236247202971184
21.3,normal,0.8084223312006252,-3.28,1.2,0.179110536455905,1.7603797724681811,1.236493218477216,221.48511528097555,62.90874731443377,1.2,0.13476583464699893,1.236493218477216
21.35,normal,0.8294223312006258,-3.28,1.2,0.17876188215920782,1.7647706415892574,1.2366478961049183,221.48970291595242,63.015647079501086,1.2,0.130638849474023,1.2366478961049183
21.400000000000002,normal,0.8504223312006266,-3.28,1.2,0.1782287478156551,1.7693407784993067,1.2367014699076788,221.4940173176825,63.12394908498812,1.2,0.1264952955512156,1.2367014699076788
21.450000000000003,normal,0.8714223312006256,-3.2799999999999994,1.2,0.17752291532548667,1.7740754631996858,1.2366519784358803,221.49805826487608,63.233571003083334,1.2,0.12250088311998222,1.2366519784358803
21.5,normal,0.8924223312006246,-3.28,1.2,0.17665819919470566,1.7789589462240192,1.236505141810412,221.50183806094276,63.34442857391515,1.2,0.11883547414642145,1.236505141810412
21.55,normal,0.9134223312006254,-3.28,1.2,0.17565031209772367,1.7839752592128713,1.2362735517404952,221.50538120209205,63.456436059215484,1.2,0.1156186254380124,1.2362735517404952
21.6,normal,0.9344223312006262,-3.28,1.2,0.17451666031393248,1.7891090614068095,1.2359752892030236,221.50872063526856,63.569506584533016,1.2,0.1128556330048407,1.2359752892030236
21.650000000000002,normal,0.9554223312006253,-3.2799999999999994,1.2,0.17327607146122662,1.7943464687587591,1.2356321268403714,221.51189208561306,63.68355238575474,1.2,0.11043730745473108,1.2356321268403714
21.700000000000003,normal,0.9764223312006262,-3.2800000000000002,1.2,0.17194845628335056,1.7996758088626408,1.235267499951813,221.51492833056102,63.798484973046655,1.2,0.10818179836636102,1.235267499951813
21.75,normal,0.997422331200625,-3.28,1.2,0.17055440197053814,1.805088245776224,1.2349044406433145,221.5178550766664,63.91421522838002,1.2,0.10588326799635868,1.2349044406433145
21.8,normal,1.0184223312006258,-3.28,1.2,0.16911469093116388,1.8105782252316895,1.234563663938644,221.52068936251467,64.03065345936169,1.2,0.10334666379566788,1.234563663938644
21.85,normal,1.0394223312006248,-3.28,1.2,0.16764974147569908,1.8161437029691954,1.2342619727003779,221.52344045603368,64.14770943864886,1.2,0.10040988152019689,1.2342619727003779
21.900000000000002,normal,1.0604223312006256,-3.2799999999999994,1.2,0.16617898056195396,1.8217861361660728,1.2340111114552281,221.52611240212923,64.26529246147334,1.2,0.09696188918590028,1.2340111114552281
21.950000000000003,normal,1.0814223312006266,-3.28,1.2,0.16472018584112194,1.827510238262197,1.2338171506942277,221.52870699584554,64.38331145184296,1.2,0.0929636687815262,1.2338171506942277
22.0,normal,1.1024223312006256,-3.28,1.2,0.16328887110113605,1.833323518289126,1.2336804277333329,221.53122609746234,64.50167514097353,1.2,0.0885022201986159,1.2336804277333329
22.05,normal,1.1234223312006244,-3.28,1.2,0.16189782458983387,1.8392356443529054,1.2335960139497104,221.53367273208914,64.62029233133127,1.2,0.08424046009911683,1.2335960139497104
22.1,normal,1.1444223312006252,-3.28,1.2,0.1605569283886164,1.8452576849141489,1.2335546277616727,221.53605104416192,64.73907224901578,1.2,0.08253268582649087,1.2335546277616727
22.150000000000002,normal,1.165422331200626,-3.2800000000000002,1.2,0.15927338178868988,1.828595350820667,1.2335438739340285,221.53836562273113,64.85792497842235,1.2,0.08176835572341365,1.2335438739340285
22.200000000000003,normal,1.1864223312006268,-3.28,1.2,0.15805244281133798,1.8102730810463072,1.2335496666414574,221.54062082228123,64.97676196736002,1.2,0.08054042470868998,1.2335496666414574
22.25,normal,1.207422331200624,-3.28,1.2,0.15689886507007964,1.7918896770901969,1.2335576876822807,221.5428205019819,65.0954965879013,1.2,0.07889853741507628,1.2335576876822807
22.3,normal,1.2284223312006248,-3.2799999999999994,1.2,0.15581953877416618,1.7734637513450304,1.2335547412442396,221.54496825510228,65.21404473711264,1.2,0.07767373091985785,1.2335547412442396
22.35,normal,1.2494223312006256,-3.2800000000000002,1.2,0.15482899004355405,1.755014827271302,1.2335298896174802,221.54706789466096,65.33232546116311,1.2,0.07764361764401798,1.2335298896174802
22.400000000000002,normal,1.2704223312006264,-3.28,1.2,0.15396267892428633,1.7365630904387033,1.2334752860067466,221.5491238324403,65.45026158526063,1.2,0.07796025898778253,1.2334752860067466
22.450000000000003,normal,1.2914223312006254,-3.28,1.2,0.15330534062853177,1.718129041777696,1.2333866566248282,221.55114105863237,65.56778033027007,1.2,0.07809483466752962,1.2333866566248282
22.5,normal,1.3124223312006245,-3.28,1.2,0.15298361791053489,1.699733078612583,1.2332634204886965,221.55312462850355,65.68481389521071,1.2,0.07812591054310579,1.2332634204886965
22.55,normal,1.3334223312006253,-3.2800000000000002,1.2,0.1529900089633524,1.6813950382745093,1.233108468542586,221.55507878179256,65.80129998393492,1.2,0.07861253948656573,1.233108468542586
22.6,normal,1.354422331200626,-3.28,1.2,0.15316972078481803,1.6631337442552916,1.2329276515708167,221.55700596813386,65.9171822549451,1.2,0.07969097386788841,1.2329276515708167
22.650000000000002,normal,1.375422331200625,-3.28,1.2,0.15341231212205,1.6449665956022652,1.2327290473324672,221.55890608428234,66.03241067601608,1.2,0.08070113648201246,1.2327290473324672
22.700000000000003,normal,1.3964223312006259,-3.28,1.2,0.15366799967663208,1.6269092366748599,1.2325220905995944,221.5607761541022,66.1469417701457,1.2,0.08132549650093904,1.2325220905995944
22.75,normal,1.4174223312006249,-3.28,1.2,0.1539142891306819,1.6089753369963413,1.2323166549765616,221.5626105420623,66.26073874600071,1.2,0.08148833695043005,1.2323166549765616
22.8,normal,1.4384223312006257,-3.2799999999999994,1.2,0.15414029940657964,1.5911765005728078,1.2321221726469753,221.56440163864838,66.37377151372162,1.2,0.0811891592280907,1.2321221726469753
22.85,normal,1.4594223312006247,-3.28,1.2,0.1543408163898033,1.5735223117784167,1.2319468681462677,221.56614083811866,66.48601659467677,1.2,0.08045751738638943,1.2319468681462677
22.900000000000002,normal,1.4804223312006255,-3.28,1.2,0.15451378618802844,1.556020511920398,1.2317971660347682,221.5678195744212,66.59745694039574,1.2,0.07933788012543037,1.2317971660347682
22.950000000000003,normal,1.5014223312006263,-3.28,1.2,0.15465905385950962,1.538677288148267,1.2316773116343858,221.56943019757526,66.70808168047583,1.2,0.07788253217557266,1.2316773116343858
23.0,normal,1.5224223312006253,-3.2800000000000002,1.2,0.1547776072822255,1.521497645669062,1.2315892209363484,221.57096654767813,66.81788582113123,1.2,0.07614796053549727,1.2315892209363484
23.05,normal,1.5434223312006243,-3.28,1.2,0.15487106183642635,1.5044858263515917,1.231532552788059,221.57242418861296,66.92686991517373,1.2,0.07419323999246703,1.231532552788059
23.1,normal,1.5644223312006256,-3.28,1.2,0.15494128627264944,1.4876457325884005,1.2315049758861147,221.57380036311602,67.035039721071,1.2,0.0720791113843534,1.2315049758861147
23.150000000000002,normal,1.5854223312006264,-3.2799999999999994,1.2,0.15499013028369618,1.4709813152335507,1.231502586940437,221.57509379376017,67.14240586424434,1.2,0.06986639939369811,1.231502586940437
23.200000000000003,normal,1.6064223312006272,-3.28,1.2,0.15501923629270037,1.4544968886148484,1.2315204259977748,221.5763044638543,67.2489835089988,1.2,0.06761292605543212,1.2315204259977748
23.25,normal,1.6274223312006246,-3.2799999999999994,1.2,0.15502992507299876,1.438197343616831,1.2315530308969793,221.57743347180565,67.35479204533098,1.2,0.06536920336173829,1.2315530308969793
23.3,normal,1.6484223312006252,-3.2800000000000002,1.2,0.15502314603562684,1.4220882407641324,1.2315949749489938,221.57848298399247,67.45985479185615,1.2,0.06317437660680378,1.2315949749489938
23.35,normal,1.6694223312006262,-3.28,1.2,0.1549994822014325,1.4061757778460573,1.2316413392942611,221.57945624522415,67.56419871431522,1.2,0.06105415389171276,1.2316413392942611
23.400000000000002,normal,1.6904223312006268,-3.28,1.2,0.1549591987704229,1.3904666394430112,1.2316880826360952,221.58035756881173,67.66785415827073,1.2,0.05902135352704002,1.2316880826360952
23.450000000000003,normal,1.711422331200626,-3.2799999999999994,1.2,0.15490232358944644,1.3749677472739845,1.2317322846161365,221.58119223192557,67.77085459421212,1.2,0.05707818598312333,1.2317322846161365
23.5,normal,1.7324223312006248,-3.2799999999999994,1.2,0.15482874795528573,1.3596859393272804,1.2317722534290616,221.58196624016568,67.87323637291698,1.2,0.05521884784336987,1.2317722534290616
23.55,normal,1.7534223312006258,-3.28,1.2,0.15473833702569523,1.3446276114005016,1.2318075019724082,221.58268597877958,67.97503848828771,1.2,0.053431569137904866,1.2318075019724082
23.6,normal,1.7744223312006264,-3.28,1.2,0.1546310404364078,1.3297983565844704,1.2318386087494662,221.58335781376832,68.07630234397737,1.2,0.051699950813770226,1.2318386087494662
23.650000000000002,normal,1.7954223312006254,-3.2800000000000002,1.2,0.1545069952744119,1.315202636496376,1.2318669890322036,221.5839877272942,68.17707151911586,1.2,0.050003692747936444,1.2318669890322036
23.700000000000003,normal,1.8164223312006262,-3.2799999999999994,1.2,0.154366615103323,1.3008435132316853,1.231894607885123,221.58458106301228,68.27739152764981,1.2,0.04831902106390055,1.231894607885123
23.75,normal,1.8374223312006253,-3.2800000000000002,1.2,0.15421066012704923,1.2867224638757484,1.2319236692798359,221.58514242444002,68.3773095655181,1.2,0.04661968556668479,1.2319236692798359
23.8,normal,1.858422331200626,-3.28,1.2,0.15404028477478934,1.272839290938477,1.2319563147140111,221.58567572671282,68.47687424029667,1.2,0.04487996181528752,1.2319563147140111
23.85,normal,1.879422331200625,-3.2800000000000002,1.2,0.153857060061193,1.2591921331868414,1.2319943607923125,221.58618436369247,68.57613527910357,1.2,0.04308115010934579,1.2319943607923125
23.900000000000002,normal,1.9004223312006259,-3.2800000000000002,1.2,0.15366296916988456,1.2457775728812963,1.232039098703369,221.58667142915607,68.6751432123333,1.2,0.04122308563584316,1.232039098703369
23.950000000000003,normal,1.9214223312006267,-3.2800000000000002,1.2,0.15346037603580226,1.232590828040027,1.2320911702316961,221.58713992695795,68.77394903294969,1.2,0.03934254025478513,1.2320911702316961
24.0,normal,1.9424223312006257,-3.28,1.2,0.15325196855474782,1.2196260125401672,1.2321505258226406,221.58759291842256,68.87260383332125,1.2,0.03753238880253991,1.2321505258226406
24.05,normal,1.9634223312006247,-3.28,1.2,0.15304068102376905,1.2068764429172243,1.2322164612659308,221.5880335790838,68.97115842367506,1.2,0.03591013813618952,1.2322164612659308
24.1,normal,1.9844223312006255,-3.2799999999999994,1.2,0.1528296064755549,1.194334968775579,1.2322877217070456,221.58846516286064,69.06966293799246,1.2,0.034494789567197426,1.2322877217070456
24.150000000000002,normal,2.0054223312006263,-3.2799999999999994,1.2,0.15262192762043167,1.181994303755711,1.2323626556879466,221.58889089259554,69.16816643448767,1.2,0.033191496543209555,1.2323626556879466
24.200000000000003,normal,2.026422331200627,-3.28,1.2,0.1524209801569279,1.1698473358615276,1.232439398253671,221.58931380732278,69.26671649868773,1.2,0.03232896759108354,1.232439398253671
24.25,normal,2.047422331200626,-3.28,1.2,0.15223128682810563,1.1578873993514447,1.232516061030579,221.58973659814518,69.3653588575992,1.2,0.03334144436723007,1.232516061030579
24.3,normal,2.068422331200625,-3.28,1.2,0.15208894755134078,1.1461084949479063,1.2325909084768447,221.59016145873707,69.46413701353796,1.2,0.03430449797355099,1.2325909084768447
24.35,normal,2.089422331200626,-3.2800000000000002,1.2,0.15249222696873882,1.1345054503477716,1.2326625028592386,221.59058996738304,69.56309190592539,1.2,0.035219873597794736,1.2326625028592386
24.400000000000002,normal,2.1104223312006267,-3.28,1.2,0.153019605055384,1.1230740184046744,1.2327298053693687,221.59102300897322,69.66226160871325,1.2,0.03611542921771651,1.2327298053693687
24.450000000000003,normal,2.1314223312006257,-3.28,1.2,0.15354395176710578,1.1118109153986506,1.2327922265038576,221.59146073973906,69.76168107008138,1.2,0.03700405086020338,1.2327922265038576
24.5,normal,2.1524223312006248,-3.2799999999999994,1.2,0.154057898765463,1.1007138060688872,1.2328496247267176,221.59190259484194,69.86138189966967,1.2,0.0378272155980481,1.2328496247267176
24.55,normal,2.1734223312006256,-3.2799999999999994,1.2,0.15455661042746222,1.0897812452393654,1.2329022578943993,221.59234733779948,69.96139220691322,1.2,0.03850104233393011,1.2329022578943993
24.6,normal,2.1944223312006264,-3.28,1.2,0.15503568496077763,1.0790125877405077,1.232950696449528,221.59279314927983,70.0617364921467,1.2,0.03897991581796214,1.232950696449528
24.650000000000002,normal,2.2154223312006254,-3.28,1.2,0.15549096314886363,1.068407878907825,1.232995710615585,221.59323774990676,70.16243559017025,1.2,0.03925411413929225,1.232995710615585
24.700000000000003,normal,2.236422331200626,-3.2799999999999994,1.2,0.15591855263093246,1.0579677373502936,1.2330381455474875,221.59367854757835,70.26350666408196,1.2,0.03933199644971738,1.2330381455474875
24.75,normal,2.257422331200625,-3.2800000000000002,1.2,0.1563148906087016,1.047693240165591,1.2330787985676694,221.59411279577057,70.36496324552851,1.2,0.039229061284623536,1.2330787985676694
24.8,normal,2.278422331200626,-3.28,1.2,0.15667680832453612,1.0375858186387135,1.2331183113489104,221.59453774712313,70.46681531622886,1.2,0.03896238705801678,1.2331183113489104
24.85,normal,2.299422331200625,-3.28,1.2,0.15700158634141137,1.0276471700129262,1.2331570874280822,221.59495078754577,70.56906942475507,1.2,0.038547885096724764,1.2331570874280822
24.900000000000002,normal,2.320422331200626,-3.2800000000000002,1.2,0.1572869968944254,1.017879188460457,1.233195242083968,221.59534954026722,70.67172883213769,1.2,0.037999167993146135,1.233195242083968
24.950000000000003,normal,2.341422331200627,-3.2800000000000002,1.2,0.15753133241465905,1.008283916143936,1.2332325877858261,221.59573193560277,70.77479367986976,1.2,0.03732747578008029,1.2332325877858261
25.0,normal,2.3624223312006256,-3.28,1.2,0.1577334206379369,0.9988635134176775,1.2332686545379052,221.59609624889063,70.87826117425375,1.2,0.03654231087395683,1.2332686545379052
25.05,normal,2.3834223312006264,-3.28,1.2,0.15789262729732648,0.9896202458667271,1.2333027409075996,221.59644111412638,70.98212578167595,1.2,0.03565250383784315,1.2333027409075996
25.1,normal,2.4044223312006254,-3.28,1.2,0.1580088475799637,0.9805564850489532,1.233333988668386,221.59676552302386,71.08637943020318,1.2,0.03466747416051123,1.233333988668386
25.150000000000002,normal,2.4254223312006262,-3.28,1.2,0.1580824874997145,0.9716747194612021,1.2333614720561212,221.59706881827924,71.19101171377609,1.2,0.03359847894429464,1.2333614720561212
25.200000000000003,normal,2.446422331200627,-3.28,1.2,0.15811443623714483,0.9629775723197416,1.2333842917576023,221.59735068646486,71.29601009613353,1.2,0.032459644567426504,1.2333842917576023
25.25,normal,2.4674223312006265,-3.28,1.2,0.15810603042389498,0.9544678231225012,1.2334016639326906,221.5976111516694,71.40136011237703,1.2,0.03126854336652064,1.2334016639326906
25.3,normal,2.4884223312006255,-3.28,1.2,0.15805901135214034,0.9461484305248968,1.2334176430938508,221.9535451792845,71.50942291079176,1.2,0.5597055386445222,1.2334176430938508
25.35,normal,2.509422331200626,-3.28,1.2,0.15692054844921696,0.9434947599421359,1.2334401562136048,222.25730278876804,71.62146994554074,1.2,0.5302176320145824,1.2334401562136048
25.400000000000002,normal,2.5304223312006267,-3.28,1.2,0.15500029422117845,0.9462584725322978,1.2244792412016678,222.4931538299224,71.73798824828206,1.2,0.5013445192209349,1.2244792412016678
25.450000000000003,normal,2.551422331200626,-3.28,1.2,0.15323866844177927,0.9540282509729134,1.2138292634572065,222.5422818149152,71.8537638167503,1.2,0.289741841974668,1.2138292634572065
25.5,normal,2.572422331200625,-3.28,1.2,0.15308200311473472,0.9608786431972185,1.2072608787018364,222.6130292895182,71.9688596383653,1.2,0.34912130074344716,1.2072608787018364
25.55,normal,2.5934223312006255,-3.28,1.2,0.1540299706290141,0.9665956159559801,1.2050960655784007,222.69460875128647,72.08340122636183,1.2,0.3760297919350155,1.2050960655784007
25.6,normal,2.6144223312006263,-3.28,1.2,0.1555227388981108,0.9710258530003439,1.2071514289247471,222.77081695341553,72.19753789021507,1.2,0.3709851636103775,1.2071514289247471
25.650000000000002,normal,2.6354223312006253,-3.28,1.2,0.15743732863635213,0.9740959349413025,1.2127850349479428,222.82888383721738,72.3114032584578,1.2,0.33507030893598233,1.2127850349479428
25.700000000000003,normal,2.6564223312006265,-3.28,1.2,0.15970036736824653,0.9758136276672535,1.221037566215077,222.86555209069778,72.4250902831148,1.2,0.2777181634903343,1.221037566215077
25.75,normal,2.677422331200625,-3.28,1.2,0.16216781908096478,0.9762542252227886,1.2250830779061614,222.88635064394947,72.53864132511502,1.2,0.21333504372988354,1.2250830779061614
25.8,normal,2.698422331200626,-3.28,1.2,0.16470421074267466,0.9755409469823555,1.223865733195321,222.90028409395504,72.65204934152888,1.2,0.1581166639591438,1.223865733195321
25.85,normal,2.719422331200625,-3.28,1.2,0.16720166993353805,0.9738272962017123,1.2238404920562478,222.9147061199511,72.7652676961393,1.2,0.18859258730351033,1.2238404920562478
25.900000000000002,normal,2.740422331200626,-3.28,1.2,0.16957169501091096,0.9712842732599307,1.2250953053860432,222.93308474322077,72.87822476299117,1.2,0.2136221219626664,1.2250953053860432
25.950000000000003,normal,2.7614223312006265,-3.28,1.2,0.17174111412301,0.9680911387119184,1.2274767465418555,222.9548977273807,72.99074807874004,1.2,0.22128126151719663,1.2274767465418555
26.0,normal,2.7824223312006255,-3.28,1.2,0.17363441876469854,0.9643805731217656,1.2306741811907627,222.97847663182898,73.1026370560819,1.2,0.21345320804525883,1.2306741811907627
26.05,normal,2.8034223312006263,-3.28,1.2,0.1751845451576303,0.9602548703408831,1.2335333328194058,223.0027401157004,73.21375107001768,1.2,0.20630366778066606,1.2335333328194058
26.1,normal,2.824422331200626,-3.28,1.2,0.17634566884661598,0.9558193402460786,1.2336258367728692,223.02686902204465,73.32400580444951,1.2,0.2062896522249366,1.2336258367728692
26.150000000000002,normal,2.845422331200626,-3.2799999999999994,1.2,0.17708864724159892,0.9511736934856148,1.2337710588488917,223.05023816334685,73.43336969978603,1.2,0.20732268784611296,1.2337710588488917
26.200000000000003,normal,2.866422331200627,-3.28,1.2,0.17739811787345625,0.946406012273471,1.2339635129985667,223.38943704592867,73.54528888117466,1.2,0.6883126615878402,1.2339635129985667
26.25,normal,2.887422331200626,-3.2799999999999994,1.2,0.1785943367322788,0.9470647715901162,1.2341923042441185,223.67593141716142,73.66074078141828,1.2,0.6453717279196236,1.2341923042441185
26.3,normal,2.908422331200625,-3.2800000000000002,1.2,0.18060933552383854,0.9529807452472603,1.2344342902527823,223.70681014671646,73.77503766658671,1.2,0.28145101383657706,1.2344342902527823
26.35,normal,2.929422331200626,-3.2799999999999994,1.2,0.18205852288383761,0.958403328272807,1.234655917079605,223.7471440989298,73.88801850937888,1.2,0.28416171292923936,1.234655917079605
26.400000000000002,normal,2.9504223312006266,-3.28,1.2,0.18296452245253286,0.9630970821166336,1.2296414122193928,223.79946771055728,73.99963347270682,1.2,0.31073442226268,1.2296414122193928
26.450000000000003,normal,2.9714223312006256,-3.28,1.2,0.18336485736190727,0.9668276196023966,1.2251526744998658,223.86017397561818,74.10996437068741,1.2,0.3421093417045457,1.2251526744998658
26.5,normal,2.9924223312006246,-3.2800000000000002,1.2,0.183311227670781,0.9694045067185149,1.223962330537045,223.9205755557414,74.21922032888737,1.2,0.3459078399513972,1.223962330537045
26.55,normal,3.0134223312006254,-3.28,1.2,0.18286642148051913,0.9707146770327275,1.22583253610083,223.9697419789263,74.32755473315514,1.2,0.30575992383671985,1.22583253610083
26.6,normal,3.034422331200626,-3.2800000000000002,1.2,0.18212095890875907,0.9707375436530008,1.2301901021316224,224.00263649669182,74.43514099367674,1.2,0.23710681881774104,1.2301901021316224
26.650000000000002,normal,3.0554223312006252,-3.28,1.2,0.1811666690714036,0.9695400551698234,1.2332488943987951,224.0212357987699,74.54213495779804,1.2,0.184502587785666,1.2332488943987951
26.700000000000003,normal,3.076422331200626,-3.2800000000000002,1.2,0.1800860607464448,0.9672564888507484,1.2256482839929357,224.03300155253748,74.64864851424684,1.2,0.1533309089159593,1.2256482839929357
26.75,normal,3.097422331200625,-3.28,1.2,0.17894350453918545,0.9640625541986549,1.2193525286565545,224.04661256592632,74.75474829909729,1.2,0.18443818968076273,1.2193525286565545
26.8,normal,3.118422331200626,-3.2800000000000002,1.2,0.17777994045602494,0.9601521242536266,1.2150089917984108,224.06754613606813,74.86047452829862,1.2,0.23103344946013477,1.2150089917984108
26.85,normal,3.1394223312006266,-3.28,1.2,0.17661261989453725,0.9557204391906613,1.2130083489877128,224.09582236219399,74.96585982863434,1.2,0.264250189573832,1.2130083489877128
26.900000000000002,normal,3.1604223312006257,-3.2799999999999994,1.2,0.17544025360459206,0.9509531824006301,1.2134406704634697,224.12685626883075,75.07093451761335,1.2,0.27348246616224436,1.2134406704634697
26.950000000000003,normal,3.1814223312006265,-3.28,1.2,0.17425172826379512,0.9460185671333774,1.2195941890745359,224.56682244383998,75.17919255292361,1.2,0.7241599491450655,1.2195941890745359
27.0,normal,3.2024223312006255,-3.2799999999999994,1.2,0.1742868963437846,0.9465413356171333,1.2303120944041184,224.90758324959657,75.2914995778066,1.2,0.6069027679750968,1.2303120944041184
27.05,normal,3.2234223312006263,-3.28,1.2,0.17548480516605625,0.9522814190735429,1.2319352759865942,224.92374559168604,75.4028946213813,1.2,0.1619157176069368,1.2319352759865942
27.1,normal,3.2444223312006253,-3.28,1.2,0.1764595252881062,0.9573279238910388,1.2248569872582327,224.95819449034724,75.5132867762365,1.2,0.24992638255925118,1.2248569872582327
27.150000000000002,normal,3.2654223312006256,-3.28,1.2,0.17713621771327692,0.9614109716845529,1.2191636058980353,225.01507399961775,75.62266800688312,1.2,0.3338058691316437,1.2191636058980353
27.200000000000003,normal,3.286422331200627,-3.2799999999999994,1.2,0.17745796024306518,0.9642882559620756,1.217206324478808,225.08642260880455,75.73111414601398,1.2,0.37631249109804343,1.217206324478808
27.25,normal,3.307422331200626,-3.28,1.2,0.17739548260358806,0.9658079915012936,1.2189944711119656,225.15712734693477,75.83874832717666,1.2,0.37181757966419365,1.2189944711119656
27.3,normal,3.328422331200625,-3.28,1.2,0.1769476571443283,0.9659500403263326,1.224091382400784,225.21308309902943,75.94568522868522,1.2,0.32434607124365555,1.224091382400784
27.35,normal,3.3494223312006257,-3.28,1.2,0.17613712464985684,0.9648332544112053,1.2317193366292802,225.24775346162102,76.05198280159438,1.2,0.2468981535886762,1.2317193366292802
27.400000000000002,normal,3.3704223312006265,-3.28,1.2,0.17500468192599428,0.9626913512525135,1.2351960556359207,225.26361526728448,76.15762342185836,1.2,0.15445835203413552,1.2351960556359207
27.450000000000003,normal,3.3914223312006255,-3.28,1.2,0.1736040455512539,0.9598307770483256,1.235425301413173,225.2690017452241,76.26253245242128,1.2,0.09922119755429593,1.235425301413173
27.5,normal,3.4124223312006245,-3.28,1.2,0.17199703850228348,0.9565861004310199,1.2331068190362768,225.27337271938183,76.36662311811095,1.2,0.10274097369308896,1.2331068190362768
27.55,normal,3.4334223312006253,-3.28,1.2,0.17024895563016967,0.9532832665307238,1.2281707276416816,225.28357904553496,76.46984315267719,1.2,0.15787090914550111,1.2281707276416816
27.6,normal,3.454422331200626,-3.28,1.2,0.16842451898871738,0.9502141072055783,1.2245862540315557,225.30107329424845,76.57214614803898,1.2,0.20894687517130678,1.2245862540315557
27.650000000000002,normal,3.475422331200627,-3.28,1.2,0.16656488423798027,0.9475375823580625,1.226929917505265,225.7484912422153,76.67764730186936,1.2,0.7403936337550451,1.226929917505265
27.700000000000003,normal,3.496422331200626,-3.28,1.2,0.16601147535681998,0.9507821401355103,1.2300475266644177,225.7607331233303,76.78229335794941,1.2,0.16580686139336548,1.2300475266644177
27.75,normal,3.517422331200625,-3.28,1.2,0.16538257037875287,0.9542895057703482,1.233033634453748,225.76818813382715,76.88621389858278,1.2,0.12671730410051574,1.233033634453748
27.8,normal,3.5384223312006258,-3.28,1.2,0.164694833035951,0.9580659844186059,1.2324810368758383,225.77238772237448,76.9894646266927,1.2,0.09559184503737259,1.2324810368758383
27.85,normal,3.559422331200627,-3.2800000000000002,1.2,0.1639392765582558,0.9620135704349642,1.232060667107912,225.7758389651891,77.09206892672643,1.2,0.09912764516908952,1.232060667107912
27.900000000000002,normal,3.580422331200626,-3.28,1.2,0.16309809687658988,0.9659850014842941,1.2318108693613021,225.78060015269415,77.19405070404503,1.2,0.11192060295009336,1.2318108693613021
27.950000000000003,normal,3.6014223312006264,-3.28,1.2,0.16215901743383893,0.9698327804703883,1.2317470487320576,225.78759911959813,77.29544101674293,1.2,0.12477960801388455,1.2317470487320576
28.0,normal,3.6224223312006254,-3.28,1.2,0.16112045545922285,0.973428766165586,1.2318613895499912,225.79648042191354,77.39628208079122,1.2,0.13956053752904707,1.2318613895499912
28.05,normal,3.6434223312006266,-3.2799999999999994,1.2,0.159994247187253,0.9766818673981608,1.232125202374606,225.80593679120125,77.49662689813232,1.2,0.1430687089058475,1.232125202374606
28.1,normal,3.6644223312006257,-3.28,1.2,0.15880610875119877,0.9795508997298448,1.2324934230720985,225.81436938628104,77.5965347484734,1.2,0.1321521168499697,1.2324934230720985
28.150000000000002,normal,3.685422331200626,-3.2800000000000002,1.2,0.1575944132689328,0.982050407375241,1.2329106518842254,225.82059283614828,77.69606483665648,1.2,0.10880556264452615,1.2329106518842254
28.200000000000003,normal,3.706422331200627,-3.28,1.2,0.15640776838768483,0.9842486615966275,1.2333180585100507,225.82428581019113,77.79527124185293,1.2,0.0868571637069451,1.2333180585100507
28.25,normal,3.7274223312006263,-3.28,1.2,0.1553014063090538,0.9862586591585287,1.2336604618814317,225.82601823464051,77.89420140862622,1.2,0.06797157961446973,1.2336604618814317
28.3,normal,3.7484223312006235,-3.28,1.2,0.15433175554207776,0.9882241952785609,1.2328751382091139,225.82689563151604,77.9928982823621,1.2,0.049223633255608225,1.2328751382091139
28.35,normal,3.769422331200624,-3.28,1.2,0.1535483449089751,0.9903036252823434,1.2307639352657784,225.8280305168841,78.09140416306502,1.2,0.04870719307263695,1.2307639352657784
28.400000000000002,normal,3.7904223312006247,-3.28,1.2,0.15298347184721697,0.9926537740276846,1.229314834430636,225.8300981242368,78.18976368524791,1.2,0.07321937886487997,1.229314834430636
28.450000000000003,normal,3.8114223312006255,-3.28,1.2,0.15264314009290894,0.9954158779741105,1.2286509505484282,225.83315541111423,78.28802427328266,1.2,0.09192621630970894,1.2286509505484282
28.5,normal,3.8324223312006227,-3.28,1.2,0.1525048387836788,0.9987047632218331,1.2288019821795488,225.83675518371066,78.38623410938908,1.2,0.10099266516501819,1.2288019821795488
28.55,normal,3.8534223312006235,-3.28,1.2,0.15252471983507773,1.002601864520891,1.2297077840291137,225.84024948714872,78.48443892785986,1.2,0.10031715062230813,1.2297077840291137
28.6,normal,3.8744223312006243,-3.28,1.2,0.15265042633915465,1.0071522244771185,1.2312325685565535,225.84311175971771,78.58267922995066,1.2,0.09123017598988067,1.2312325685565535
28.650000000000002,normal,3.895422331200625,-3.28,1.2,0.15283333954072384,1.0123652532065457,1.2322961140545488,225.84513532669257,78.68098897271126,1.2,0.07606981792925345,1.2322961140545488
28.700000000000003,normal,3.916422331200626,-3.28,1.2,0.15303775389418042,1.0182187453474618,1.2320208160851882,225.84645435369177,78.77939595957577,1.2,0.057996448110709586,1.2320208160851882
28.75,normal,3.937422331200623,-3.28,1.2,0.15325347663275368,1.0246654352225908,1.2318633912550603,225.84742369142805,78.87792351124493,1.2,0.04807087234129655,1.2318633912550603
28.8,normal,3.958422331200624,-3.28,1.2,0.15356590219321914,1.0316412283878613,1.2318429379809706,225.8484418390989,78.97659271470962,1.2,0.05302985718189378,1.2318429379809706
28.85,normal,3.9794223312006247,-3.28,1.2,0.15449336831660115,1.0390741834410353,1.2319606300817858,225.84979863702415,79.07542459423028,1.2,0.06333966648354587,1.2319606300817858
28.900000000000002,normal,4.0004223312006255,-3.2800000000000002,1.2,0.1560056693033252,1.0468933288569746,1.2322002504091398,225.85159596146002,79.17444177040554,1.2,0.07183177248885396,1.2322002504091398
28.950000000000003,normal,4.021422331200626,-3.28,1.2,0.15753286638074573,1.0550364796838345,1.2325308598535762,225.85375065154787,79.27366942686052,1.2,0.07654927907103724,1.2325308598535762
29.0,normal,4.0424223312006236,-3.28,1.2,0.1589524510024422,1.063456363416161,1.232911085510181,225.85605977389997,79.3731356008096,1.2,0.07854797487686661,1.232911085510181
29.05,normal,4.063422331200624,-3.28,1.2,0.16023739015019753,1.062175851423324,1.2332943779742656,225.85829378153244,79.47287092222356,1.2,0.07761662697819373,1.2332943779742656
29.1,normal,4.08,-3.2755776687993747,1.2,0.159834830018086,1.0593713481767055,1.2336368624834428,225.8603709025249,79.57276135916268,1.2,0.07444926769648962,1.2336368624834428
29.150000000000002,normal,4.08,-3.254577668799374,1.2,0.15880341717028806,1.0568656490008939,1.2338960828643282,225.8622035352078,79.67213953655893,1.2,0.06762196849757388,1.2338960828643282
29.200000000000003,normal,4.08,-3.233577668799373,1.2,0.16442631726764473,1.0546745895722365,1.2340362010935562,225.8658991652182,79.7703740407556,1.2,0.11188859739508547,1.2340362010935562
29.25,normal,4.08,-3.212577668799376,1.2,0.1716244323763222,1.05280863350695,1.2340322895484033,225.87326674639715,79.86687800592509,1.2,0.16612176900955208,1.2340322895484033
29.3,normal,4.08,-3.1915776687993755,1.2,0.1797554029349358,1.0512700414083052,1.2338733549549432,225.8857607899296,79.96111624925197,1.2,0.21840170157713223,1.2338733549549432
29.35,normal,4.08,-3.1705776687993743,1.2,0.18850491268501224,1.0500512332893706,1.2335638510434912,225.90443735684937,80.05261135622635,1.2,0.2670913317192088,1.2335638510434912
29.400000000000002,normal,4.08,-3.1495776687993735,1.2,0.19767188546226713,1.0491344972535737,1.2331235568745915,225.92994030556042,80.14094908060767,1.2,0.31162066288503626,1.2331235568745915
29.450000000000003,normal,4.08,-3.1285776687993727,1.2,0.20710490579532537,1.0484930661437837,1.2325858278626032,225.9625259932452,80.22578342606012,1.2,0.35170026759394907,1.2325858278626032
29.5,normal,4.08,-3.1075776687993755,1.2,0.21666858969698383,1.0480934518521068,1.2319943732847005,226.00212102771422,80.30684179471947,1.2,0.3871897321249474,1.2319943732847005
29.55,normal,4.08,-3.086577668799375,1.2,0.2262272183688175,1.0478988045373627,1.2313988734308774,226.04839633446954,80.38393062639788,1.2,0.4180441242570435,1.2313988734308774
29.6,normal,4.08,-3.065577668799374,1.2,0.23564017371557525,1.0478729638365654,1.230849902350385,226.10083698802973,80.45694206171763,1.2,0.44427334827126785,1.230849902350385
29.650000000000002,normal,4.08,-3.044577668799373,1.2,0.2447652754899202,1.0479848037717725,1.2303937373864346,226.15879270196442,80.52586245027972,1.2,0.4659124724641794,1.2303937373864346
29.700000000000003,normal,4.08,-3.0235776687993754,1.2,0.2534662454487215,1.0482124515413218,1.230067681705567,226.22150547528784,80.59078411134493,1.2,0.4830109020118635,1.230067681705567
29.75,normal,4.08,-3.002577668799375,1.2,0.2616209528710923,1.0485469860425123,1.2298964791834233,226.2881224334973,80.65192252849278,1.2,0.4956422928538287,1.2298964791834233
29.8,normal,4.08,-2.9815776687993742,1.2,0.26912829187852066,1.0489952913643028,1.2298902612472105,226.35770778391628,80.70964095054686,1.2,0.5039282205456752,1.2298902612472105
29.85,normal,4.08,-2.9605776687993735,1.2,0.27591295597162124,1.0495818438057973,1.230044254455448,226.42926609244904,80.76447980771364,1.2,0.5080638772489986,1.230044254455448
29.900000000000002,normal,4.08,-2.9395776687993767,1.2,0.28192837321869824,1.050349333321033,1.230340234769623,226.50178191929234,80.8171815177883,1.2,0.5083358913174676,1.230340234769623
29.950000000000003,normal,4.08,-2.9185776687993754,1.2,0.28715845072250346,1.051358143836364,1.230749484568809,226.57427248738003,80.86875220906776,1.2,0.5051295826010445,1.230749484568809
30.0,normal,4.08,-2.8975776687993746,1.2,0.29161869541037583,1.0526848240188558,1.2312368298587477,226.6458443288819,80.92074919401881,1.2,0.4989318532052237,1.2312368298587477
30.05,normal,4.08,-2.876577668799374,1.2,0.2953569367870843,1.054419757088475,1.2317652306931821,226.7157435503637,80.97484356874983,1.2,0.49034046662966946,1.2317652306931821
30.1,normal,4.08,-2.8555776687993766,1.2,0.2984534032932215,1.056664278464751,1.2323003721166501,226.7833920389578,81.03192880473853,1.2,0.4800825014098775,1.2323003721166501
30.150000000000002,normal,4.08,-2.834577668799376,1.2,0.30101937517333066,1.0595274948783324,1.2328147455514016,226.84840674038622,81.09249855377848,1.2,0.46901842851864767,1.2328147455514016
30.200000000000003,normal,4.08,-2.813577668799375,1.2,0.3031932143028199,1.063123036253274,1.2332908031009,226.91060388045466,81.15688966107574,1.2,0.4580818292911806,1.2332908031009
30.25,normal,4.08,-2.792577668799374,1.2,0.30513263793759254,1.067565933632838,1.233722890541523,226.96999300702893,81.22535356169448,1.2,0.4481445916226952,1.233722890541523
30.3,normal,4.08,-2.771577668799377,1.2,0.3070031803453107,1.0729697732844425,1.234117803454772,227.02676629518965,81.29808440786256,1.2,0.4399141089366937,1.234117803454772
30.35,normal,4.08,-2.750577668799376,1.2,0.30896492452043844,1.0794442354733886,1.2344939544298672,227.08128697647555,81.3752333512305,1.2,0.4339577636562163,1.2344939544298672
30.400000000000002,normal,4.08,-2.729577668799375,1.2,0.3111615233636741,1.0656743254621184,1.2348792797034225,227.13407804640732,81.45691722662738,1.2,0.43074122726404324,1.2348792797034225
30.450000000000003,normal,4.08,-2.708577668799375,1.2,0.3137150902700971,1.0500676957914046,1.2353081426917902,227.1858098690231,81.54322484796067,1.2,0.430534887285679,1.2353081426917902
30.5,normal,4.08,-2.6875776687993778,1.2,0.31672701414223453,1.0339350266302698,1.235817598536984,227.23728398041763,81.63422234820544,1.2,0.4333129826461281,1.235817598536984
30.55,normal,4.08,-2.6665776687993765,1.2,0.3202805015227837,1.017415758344477,1.2364434543196952,227.28941068263074,81.72995809920874,1.2,0.4388350266753906,1.2364434543196952
30.6,normal,4.08,-2.6455776687993753,1.2,0.32443912924163704,1.0006523503236606,1.237216580549198,227.34317953284503,81.83046724388103,1.2,0.44680637458151845,1.237216580549198
30.650000000000002,normal,4.08,-2.624577668799375,1.2,0.3292384743762946,0.9837909767359003,1.2381598923931239,227.39962368917367,81.9357756341408,1.2,0.4569484738789977,1.2381598923931239
30.700000000000003,normal,4.08,-2.6035776687993737,1.2,0.334673725154253,0.9669823058713318,1.2392863246799122,227.4597803988193,82.04590291100368,1.2,0.4689864383925443,1.2392863246799122
30.75,normal,4.08,-2.582577668799377,1.2,0.3406910265914548,0.9503820791123674,1.2405979852593543,227.52465028298963,82.16086451555552,1.2,0.48262581816218625,1.2405979852593543
30.8,normal,4.08,-2.561577668799376,1.2,0.3471892921519249,0.9341512331846611,1.2421282498363928,227.9347848211438,82.27382783808491,1.2,0.9398780758420775,1.2421282498363928
30.85,normal,4.08,-2.5405776687993757,1.2,0.3548201820697633,0.9239206452756139,1.2439068364647752,228.2881254287184,82.38559601177336,1.2,0.89218646660652,1.2439068364647752
30.900000000000002,normal,4.08,-2.519577668799375,1.2,0.36317781615978323,0.9191989813872017,1.2399684730889204,228.57451750933794,82.4979791598418,1.2,0.8355355934381313,1.2399684730889204
30.950000000000003,normal,4.08,-2.498577668799374,1.2,0.37188726357385216,0.9193089936457117,1.221366158958568,228.80450004249477,82.6137393941084,1.2,0.8364490557281916,1.221366158958568
31.0,normal,4.08,-2.477577668799377,1.2,0.3806273908199017,0.9234278610822171,1.2025492129454238,229.0076471824626,82.73420108196069,1.2,0.853796767895276,1.2025492129454238
31.05,normal,4.08,-2.456577668799376,1.2,0.38915917944353773,0.9306560410495821,1.185743923270112,229.2139013059572,82.85941712106266,1.2,0.8770158374664876,1.185743923270112
31.1,normal,4.08,-2.4355776687993753,1.2,0.3973318640642075,0.9401152141857778,1.1730463097935602,229.45703494290916,82.98939417335401,1.2,0.9275459159319552,1.1730463097935602
31.150000000000002,normal,4.08,-2.4145776687993745,1.2,0.4050305129141144,0.9510785345545589,1.1727591799114279,230.12007275473286,83.12418371866421,1.2,1.4107542344136008,1.1727591799114279
31.200000000000003,normal,4.08,-2.3935776687993737,1.2,0.4115555917875862,0.957667430058111,1.183931758425201,230.68207835535807,83.26724082408423,1.2,1.3294687359203743,1.183931758425201
31.25,normal,4.08,-2.3725776687993765,1.2,0.4168937828356764,0.9607067710635546,1.2039800394592546,231.04662805752335,83.41940740204056,1.2,1.1137269598656727,1.2039800394592546
31.3,normal,4.08,-2.3515776687993757,1.2,0.42102052776888643,0.9615343195085087,1.2296563275257149,231.24269454364415,83.57985067982843,1.2,0.8350873441638547,1.2296563275257149
31.35,normal,4.08,-2.330577668799375,1.2,0.42390361845841296,0.9615481578619269,1.2495433750380398,231.3512585791063,83.74674494172697,1.2,0.5695573049103292,1.2495433750380398
31.400000000000002,normal,4.08,-2.309577668799374,1.2,0.4255902214422749,0.9618672978182381,1.2355266384471524,231.46011581751443,83.91823420201897,1.2,0.6072363632667888,1.2355266384471524
31.450000000000003,normal,4.08,-2.2885776687993733,1.2,0.4261693789284581,0.963189541983912,1.2239538173589766,231.60637316402347,84.0931715466462,1.2,0.7406694583096837,1.2239538173589766
31.5,normal,4.08,-2.267577668799376,1.2,0.42574169309539533,0.9656488635259495,1.2169667901713344,231.7677217097512,84.27113985214956,1.2,0.7776354957063144,1.2169667901713344
31.55,normal,4.08,-2.2465776687993753,1.2,0.4244748009788166,0.9690171989039948,1.2150956986780563,231.93598785801524,84.45102053459829,1.2,0.7888989648254496,1.2150956986780563
31.6,normal,4.08,-2.2255776687993745,1.2,0.4226304957088395,0.9730564282721084,1.218219062810245,232.09651677563193,84.6315236144744,1.2,0.7654631798696538,1.218219062810245
31.650000000000002,normal,4.08,-2.2045776687993737,1.2,0.42045154320227934,0.9775811202625848,1.2256151074851116,232.23871557898872,84.81249515935122,1.2,0.7105408084179887,1.2256151074851116
31.700000000000003,normal,4.08,-2.1835776687993764,1.2,0.41795448981179534,0.9825033467827844,1.2361498381526672,232.36354158596274,84.99379860869143,1.2,0.651657551622921,1.2361498381526672
31.75,normal,4.08,-2.1625776687993756,1.2,0.4151248324992064,0.9878422521004773,1.2475761760339055,232.48254677124288,85.17531523926095,1.2,0.621174403150442,1.2475761760339055
31.8,normal,4.08,-2.141577668799375,1.2,0.4119313353994368,0.9937008629878334,1.247744966233669,232.6095562319019,85.35693377942377,1.2,0.626307967320077,1.247744966233669
31.85,normal,4.08,-2.120577668799374,1.2,0.4083412899137415,1.0002266697172957,1.2458980446724197,232.75407953341687,85.53853686885137,1.2,0.6587891455692072,1.2458980446724197
31.900000000000002,normal,4.08,-2.099577668799377,1.2,0.4043313992791021,1.0075728039962815,1.2440114308769357,232.9191824715438,85.7199896557334,1.2,0.6983232925928065,1.2440114308769357
31.950000000000003,normal,4.08,-2.078577668799376,1.2,0.3998943060689369,1.0158689003227386,1.2426255976975749,233.10206918666188,85.90108143114256,1.2,0.7277441685104831,1.2426255976975749
32.0,normal,4.08,-2.057577668799375,1.2,0.3950440070301793,1.0251273884828198,1.2417398538982687,233.29427341601422,86.08151966074442,1.2,0.7381853267961033,1.2417398538982687
32.050000000000004,normal,4.08,-2.0365776687993744,1.2,0.38982671079711795,1.035245219451357,1.24130752376693,233.48309186808189,86.26108971775635,1.2,0.7308627862884863,1.24130752376693
32.1,normal,4.08,-2.015577668799377,1.2,0.3843117993470841,1.0461120902036243,1.2412753512190662,233.66785225237697,86.43958466367005,1.2,0.7247204251620808,1.2412753512190662
32.15,normal,4.08,-1.9945776687993764,1.2,0.3785751555171563,1.0576121531765723,1.2415862684349275,233.8480437001462,86.61681486006887,1.2,0.7201909863029574,1.2415862684349275
32.2,normal,4.08,-1.9735776687993756,1.2,0.3726986997398514,1.069625698477527,1.2421819216524241,234.02327358477558,86.79261473580624,1.2,0.7168830889013347,1.2421819216524241
32.25,normal,4.08,-1.9525776687993748,1.2,0.36676971932110936,1.0820307729273375,1.2430048732883099,234.19183027593704,86.96694435705489,1.2,0.7073397433153433,1.2430048732883099
32.300000000000004,normal,4.08,-1.931577668799374,1.2,0.360867583315266,1.0947047071273601,1.2440004178947794,234.3525634619368,87.13984138920998,1.2,0.6929995572158434,1.2440004178947794
32.35,normal,4.08,-1.9105776687993767,1.2,0.35506521187392753,1.1075255289441948,1.2451179734162556,234.50553054649004,87.31134609035155,1.2,0.6787408016591779,1.2451179734162556
32.4,normal,4.08,-1.889577668799376,1.2,0.3494340912481593,1.1203732486350966,1.2463120361630364,234.65099703682182,87.48149963134041,1.2,0.664915116260327,1.2463120361630364
32.45,normal,4.08,-1.8685776687993751,1.2,0.3440406391906524,1.1331310069556417,1.2475286265855912,234.7855859034256,87.6503435616455,1.2,0.6453281189939676,1.2475286265855912
32.5,normal,4.08,-1.8475776687993744,1.2,0.3389526380173306,1.145686082802701,1.2486946457345254,234.9048866720442,87.81786742553982,1.2,0.6185751908916723,1.2486946457345254
32.550000000000004,normal,4.08,-1.8265776687993736,1.2,0.3342445766847715,1.1578880762349495,1.2497437240206637,235.01462773250572,87.98390198696706,1.2,0.6072745404388594,1.2497437240206637
32.6,normal,4.08,-1.8055776687993763,1.2,0.3299691277686151,1.1694084193647092,1.250621112810575,235.11925627400217,88.14831734644574,1.2,0.6004426302893953,1.250621112810575
32.65,normal,4.08,-1.7845776687993755,1.2,0.3261546842613748,1.1799118934202297,1.2442379457899624,235.22307208401668,88.31108143316384,1.2,0.5976091285683345,1.2442379457899624
32.7,normal,4.08,-1.7635776687993747,1.2,0.32281004587017914,1.1890782839267062,1.2385400293639564,235.32916817304218,88.47231135455488,1.2,0.5983167033677554,1.2385400293639564
32.75,normal,4.08,-1.7425776687993775,1.2,0.3199273047373272,1.1966280648577559,1.2347884688127237,235.43869725847364,88.6322803627457,1.2,0.6017520929145886,1.2347884688127237
32.800000000000004,normal,4.08,-1.7215776687993734,1.2,0.3174809379557848,1.2023483430395954,1.2330974431342108,235.5508821897981,88.79135099745275,1.2,0.6065046668231029,1.2330974431342108
32.85,normal,4.08,-1.7005776687993759,1.2,0.3154254158057208,1.20611354869935,1.2333802475330964,236.10582787987468,88.95121743406759,1.2,1.1308666013414685,1.2333802475330964
32.9,normal,4.08,-1.679577668799375,1.2,0.31298702325288774,1.207895467232815,1.2353719048748026,236.63574004058046,89.11385177509545,1.2,1.117767049498498,1.2353719048748026
32.95,normal,4.08,-1.6585776687993743,1.2,0.31002119684273316,1.207759689762739,1.2386749295662405,237.11393576734721,89.28045613807208,1.2,1.0837827620355103,1.2386749295662405
33.0,normal,4.08,-1.637577668799377,1.2,0.3064995749882475,1.2058494583086097,1.2428169746693118,237.54024645505834,89.45154562939916,1.2,1.045211382248406,1.2428169746693118
33.050000000000004,normal,4.08,-1.6165776687993727,1.2,0.30250860635306853,1.202361260644668,1.2473080731201216,237.90182378828018,89.62693904235879,1.2,0.9901349137223768,1.2473080731201216
33.1,normal,4.08,-1.5955776687993755,1.2,0.29830545802800285,1.197517880645593,1.2383095232604393,238.0208746104737,89.80110588841438,1.2,0.640766561449904,1.2383095232604393
33.15,normal,4.08,-1.5745776687993784,1.2,0.29466919520892276,1.1915437919755856,1.2155264068691518,238.1783856404975,89.9739639749136,1.2,0.758024512852362,1.2155264068691518
33.2,normal,4.08,-1.5535776687993736,1.2,0.2915426732618389,1.184645760899892,1.1982549677410217,238.40300012072285,90.1455194122426,1.2,0.8997056942590385,1.1982549677410217
33.25,normal,4.08,-1.5325776687993768,1.2,0.288773764241719,1.1769995155603021,1.1879238630567879,238.6962757396262,90.31598723290563,1.2,1.0080402216436521,1.1879238630567879
33.300000000000004,normal,4.08,-1.5115776687993758,1.2,0.28611968293871964,1.1687419718434249,1.1852575416482591,239.03360741286312,90.48569125128043,1.2,1.064408034838724,1.1852575416482591
33.35,normal,4.08,-1.490577668799375,1.2,0.2833103848899697,1.159985737573374,1.189901511268606,239.3538139083231,90.65483147317413,1.2,1.0361343801152916,1.189901511268606
33.4,normal,4.082752015974692,-1.4701971777447929,1.2,0.28311856181819783,1.150843968208451,1.2005345555696636,239.63153900498824,90.82320303253272,1.2,0.9954763887381904,1.2005345555696636
33.45,normal,4.091750669837785,-1.4512228733134722,1.2,0.2862022238416916,1.1411981639584223,1.215204077354738,239.85266374137098,90.9907197286124,1.2,0.8990124493868554,1.215204077354738
33.5,normal,4.100749323700874,-1.432248568882158,1.2,0.2914451032911855,1.1309085286074863,1.2255847764929932,240.41300423246417,91.15788024687274,1.2,1.1491318017148178,1.2255847764929932
33.550000000000004,normal,4.1097479775639645,-1.4132742644508407,1.2,0.29742090112773123,1.1197864237229995,1.2071178012781298,240.9720126061664,91.32578812099487,1.2,1.1093737973657678,1.2071178012781298
33.6,normal,4.118746631427055,-1.3942999600195232,1.2,0.3038685064262752,1.1076066631282286,1.1880647661546555,241.57413145715975,91.49568346414229,1.2,1.2534520711580115,1.1880647661546555
33.65,normal,4.127745285290144,-1.375325655588209,1.2,0.3108120696296388,1.0941251298072963,1.1701859268494696,242.17533372798533,91.6685920816014,1.2,1.3619158512210294,1.1701859268494696
33.7,normal,4.136743939153236,-1.3563513511568914,1.2,0.3181669356292887,1.079098901163509,1.1555001898482888,242.76628360775553,91.84546900756814,1.2,1.4408545606481522,1.1555001898482888
33.75,normal,4.145742593016327,-1.3373770467255741,1.2,0.3254591882067444,1.0623055312012555,1.1475015638322001,243.69486879799427,92.02924924557404,1.2,1.7585032197085908,1.1475015638322001
33.800000000000004,normal,4.154741246879418,-1.3184027422942566,1.2,0.33266648914428404,1.0435592144843617,1.144710419650889,244.3636835647794,92.2194881127458,1.2,1.5124049108485644,1.144710419650889
33.85,normal,4.163739900742508,-1.299428437862939,1.2,0.3388504981364601,1.02273426462124,1.1514921990557334,245.2459481967678,92.4115646062473,1.2,1.7159547394707548,1.1514921990557334
33.9,normal,4.172738554605598,-1.280454133431625,1.2,0.34507111697633736,0.9997649472732333,1.1627453064417435,245.93959676322453,92.60655023572035,1.2,1.475717697763153,1.1627453064417435
33.95,normal,4.181737208468689,-1.2614798290003075,1.2,0.3508806090464491,0.9746460360320273,1.1753839125330379,246.38118933260552,92.80364444214662,1.2,1.0896949505987,1.1753839125330379
34.0,normal,4.190735862331779,-1.24250552456899,1.2,0.355663183008245,0.9474590805524372,1.1919580070935187,246.88285346238357,93.00154069400986,1.2,1.2189413222759664,1.1919580070935187
34.050000000000004,normal,4.199734516194871,-1.2235312201376727,1.2,0.35978765227672194,0.9238643415603456,1.18065282862061,247.3622118807243,93.19997314728832,1.2,1.2673514805613633,1.18065282862061
34.1,normal,4.208733170057962,-1.2045569157063554,1.2,0.36309286414725694,0.9039735700510281,1.1762817618573207,247.88382208121993,93.39869227133164,1.2,1.3049836998239865,1.1762817618573207
34.15,normal,4.217731823921051,-1.185582611275041,1.2,0.36561284993698784,0.8878760930486347,1.1794871699291352,248.43425827158714,93.59757989094209,1.2,1.2834371675560696,1.1794871699291352
34.2,normal,4.226730477784142,-1.1666083068437236,1.2,0.3675268679273798,0.8757624096775032,1.1833647429267156,248.89904061578108,93.79902741374906,1.2,1.2076324740614335,1.1833647429267156
34.25,normal,4.235729131647233,-1.1476340024124063,1.2,0.36969582840083404,0.867908713801562,1.1877291723331391,249.33262004602403,94.00319557224705,1.2,1.2104882529754706,1.1877291723331391
34.300000000000004,normal,4.2447277855103245,-1.1286596979810888,1.2,0.3723903399619298,0.864618565701665,1.1856707117433696,249.7432295020644,94.21035392885798,1.2,1.2060640658597777,1.1856707117433696
34.35,normal,4.253726439373413,-1.1096853935497744,1.2,0.3758369733710928,0.8661421422663513,1.1801453081495485,250.1359019393215,94.42090699941988,1.2,1.1951574754988148,1.1801453081495485
34.4,normal,4.2627250932365035,-1.090711089118457,1.2,0.38014873633742213,0.8726038923766233,1.1786985514286819,250.48405195510782,94.63493192967918,1.2,1.1369196963724668,1.1786985514286819
34.45,normal,4.271723747099595,-1.0717367846871397,1.2,0.3853364616549002,0.8839622697655123,1.1809717584977175,251.02164250207238,94.84355673853578,1.2,1.2632428060597027,1.1809717584977175
34.5,normal,4.280722400962686,-1.0527624802558222,1.2,0.39024683517045095,0.8994874786636664,1.1646219312921051,251.59622771623532,95.044186494607,1.2,1.220398207594452,1.1646219312921051
34.550000000000004,normal,4.289721054825777,-1.0337881758245049,1.2,0.3942921588233001,0.9169952829338663,1.1308982852022307,252.2710219314048,95.23709797239873,1.2,1.3520882611612695,1.1308982852022307
34.6,normal,4.298719708688866,-1.0148138713931907,1.2,0.39686822784693865,0.9333879669760587,1.10999249469868,253.0884744780543,95.42350425044157,1.2,1.471373378168223,1.10999249469868
34.65,normal,4.307718362551957,-0.9958395669618731,1.2,0.39740521843169685,0.9463672533568743,1.101757015601826,253.90842852747934,95.60614878723075,1.2,1.4764712199909709,1.101757015601826
34.7,normal,4.316717016415048,-0.9768652625305557,1.2,0.3958534924773279,0.9555047591391486,1.1081566834575887,254.94929905185148,95.78521024321724,1.2,1.6560805843456687,1.1081566834575887
34.75,normal,4.325715670278138,-0.9578909580992415,1.2,0.39202721144672037,0.9589373786036497,1.1238190508570471,255.6016952070333,95.95740454432635,1.2,1.2471942109687355,1.1238190508570471
34.800000000000004,normal,4.33471432414123,-0.938916653667921,1.2,0.38699805176422053,0.9563223190881491,1.1484494981245077,256.2877767759056,96.12372710011981,1.2,1.3114948431120492,1.1484494981245077
34.85,normal,4.343712978004319,-0.9199423492366067,1.2,0.3808937801378514,0.9474379446198895,1.1769280453264523,256.64807841529034,96.28575517313179,1.2,1.0138506419053652,1.1769280453264523
34.9,normal,4.35271163186741,-0.9009680448052894,1.2,0.37451970254272826,0.9353329209194106,1.1942479189050583,257.3659101324207,96.43732686194167,1.2,1.3617130275698832,1.1942479189050583
34.95,normal,4.361710285730501,-0.8819937403739719,1.2,0.36844680116188094,0.9226600422194557,1.1979189088136122,258.0661338900767,96.5799056790302,1.2,1.3340303903235913,1.1979189088136122
35.0,normal,4.370708939593591,-0.8630194359426576,1.2,0.36281292165901863,0.910961426066027,1.204268350635773,258.7519017700804,96.71666369651092,1.2,1.3084868597142694,1.204268350635773
35.050000000000004,normal,4.379707593456684,-0.844045131511337,1.2,0.35766246441682026,0.9010552529350033,1.212442935929874,259.4091641949383,96.85212013014178,1.2,1.310546135802764,1.212442935929874
35.1,normal,4.388706247319773,-0.8250708270800229,1.2,0.35300621813577004,0.893211858698401,1.2025148504095577,260.0218690340686,96.99005020181467,1.2,1.267096267715836,1.2025148504095577
35.15,normal,4.397704901182863,-0.8060965226487085,1.2,0.34888628072945116,0.8872287527215394,1.1826065082838282,260.58251300195684,97.13235757540187,1.2,1.1588618117144684,1.1826065082838282
35.2,normal,4.406703555045954,-0.7871222182173879,1.2,0.3453656180567002,0.8823181551465982,1.1575514650809273,261.0317648252699,97.27920332085003,1.2,1.0582174484007218,1.1575514650809273
35.25,normal,4.415702208909044,-0.7681479137860737,1.2,0.3424654995539873,0.8770018825167603,1.1319341647694203,261.3616752334084,97.42921644414895,1.2,1.0228047482026952,1.1319341647694203
35.300000000000004,normal,4.424700862772135,-0.7491736093547563,1.2,0.3399739030268384,0.8690316864368943,1.1098858125880664,261.69145177100984,97.58115121610052,1.2,0.9788218942169762,1.1098858125880664
35.35,normal,4.433699516635226,-0.7301993049234389,1.2,0.3376318656682561,0.8568054425232112,1.0999632592111415,262.4559028906932,97.72636763332991,1.2,1.4619730287676487,1.0999632592111415
35.4,normal,4.442698170498315,-0.7112250004921246,1.2,0.3341525770709409,0.8403063478535933,1.1030569366522742,263.4908144503096,97.86510256259592,1.2,1.807191470110483,1.1030569366522742
35.45,normal,4.451696824361408,-0.6922506960608039,1.2,0.3290051856689943,0.8184801932719188,1.1185146550923366,264.48960678047564,97.998880608853,1.2,1.8106883081751897,1.1185146550923366
35.5,normal,4.460695478224497,-0.6732763916294897,1.2,0.32234434832472786,0.7919392531044804,1.1454881183168613,265.3987582042897,98.12861544281483,1.2,1.7367270995437323,1.1454881183168613
35.550000000000004,normal,4.469694132087588,-0.6543020871981723,1.2,0.31437307072194043,0.7616075573450127,1.1826038111999468,266.18196700462875,98.254109896893,1.2,1.5937867068726137,1.1826038111999468
35.6,normal,4.478692785950678,-0.6353277827668549,1.2,0.3053948537271831,0.7288932128219475,1.2090943267444454,266.7895185097147,98.38276647285684,1.2,1.3473123460587106,1.2090943267444454
35.65,normal,4.487691439813768,-0.6163534783355407,1.2,0.2964081775113132,0.6981404726012433,1.2135025320436996,267.22435499300434,98.51340482929746,1.2,1.2572642254475865,1.2135025320436996
35.7,normal,4.496690093676859,-0.5973791739042232,1.2,0.2885576912691528,0.6723230889555406,1.204911293296533,267.68352154744565,98.64331491346152,1.2,1.2702706581129568,1.204911293296533
35.75,normal,4.50568874753995,-0.5784048694729058,1.2,0.28226731882785316,0.6532389925831171,1.1986090548536272,268.1380694231896,98.77214884261812,1.2,1.2125732096878123,1.1986090548536272
35.800000000000004,normal,4.514687401403041,-0.5594305650415883,1.2,0.27724305714826264,0.6411738277429752,1.1951621183907668,268.57734267102177,98.89956987724953,1.2,1.1451114087746825,1.1951621183907668
35.85,normal,4.523686055266132,-0.5404562606102709,1.2,0.27314430455318184,0.6360050874444368,1.194737377339924,268.99340996443004,99.0259235650536,1.2,1.12701165285603,1.194737377339924
35.9,normal,4.532684709129221,-0.5214819561789567,1.2,0.26985017839656084,0.637537656131819,1.1971053628230626,269.4027736291142,99.15170353860515,1.2,1.1499387998945756,1.1971053628230626
35.95,normal,4.541683362992313,-0.5025076517476392,1.2,0.26737699127854536,0.645506487882857,1.1910474590643227,269.81722279716195,99.27783057919571,1.2,1.1813740169283908,1.1910474590643227
36.0,normal,4.550682016855403,-0.4835333473163218,1.2,0.2657357239690007,0.6595830019801333,1.1862689742135024,270.2277641730905,99.40573978855517,1.2,1.1891693423243221,1.1862689742135024
36.050000000000004,normal,4.559680670718494,-0.4645590428850043,1.2,0.2648338645926912,0.6793844913439312,1.1891278265529688,270.91562198895156,99.53286181256331,1.2,1.4131594484734664,1.1891278265529688
36.1,normal,4.568679324581585,-0.44558473845368707,1.2,0.2655877517973527,0.7044854554896974,1.1966618906058102,271.5178868570205,99.66096089750037,1.2,1.2592515546797658,1.1966618906058102
36.15,normal,4.577677978444674,-0.4266104340223727,1.2,0.2680713506989725,0.7340604405825831,1.2082615940681352,272.0427717674637,99.79459451751832,1.2,1.0669675509063343,1.2082615940681352
36.2,normal,4.586676632307765,-0.4076361295910553,1.2,0.2721035404905773,0.7571213377849296,1.1878516648752158,272.54333685301185,99.93630591235603,1.2,0.9581294267974177,1.1878516648752158
36.25,normal,4.595675286170856,-0.38866182515973796,1.2,0.2775574972068442,0.7601718315549892,1.170899571424538,273.08583052374223,100.08721955153918,1.2,1.0730302766603643,1.170899571424538
36.300000000000004,normal,4.604673940033948,-0.36968752072842054,1.2,0.2844210313967317,0.7656881003606524,1.1611557264687025,273.71764466291324,100.24790852928045,1.2,1.3013955769888113,1.1611557264687025
36.35,normal,4.613672593897037,-0.35071321629710617,1.2,0.29293624632228105,0.7737564706908049,1.1597593563460156,274.11487798636324,100.4136460340371,1.2,1.1657804422284046,1.1597593563460156
36.4,normal,4.6226712477601275,-0.3317389118657889,1.2,0.30266637676285085,0.784371623007275,1.1610128933477468,274.83725685673215,100.57247927287645,1.2,1.472988688594036,1.1610128933477468
36.45,normal,4.631669901623218,-0.31276460743447143,1.2,0.31175380391447405,0.7974312920327098,1.1643602981699062,275.81408398038207,100.72979154247508,1.2,1.7881404233741347,1.1643602981699062
36.5,normal,4.640668555486309,-0.293790303003154,1.2,0.31930523430239566,0.8160485833640798,1.1710946305809409,277.11859891447614,100.88144077605571,1.2,2.115906795889642,1.1710946305809409
36.550000000000004,normal,4.6496672093494,-0.27481599857183653,1.2,0.32396073695594263,0.8396343917480811,1.1801058666497473,278.28483844726253,101.02843120003442,1.2,1.9431043994590418,1.1801058666497473
36.6,normal,4.658665863212489,-0.2558416941405224,1.2,0.326322511957595,0.8665537843379225,1.190329975361749,279.3494672330879,101.17142049082564,1.2,1.7881965542679352,1.190329975361749
36.65,normal,4.66766451707558,-0.2368673897092049,1.2,0.32731571855376657,0.8950948567812584,1.1989492302316624,280.29675872557334,101.31301876918972,1.2,1.6546612442567052,1.1989492302316624
36.7,normal,4.676663170938672,-0.21789308527788745,1.2,0.33077970258006795,0.9245009784842859,1.183126490038397,281.21288870572806,101.45585764416825,1.2,1.621841576560812,1.183126490038397
36.75,normal,4.685661824801761,-0.19891878084657327,1.2,0.34187327189095795,0.954062664962452,1.1466909367712097,282.37164600400496,101.59487185245285,1.2,1.9348560540772262,1.1466909367712097
36.800000000000004,normal,4.694660478664854,-0.17994447641525255,1.2,0.3515323590509449,0.978059076509181,1.124810370776068,283.5927126090071,101.73433877456104,1.2,1.9554641069035643,1.124810370776068
36.85,normal,4.703659132527942,-0.16097017198393837,1.2,0.35808383754904244,0.9964569310364315,1.1176618986394502,284.7766677113766,101.87584210475615,1.2,1.9492190174111805,1.1176618986394502
36.9,normal,4.712657786391033,-0.14199586755262092,1.2,0.36144079072425617,1.006155340779472,1.1253691494602722,285.93914878239616,102.02056079426339,1.2,1.9641786194240833,1.1253691494602722
36.95,normal,4.721656440254125,-0.12302156312130347,1.2,0.3616199915629265,0.9926326615943759,1.1443353029327348,286.9225825024263,102.1667098814896,1.2,1.848660779264113,1.1443353029327348
37.0,normal,4.730655094117214,-0.10404725868998929,1.2,0.35974353564392575,0.9770899021103367,1.173310533561529,287.7742892617135,102.31626841752077,1.2,1.7507779146101299,1.173310533561529
37.050000000000004,normal,4.739653747980307,-0.08507295425866872,1.2,0.3560819086590539,0.9601256922964361,1.2068904872391815,288.30118419053383,102.4688359383789,1.2,1.4303238755224268,1.2068904872391815
37.1,normal,4.748652401843396,-0.06609864982735439,1.2,0.35170431639368704,0.942330046779057,1.2408015423876708,289.09539795552985,102.61116153704842,1.2,1.720148086824611,1.2408015423876708
37.15,normal,4.757651055706486,-0.04712434539604021,1.2,0.3475096922343996,0.9298356242347665,1.2711115034543257,290.1494689804748,102.74356241785729,1.2,1.85773716595386,1.2711115034543257
37.2,normal,4.7666497095695775,-0.028150040964719646,1.2,0.34432114339662495,0.9227745852882367,1.2751091356059274,291.16900873736364,102.86849593201035,1.2,1.7991089744601116,1.2751091356059274
37.25,normal,4.7756483634326665,-0.009175736533405305,1.2,0.34225155779705146,0.9210890895959205,1.2687540452647328,292.1415993731731,102.99434829281667,1.2,1.7427390307839574,1.2687540452647328
37.300000000000004,normal,4.79084466240125,0.0,1.2,0.34897786234611294,0.9245548712920264,1.258408072154803,293.0761632051501,103.12284883738191,1.2,1.6971359113334656,1.258408072154803
37.35,normal,4.81184466240125,0.0,1.2,0.3615307671298142,0.9328187836440993,1.2447260549871009,293.96662188142443,103.25522391430411,1.2,1.6533470770485443,1.2447260549871009
37.4,normal,4.832844662401247,0.0,1.2,0.3764844699719688,0.9453820404392232,1.2280060108976618,295.13177702979414,103.39372563873633,1.2,2.0729964448247213,1.2280060108976618
37.45,normal,4.853844662401252,0.0,1.2,0.3937093565568939,0.9441009418498625,1.215771439098858,296.1749678980344,103.53118075829677,1.2,1.921714481040825,1.215771439098858
37.5,normal,4.874844662401249,0.0,1.2,0.4112837190661239,0.9431202361164808,1.208825601915337,297.1590316873937,103.66641289244401,1.2,1.829681613046024,1.208825601915337
37.550000000000004,normal,4.89584466240125,0.0,1.2,0.42832847235579213,0.9452530507901888,1.1919958740977945,298.0892593244061,103.80149890409498,1.2,1.728423298152134,1.1919958740977945
37.6,normal,4.9168446624012505,0.0,1.2,0.44470533834363624,0.9493342831538125,1.1739876292374025,298.9890672740794,103.93941668069671,1.2,1.6876863627412846,1.1739876292374025
37.65,normal,4.937844662401248,0.0,1.2,0.46047178011279327,0.9540754079106344,1.1636781976103114,300.01575576626567,104.07798519042677,1.2,1.8020022615385323,1.1636781976103114
37.7,normal,4.958844662401253,0.0,1.2,0.4749350457637319,0.9524284139621593,1.161206554270773,300.6922682223997,104.21733540471352,1.2,1.4015478556164993,1.161206554270773
37.75,normal,4.979844662401249,0.0,1.2,0.48829159484142065,0.9440124038385116,1.156119813644932,301.066791955566,104.35726003777907,1.2,1.0593506139037898,1.156119813644932
37.800000000000004,normal,5.000844662401251,0.0,1.2,0.5015523850366247,0.933154905936546,1.1348707285594752,301.87077839110094,104.49164887609729,1.2,1.608113409569381,1.1348707285594752
37.85,normal,5.02184466240125,0.0,1.2,0.5147905754878657,0.9195400223814392,1.124962925049673,303.1874234145962,104.62391363743377,1.2,2.111590417001608,1.124962925049673
37.9,normal,5.042844662401248,0.0,1.2,0.5281113816192644,0.9027493264250921,1.124935933476893,304.6137033908134,104.75539231921029,1.2,2.1835363218840085,1.124935933476893
37.95,normal,5.063844662401249,0.0,1.2,0.5411759333784741,0.8828945547393714,1.124427759065787,306.36200736822434,104.88575248268377,1.2,2.470265640838278,1.124427759065787
38.0,normal,5.08484466240125,0.0,1.2,0.5549654741049773,0.8602348696048032,1.1342996507642724,308.01616503924,105.01961466285698,1.2,2.401785290411826,1.1342996507642724
38.050000000000004,normal,5.105844662401251,0.0,1.2,0.5694790317273178,0.8346764413592471,1.1538111869511662,309.3181447463571,105.16128867045258,1.2,2.0952466931685385,1.1538111869511662
38.1,normal,5.126844662401248,0.0,1.2,0.5842855987631442,0.8065064459441806,1.1793800645957586,310.2962445174687,105.31610215915828,1.2,1.710910142137804,1.1793800645957586
38.15,normal,5.147844662401249,0.0,1.2,0.5985449721897652,0.7771212126603675,1.1957218230627977,310.91485152272617,105.48100188841951,1.2,1.4651760589306273,1.1957218230627977
38.2,normal,5.168844662401249,0.0,1.2,0.6114448511602744,0.748063375450481,1.1991543190912513,311.50952589446024,105.65096380509205,1.2,1.4633284060874603,1.1991543190912513
38.25,normal,5.189844662401247,0.0,1.2,0.6223101807012353,0.7208042542431617,1.2023411073621155,312.2260626706967,105.82445833110455,1.2,1.5650526986429942,1.2023411073621155
38.300000000000004,normal,5.210844662401251,0.0,1.2,0.6306226697508821,0.696676512190043,1.2050813771603557,313.3432978416096,106.00368815089111,1.2,1.9046504211064903,1.2050813771603557
38.35,normal,5.231844662401248,0.0,1.2,0.6370848534305044,0.6768801584679304,1.2078228014661492,314.42484134344903,106.18961975175456,1.2,1.836395876802395,1.2078228014661492
38.400000000000006,column,5.252844662401249,0.0,1.2,1.1413808643176153,0.6622654991776361,1.1871321031545403,316.2096164037455,106.37248579131473,1.2,2.5619239663461206,1.1871321031545403
38.45,column,5.27384466240125,0.0,1.2,1.147836932458596,0.6495630014519912,1.173945503518002,317.6005030669233,106.54926288661737,1.2,2.1635164430934575,1.173945503518002
38.5,column,5.294844662401247,0.0,1.2,1.1499956613277817,0.6391292496341424,1.170335450624154,319.2983606305695,106.71552407152501,1.2,2.4652259145905258,1.170335450624154
