time,mode,center_x,center_y,formation_error,min_obstacle_clearance,min_agent_distance,energy,path_length,max_height,avg_force_norm
0.0,normal,-5.2,0.0,0.0,3.509215610874228,0.7678026813146706,1.5762657782081257,0.029016475418303142,1.2,2.3213180334642978
0.05,normal,-5.183,0.0,0.01694583154755795,3.5082188795938656,0.783559933025506,3.1428763551766306,0.08708683849964435,1.2,2.3243781335824565
0.1,normal,-5.166,0.0,0.034457947316564,3.506080390797309,0.8072615903383349,4.582424006095771,0.17322444790174313,1.2,2.245626650825668
0.15000000000000002,normal,-5.149000000000001,0.0,0.05367552539830287,3.5025742390056767,0.8385045493300501,5.8238817745477345,0.2857168405653546,1.2,2.108987286387408
0.2,normal,-5.132000000000001,0.0,0.07602247608972587,3.497419631142299,0.8771007069804803,6.861418241512575,0.4225809858986933,1.2,1.953206050975187
0.25,normal,-5.115,0.0,0.10233959751817731,3.4903137605997587,0.9254644957584521,7.447544530691239,0.5742425503839478,1.2,1.4743252253565227
0.30000000000000004,normal,-5.098,0.0,0.13086135907956623,3.480970360203541,0.9843829954695901,8.052614380113102,0.7316112000379529,1.2,1.2529658268361499
0.35000000000000003,normal,-5.0809999999999995,0.0,0.1594489501349266,3.469210130032425,1.0533625141257863,8.791002313314927,0.8909389969608094,1.2,1.5754904635103868
0.4,normal,-5.064,0.0,0.18700597270979363,3.455069371869776,1.1313836886085353,9.458352193222767,1.0520786526976238,1.2,1.515152156617869
0.45,normal,-5.047,0.0,0.2134136184980108,3.438819399501863,1.2119917676363372,9.831366374117867,1.209864780929307,1.2,1.1663781287860453
0.5,normal,-5.03,0.0,0.23819401466876933,3.42090007504338,1.2210583973210893,10.276977367909634,1.356031843009943,1.2,1.2147076830866186
0.55,normal,-5.013,0.0,0.2604479680271377,3.401834616347424,1.2302762991836564,10.779419923371137,1.4892127976568603,1.2,1.2288305611113381
0.6000000000000001,normal,-4.9959999999999996,0.0,0.27999762701331166,3.382155937786341,1.23942167061427,11.26858808218524,1.6095840979924345,1.2,1.1722382534689444
0.65,normal,-4.979,0.0,0.29686420371963224,3.362354334780509,1.247968739493613,11.744849365794146,1.7176192938302028,1.2,1.167476805322707
0.7000000000000001,normal,-4.962000000000001,0.0,0.3111129499398645,3.3428468439397987,1.2556622500318835,12.203753206509987,1.8141345753102258,1.2,1.1670950114563075
0.75,normal,-4.945,0.0,0.32285434261824053,3.3239664825182436,1.2624465117363846,12.639243341127067,1.9006785804173454,1.2,1.1381449273739705
0.8,normal,-4.928,0.0,0.33216570244923765,3.3057628258492144,1.2683303677936077,13.047151010385733,1.979430971586598,1.2,1.0977874514276038
0.8500000000000001,normal,-4.9110000000000005,0.0,0.33912801005717047,3.288206861192757,1.2733093880164685,13.424933745200908,2.0530836327639777,1.2,1.0528351649763774
0.9,normal,-4.894,0.0,0.34383834867521224,3.2712671306872396,1.2774219968557536,13.770821967453463,2.124498590461413,1.2,1.0038451117438068
0.9500000000000001,normal,-4.877,0.0,0.34640759353253997,3.2549100744309927,1.2807155270380948,14.083791474773413,2.196203582252866,1.2,0.9513707147298298
1.0,normal,-4.86,0.0,0.3469586554475411,3.2391003669773797,1.2832277304180855,14.363519640188859,2.2700979477365517,1.2,0.8959590659556685
1.05,normal,-4.843000000000001,0.0,0.3456251057726146,3.2238012455058103,1.2850005896943364,14.6103282820616,2.347460444821529,1.2,0.838148742267982
1.1,normal,-4.8260000000000005,0.0,0.3425500879642504,3.2089748280876575,1.2860793171094136,14.825116157682524,2.429080375382636,1.2,0.7784683029787838
1.1500000000000001,normal,-4.809,0.0,0.3378854581541484,3.1945824206218916,1.286511433949098,15.009283958931611,2.5153826047418026,1.2,0.7174357333016792
1.2000000000000002,normal,-4.792,0.0,0.33179110708961285,3.1805848111698127,1.2863459326087665,15.16465455051538,2.6065204421892383,1.2,0.6555592959836868
1.25,normal,-4.775,0.0,0.32443440177204913,3.166942550570642,1.2856325222156029,15.293391000920812,2.7024449009554266,1.2,0.5933406284319458
1.3,normal,-4.758000000000001,0.0,0.3159896437497819,3.153616218369458,1.284420958051815,15.397914723948734,2.802958640223513,1.2,0.5312816485961738
1.35,normal,-4.741,0.0,0.30663736629078053,3.140566673235245,1.2827604542863047,15.480825784949191,2.9077585067313105,1.2,0.4698982547072285
1.4000000000000001,normal,-4.724,0.0,0.29656318267946014,3.1277552871893812,1.2698602913279646,15.54482714073067,3.016468762990034,1.2,0.4097465165943154
1.4500000000000002,normal,-4.707,0.0,0.28595576935584105,3.1151441631030083,1.2449576027937004,15.592654285016604,3.1286667316097585,1.2,0.3514715155622946
1.5,normal,-4.6899999999999995,0.0,0.27500347973326283,3.1026963350552066,1.2197552597386607,15.627277568347901,3.244012369882681,1.2,0.29934666398214427
1.55,normal,-4.673,0.0,0.26387337065744776,3.0903759512721853,1.1960863127845882,15.665631022424549,3.3617492256688246,1.2,0.3572496169191271
1.6,normal,-4.656,0.0,0.2527682520597634,3.0781484394904917,1.1757486620954167,15.77090207961317,3.4814355218283883,1.2,0.5772977309793227
1.6500000000000001,normal,-4.639,0.0,0.2417659158816637,3.065980654704278,1.160173006032624,16.0003506122156,3.603351795504383,1.2,0.8465905748544016
1.7000000000000002,normal,-4.622,0.0,0.23082145230407747,3.053841009367498,1.151471431093237,16.35704666328616,3.7282261472125136,1.2,1.0501398502071948
1.75,normal,-4.6049999999999995,0.0,0.21987107670181386,3.041699586226387,1.1500037311081448,16.77940082360038,3.8551301194533796,1.2,1.1422730937419228
1.8,normal,-4.588,0.0,0.2091871104971827,3.029528234055441,1.1350160889566496,17.313388409465297,3.9818159674431994,1.2,1.3424602592241341
1.85,normal,-4.571,0.0,0.19918885732961436,3.016825377289175,1.108534375458662,18.14123197028589,4.105146942864759,1.2,1.632265565672666
1.9000000000000001,normal,-4.554,0.0,0.19049675479307177,3.0029468829587707,1.0952094939965011,18.982533667345248,4.225864600068728,1.2,1.607336710454025
1.9500000000000002,normal,-4.537,0.0,0.18332953023131943,2.987180900944404,1.0946164487699677,19.74054291383618,4.346885695165729,1.2,1.5023718966568063
2.0,normal,-4.5200000000000005,0.0,0.1779470653957679,2.968832844875344,1.1062487343337541,20.458571948493933,4.471676587051242,1.2,1.4752273528152116
2.0500000000000003,normal,-4.503,0.0,0.1747964782353483,2.947341639566311,1.1295039303216843,21.14418999395329,4.602948381351174,1.2,1.4805205935973065
2.1,normal,-4.486000000000001,0.0,0.17421656698310928,2.922401100498675,1.1604763369769877,21.543218284785517,4.739975345230365,1.2,1.1877180176060154
2.15,normal,-4.469,0.0,0.17566587787036414,2.894044669460574,1.1836103002593175,21.70255481399098,4.879583787531804,1.2,0.7389619039146347
2.2,normal,-4.452000000000001,0.0,0.17800042983061895,2.8626577294728053,1.1922849977495025,21.802019483233625,5.018916707088074,1.2,0.5824915730172744
2.25,normal,-4.4350000000000005,0.0,0.18024300016696584,2.828912395540935,1.2026609599137745,21.914341056754054,5.156067037489227,1.2,0.6494551409310798
2.3000000000000003,normal,-4.418,0.0,0.18179323401146635,2.793653127500657,1.2141455291293517,22.035061133776765,5.290292657126992,1.2,0.6102127121473077
2.35,normal,-4.401000000000001,0.0,0.18243704485793288,2.7577743325032236,1.2169257388952086,22.141507281173435,5.421590428527718,1.2,0.5329887176173854
2.4000000000000004,normal,-4.384,0.0,0.18225301055480714,2.722121141234102,1.216441963454139,22.24704999912075,5.549932720001676,1.2,0.5727734926665761
2.45,normal,-4.367,0.0,0.18477466100243395,2.6874254546689293,1.2156290129901597,22.357245973727505,5.675080190195401,1.2,0.6035399798775302
2.5,normal,-4.35,0.0,0.19000361493449358,2.6542778902731357,1.2145743776713935,22.472769921669947,5.796911810842459,1.2,0.6189706916256302
2.5500000000000003,normal,-4.333,0.0,0.19396301110036845,2.623129235268628,1.2133862857053666,22.582659230497775,5.915660611270813,1.2,0.6003929078355538
2.6,normal,-4.316,0.0,0.19665445930122774,2.5940481189770574,1.2121834386052952,22.68318182979899,6.031637650009289,1.2,0.5706193181757644
2.6500000000000004,normal,-4.2989999999999995,0.0,0.19814461619435592,2.5669944838691956,1.2110842879802333,22.774433226395626,6.1451220702101805,1.2,0.5393131421883802
2.7,normal,-4.282,0.0,0.1985139445500282,2.54191768880837,1.2101966660850474,22.856684184822672,6.256359016418607,1.2,0.5074588002098361
2.75,normal,-4.265000000000001,0.0,0.19785035356897016,2.5187574716578203,1.2090390103246091,22.930264013820825,6.365557895790817,1.2,0.47572042534438025
2.8000000000000003,normal,-4.248,0.0,0.19624486367499347,2.497444912920918,1.2080683231068916,22.995482851883093,6.472890441025073,1.2,0.44440336756502496
2.85,normal,-4.231,0.0,0.19378809635628835,2.4779033938598625,1.2076516753381672,23.052615196310008,6.5784887039943785,1.2,0.41356284210989075
2.9000000000000004,normal,-4.214,0.0,0.19056755660085173,2.4600495431942813,1.207789251017794,23.09840796620801,6.68235017080964,1.2,0.36875412437753163
2.95,normal,-4.197,0.0,0.18669691249146675,2.443794167122329,1.2083321138822325,23.124102811810484,6.783882984479578,1.2,0.25919732493393477
3.0,normal,-4.18,0.0,0.18245076516010308,2.4290431580186365,1.1893217349924061,23.151743702970037,6.882247570402997,1.2,0.28110027742703475
3.0500000000000003,normal,-4.163,0.0,0.17814397073814267,2.415698377734766,1.1717033915595472,23.213067506083416,6.976656735753733,1.2,0.4233546087877298
3.1,normal,-4.146,0.0,0.17409098512839857,2.403658511951577,1.1591472209926579,23.332408604002897,7.0667488945656025,1.2,0.559109148730213
3.1500000000000004,normal,-4.129,0.0,0.17056850303450669,2.392819892506055,1.1528876579677465,23.504241003582173,7.152976005076585,1.2,0.6418393682384549
3.2,normal,-4.112,0.0,0.16778544080134003,2.383007741956842,1.1532413053993478,23.68674063992834,7.236636556771777,1.2,0.6328494702536973
3.25,normal,-4.095,0.0,0.16588086531944396,2.373800003470379,1.1595291212218153,23.83488784512057,7.318862174595437,1.2,0.5669071878600913
3.3000000000000003,normal,-4.077999999999999,0.0,0.16485043991218218,2.364762525563779,1.1703073002139732,23.926918695440047,7.400311844973548,1.2,0.48654675943057296
3.35,normal,-4.061,0.0,0.16458864369798187,2.3554762589533444,1.183766735529455,23.9736837670813,7.481043337562534,1.2,0.40215998154200855
3.4000000000000004,normal,-4.0440000000000005,0.0,0.16492953131096527,2.3455670444534586,1.1981066328526593,24.001688453785377,7.560765556864838,1.2,0.33032548140369633
3.45,normal,-4.027,0.0,0.16568861941329863,2.334734565592761,1.1981526761494015,24.033283562552768,7.6391420022853325,1.2,0.34972785948924967
3.5,normal,-4.01,0.0,0.16669403422465442,2.3227757752683864,1.196924180700955,24.078281119897166,7.715979262298132,1.2,0.41551279178424216
3.5500000000000003,normal,-3.993,0.0,0.16780289869833842,2.3095981947983075,1.1966123005920428,24.135541784430423,7.791296736609199,1.2,0.4546586871332455
3.6,normal,-3.976,0.0,0.1689050330239977,2.295220277285268,1.1972798953394155,24.198183278322514,7.865320839134182,1.2,0.4562674938012631
3.6500000000000004,normal,-3.9589999999999996,0.0,0.16991881630044953,2.2797589927236706,1.198898365275777,24.25820837499776,7.938433110370844,1.2,0.42471914160425966
3.7,normal,-3.9419999999999997,0.0,0.17078424060277575,2.2634077043509677,1.2013544493601669,24.309245823188313,8.011079863687954,1.2,0.3671773093442371
3.75,normal,-3.925,0.0,0.17145697495219497,2.2464090928013416,1.204462880876729,24.347669526227783,8.083653224866065,1.2,0.2908709145303089
3.8000000000000003,normal,-3.9079999999999995,0.0,0.17190533702542865,2.2290279167036626,1.2079784035876708,24.37278571905739,8.156380612440607,1.2,0.21900414325098025
3.85,normal,-3.891,0.0,0.17211009756639212,2.21152717632883,1.210705274730239,24.386618333833756,8.229272623176294,1.2,0.18522302135245328
3.9000000000000004,normal,-3.8739999999999997,0.0,0.17206574096235316,2.1941495591242735,1.2134542050932926,24.393480468378673,8.302150852613341,1.2,0.1587728396050258
3.95,normal,-3.857,0.0,0.17178141221060178,2.1771045607892017,1.2049784674462647,24.39921065747289,8.374737839393942,1.2,0.14425868510681925
4.0,normal,-3.8400000000000003,0.0,0.17128011008153754,2.1605607079687354,1.1966213972265984,24.409712651403286,8.446755179208408,1.2,0.20211307203193654
4.05,normal,-3.8230000000000004,0.0,0.17059515497965871,2.1446418652419137,1.1897534622139745,24.429041296261385,8.51799758669396,1.2,0.2684639865597732
4.1000000000000005,normal,-3.806,0.0,0.16976538179105516,2.1294269643408787,1.1849813131969762,24.457953471407276,8.58846388962845,1.2,0.3174541308452865
4.15,normal,-3.789,0.0,0.1688312575880214,2.1149533769493942,1.1826545732914737,24.4928629381824,8.658356212681323,1.2,0.3397960147529453
4.2,normal,-3.7720000000000002,0.0,0.16782868156625036,2.10122070820245,1.1828215611627977,24.527289320742653,8.727994634981142,1.2,0.3319638631656424
4.25,normal,-3.7550000000000003,0.0,0.16678484048449607,2.088194265314261,1.1852375725022093,24.554989929676083,8.79770689891361,1.2,0.296429721148487
4.3,normal,-3.7380000000000004,0.0,0.16571710471084738,2.0758081662930996,1.1894237238829706,24.572842148690373,8.86775282043913,1.2,0.24169624040985824
4.3500000000000005,normal,-3.721,0.0,0.1646345609439312,2.063968145242333,1.19475768586093,24.581758430868646,8.938307164510327,1.2,0.17984435646889024
4.4,normal,-3.704,0.0,0.16354147581540895,2.052554187983975,1.2005707823026364,24.58506491380868,9.009417770709236,1.2,0.11376950171205732
4.45,normal,-3.6870000000000003,0.0,0.16245456435622063,2.0414232564295984,1.2062313426193618,24.586927095488704,9.081078979215317,1.2,0.07259444593790136
4.5,normal,-3.6700000000000004,0.0,0.1631055093794093,2.030414116405031,1.2046581636185427,24.59077624203792,9.153305970551946,1.2,0.11579738479742327
4.55,normal,-3.653,0.0,0.16415311323001605,2.019354338688255,1.2032053442079924,24.598307698707337,9.226158985998474,1.2,0.16632920521530875
4.6000000000000005,normal,-3.636,0.0,0.16513596420179932,2.008068468101108,1.2024589955815357,24.60952544617315,9.29974538862034,1.2,0.20338691924483276
4.65,normal,-3.619,0.0,0.16600753493277062,1.9963872752607024,1.202392172211632,24.62327002856706,9.374203758595176,1.2,0.22495044184536042
4.7,normal,-3.6020000000000003,0.0,0.16673219701101855,1.984157730997336,1.202916340574899,24.63787034953635,9.44967736788911,1.2,0.23111218014112495
4.75,normal,-3.585,0.0,0.16728588655930773,1.9712530085040967,1.2038990245152144,24.651701887231653,9.526285845302729,1.2,0.22300166490111764
4.800000000000001,normal,-3.575297102343828,-0.011040052247864368,0.167108901515218,1.9575815083797357,1.2052121552167487,24.66367057616772,9.603882557315442,1.2,0.199900678347714
4.8500000000000005,normal,-3.568634663997584,-0.02668012626567183,0.17020255471658224,1.94311548544948,1.2065809276293933,24.674889568251924,9.682214632480239,1.2,0.18431685863459737
4.9,normal,-3.56197222565134,-0.0423202002834793,0.1767124742176882,1.9278799569545628,1.2067817951088,24.68741169938454,9.761049003727877,1.2,0.21355617355127499
4.95,normal,-3.5553097873050965,-0.057960274301286974,0.186183358513525,1.9119423891536782,1.2028952370605765,24.703710090591322,9.840202234175894,1.2,0.25048466274916387
5.0,normal,-3.548647348958853,-0.07360034831909443,0.19883082998035184,1.8954080464933398,1.1992717325338553,24.726393622142425,9.919572135883556,1.2,0.28847736833201465
5.050000000000001,normal,-3.5419849106126087,-0.08924042233690209,0.2143076350671384,1.8784117688203097,1.1961791153873147,24.757836644382998,9.999163565288006,1.2,0.32961023122431277
5.1000000000000005,normal,-3.5353224722663645,-0.10488049635470957,0.2317392398277894,1.8611073052494975,1.193807231465099,24.79983515176224,10.079102135006067,1.2,0.37511195947300685
5.15,normal,-3.5286600339201204,-0.12052057037251725,0.2504043873285875,1.843655596878701,1.1922527491766803,24.85340648535381,10.159634522770904,1.2,0.42345350953522576
5.2,normal,-3.5219975955738767,-0.1361606443903247,0.26975276737923115,1.8262133525563014,1.191515604907763,24.91878433631155,10.24111955553288,1.2,0.4714351387982968
5.25,normal,-3.515335157227633,-0.15180071840813217,0.2893177257087137,1.8089229786569823,1.1915076134726805,24.995564280484693,10.324015349256952,1.2,0.5160767365513539
5.300000000000001,normal,-3.508672718881389,-0.16744079242593982,0.308689298740083,1.7919045360538044,1.1920713806601055,25.082895033506144,10.408863944620034,1.2,0.5552852925498422
5.3500000000000005,normal,-3.5020102805351447,-0.1830808664437475,0.3275098792189432,1.7752500288400956,1.1930058181859846,25.179624008646254,10.496271529052207,1.2,0.5878227214907545
5.4,normal,-3.495347842188901,-0.19872094046155497,0.3454729322502737,1.75902005770111,1.1940938444373996,25.284369521834176,10.58688370455765,1.2,0.6131574775295435
5.45,normal,-3.4886854038426574,-0.21436101447936243,0.3623205987641088,1.7432427202854284,1.1951282794280156,25.395551281697283,10.681358500870026,1.2,0.6313303838050779
5.5,normal,-3.482022965496413,-0.23000108849716988,0.3778403181861187,1.7279145943161234,1.1959330974151412,25.51142855857509,10.780339728891569,1.2,0.6428334564279219
5.550000000000001,normal,-3.475360527150169,-0.24564116251497778,0.39186113874882994,1.7130036563760245,1.1963785451831714,25.630173769421873,10.88443057911471,1.2,0.6484877687696654
5.6000000000000005,normal,-3.468698088803926,-0.26128123653278523,0.40425012420722484,1.6984540223458808,1.1963897628356195,25.74997447763213,10.994167450700001,1.2,0.6493047358991166
5.65,normal,-3.4620356504576817,-0.2769213105505927,0.4149090065675047,1.684192398759005,1.1959492858860943,25.869134153752455,11.109997492958943,1.2,0.6463140034668223
5.7,normal,-3.4553732121114376,-0.29256138456840014,0.4237710991080144,1.670136072284221,1.1950941854069659,25.986141800391763,11.232264441004485,1.2,0.6403614280019386
5.75,normal,-3.448710773765194,-0.3082014585862076,0.4307984421291384,1.6562021198811119,1.1939087407016615,26.099698426584236,11.36120363805408,1.2,0.6319403365473247
5.800000000000001,normal,-3.4420483354189497,-0.3238415326040155,0.43597916080680726,1.642317305233916,1.1925135781255398,26.208711993075582,11.496943237309296,1.2,0.6211702571341181
5.8500000000000005,normal,-3.435385897072706,-0.3394816066218229,0.4393250368573014,1.628427882465884,1.1910522585562133,26.312288555381933,11.639507943099298,1.2,0.6079789357950824
5.9,normal,-3.4287234587264623,-0.35512168063963045,0.4408693121840369,1.6145083314709818,1.1896764047076207,26.409747688556273,11.788823205269193,1.2,0.5924009662770555
5.95,normal,-3.4220610203802178,-0.3707617546574379,0.4406647422808934,1.6005679877283814,1.1878258856091068,26.49987227631447,11.943819574451666,1.2,0.5728325324503097
6.0,normal,-3.4153985820339745,-0.3864018286752453,0.4389387703445725,1.5866546681880342,1.184834058684105,26.583771859573574,12.103141420309191,1.2,0.553477877933601
6.050000000000001,normal,-3.4087361436877304,-0.40204190269305323,0.43595836417613515,1.572854741515186,1.1809359900202048,26.665363937467685,12.266333656211566,1.2,0.5388395806942794
6.1000000000000005,normal,-3.4020737053414862,-0.41768197671086066,0.43182644110138924,1.559289993986735,1.1764251593866273,26.74660806108921,12.432820287355035,1.2,0.5241072831869137
6.15,normal,-3.3954112669952425,-0.4333220507286682,0.42666971909224627,1.5461119044678397,1.1716433178766816,26.829303828952717,12.601939218476247,1.2,0.5120184426233256
6.2,normal,-3.388748828648999,-0.4489621247464756,0.4206350784518075,1.533493554042528,1.1669321876435992,26.917801223453644,12.772976708796993,1.2,0.5126667379662905
6.25,normal,-3.3820863903027547,-0.46460219876428305,0.41387747911476047,1.5216197314473463,1.1626121505774611,27.015586597966774,12.94517348872793,1.2,0.5266813361445726
6.300000000000001,normal,-3.3754239519565106,-0.480242272782091,0.4065616215022169,1.510676057344918,1.158962761130269,27.12535445776945,13.117762814898967,1.2,0.554119806583431
6.3500000000000005,normal,-3.368761513610267,-0.4958823467998984,0.39885358026322726,1.5008391892170534,1.1562066229068009,27.24781354716817,13.290015712350424,1.2,0.5866405399544407
6.4,normal,-3.3620990752640227,-0.5115224208177059,0.39091356756037116,1.4922361545220182,1.1544977245850685,27.380490470610727,13.46127798672174,1.2,0.610621255075133
6.45,normal,-3.3554366369177795,-0.5271624948355134,0.38289297238183473,1.4849032815519732,1.1539155640714678,27.51888617263702,13.63115219639893,1.2,0.6206991585764721
6.5,normal,-3.348774198571535,-0.5428025688533208,0.37488826421471433,1.4788569000577236,1.1544655913185071,27.658529079643227,13.799379591794068,1.2,0.6219227468211764
6.550000000000001,normal,-3.3421117602252908,-0.5584426428711287,0.3669723717014201,1.4740502425126338,1.156085457255601,27.79481317576482,13.965811053572494,1.2,0.615204472369715
6.6000000000000005,normal,-3.3354493218790475,-0.5740827168889361,0.3591993664381377,1.4703968781379981,1.1586559053994214,27.924368896914768,14.130337505577943,1.2,0.6046685356614138
6.65,normal,-3.3287868835328034,-0.5897227909067436,0.3516157708263723,1.4678067688531244,1.1620147136311105,28.045277735280184,14.292883596880968,1.2,0.592271513195611
6.7,normal,-3.3221244451865597,-0.605362864924551,0.3442657360585789,1.4661871183089328,1.1659719526851733,28.157264636675876,14.453399922623362,1.2,0.5796407741196314
6.75,normal,-3.315462006840316,-0.6210029389423589,0.33719698397218195,1.4654432290676442,1.1703249707251195,28.26147858806302,14.61185533225282,1.2,0.5683890680000764
6.800000000000001,normal,-3.308799568494072,-0.6366430129601665,0.3304670749694272,1.4654793537461372,1.1748718652530243,28.36000831677353,14.768230644085154,1.2,0.5599881720949158
6.8500000000000005,normal,-3.3021371301478277,-0.6522830869779739,0.3241494945020996,1.4661995266937196,1.1794226508209054,28.455318324163354,14.922514634773211,1.2,0.5554370263234217
6.9,normal,-3.2954746918015845,-0.6679231609957813,0.3183383454126058,1.467508363998385,1.1838077662854627,28.549758227268565,15.074702641012903,1.2,0.5550443866075161
6.95,normal,-3.2888122534553403,-0.6835632350135892,0.3131483410810364,1.46931182118348,1.1878839197267992,28.64523144105147,15.224797633779895,1.2,0.5584305509812107
7.0,normal,-3.282149815109096,-0.6992033090313967,0.30870327812293885,1.4715178997413034,1.1915375172470801,28.74304132316551,15.372813301644907,1.2,0.5647024344464957
7.050000000000001,normal,-3.275487376762852,-0.7148433830492043,0.30510543691062875,1.4740372955325276,1.1946860673063864,28.84388401165952,15.51877854788894,1.2,0.5726870123182982
7.1000000000000005,normal,-3.268824938416609,-0.7304834570670117,0.3023909190997477,1.476783983957043,1.1972780095770388,28.94793394851952,15.662742828672586,1.2,0.5811548243428621
7.15,normal,-3.2621625000703647,-0.7461235310848195,0.30050050428973074,1.479675738589674,1.1992914019367116,29.054967918550723,15.804781814397275,1.2,0.5890181014151622
7.2,normal,-3.2555000617241205,-0.761763605102627,0.29929519364710505,1.4826345816116901,1.2007318270495397,29.16448826480426,15.94500273788421,1.2,0.5954616298024764
7.25,normal,-3.2488376233778764,-0.7774036791204344,0.29860337713178575,1.4855871658155968,1.2016297707565118,29.275825681082406,16.08354826551602,1.2,0.5999752603347441
7.300000000000001,normal,-3.242175185031633,-0.7930437531382418,0.29826133331585714,1.4884650891949163,1.202037603051157,29.388218214694128,16.22059677962046,1.2,0.6023170718343401
7.3500000000000005,normal,-3.235512746685389,-0.8086838271560498,0.2981300787639896,1.4912051441466574,1.2019956404015055,29.500879216095683,16.356313998554313,1.2,0.6024703094971163
7.4,normal,-3.228850308339145,-0.8243239011738572,0.2980989931170283,1.4937495041183382,1.2015635191728358,29.61250362234883,16.491108858690694,1.2,0.5975833182375949
7.45,normal,-3.222187869992901,-0.8399639751916647,0.29803889879375445,1.496045851138881,1.2008236859898105,29.723579637452584,16.6254989089046,1.2,0.5979354183343762
7.5,normal,-3.2155254316466575,-0.8556040492094721,0.2978196020159118,1.4980474481040476,1.1998674732195043,29.834788448223996,16.75998549826632,1.2,0.605634484854761
7.550000000000001,normal,-3.2088629933004134,-0.87124412322728,0.29732652888545086,1.4997131599658269,1.198746683598621,29.944302044385193,16.894837150584667,1.2,0.6109035693761717
7.6000000000000005,normal,-3.202200554954169,-0.8868841972450874,0.2964957539920296,1.5010074281254664,1.1918975272968024,30.055826418068566,17.030286288456786,1.2,0.6226238727757267
7.65,normal,-3.1955381166079255,-0.902524271262895,0.2952687678196472,1.5019002023753119,1.1856327198105745,30.17122199329867,17.166521252342413,1.2,0.6357630306537417
7.7,normal,-3.188875678261682,-0.9181643452807025,0.29359549085364495,1.502366834696675,1.1817902808902865,30.289496464344076,17.303676022290645,1.2,0.6443768030126987
7.75,normal,-3.1822132399154377,-0.9338044192985099,0.29143972969820797,1.502387939119185,1.1804765415556893,30.407049903180972,17.441819072089018,1.2,0.6432633645562099
7.800000000000001,normal,-3.1755508015691936,-0.9494444933163178,0.2887863029327023,1.501949221697785,1.1815496259689984,30.51930553845264,17.580946090728855,1.2,0.6299526463640446
7.8500000000000005,normal,-3.16888836322295,-0.9650845673341252,0.28564872040716216,1.5010412844809127,1.1846501652728707,30.622854340673683,17.720981223948076,1.2,0.6055013313259656
7.9,normal,-3.162225924876706,-0.9807246413519326,0.28207709475926335,1.4656851449615032,1.1892630364657601,30.71683360924132,17.861788105358222,1.2,0.5738526933323794
7.95,normal,-3.155563486530462,-0.99636471536974,0.27816801063826074,1.4294555532210012,1.1922047523586967,30.804046302309423,18.003272448856453,1.2,0.5498943151738123
8.0,normal,-3.1489010481842183,-1.0120047893875477,0.274053489406196,1.3930111286283045,1.1927722739836386,30.887357942237593,18.145423133245156,1.2,0.5332292981530472
8.05,normal,-3.142238609837974,-1.0276448634053554,0.2699375080664265,1.3567818353397219,1.193726993525462,30.969426685775247,18.288262145364797,1.2,0.53298189782706
8.1,normal,-3.1355761714917305,-1.0432849374231625,0.26613727845719437,1.3212006919143382,1.1950033491045435,31.06014425451465,18.43165956726449,1.2,0.5859999352456038
8.15,normal,-3.1289137331454864,-1.0589250114409705,0.26296240392197834,1.286670494423594,1.1965078632288468,31.167501957896146,18.575505968664146,1.2,0.6498053358193587
8.200000000000001,normal,-3.1222512947992422,-1.0745650854587783,0.26038439456681983,1.253475325487924,1.1905266129701348,31.29155185123775,18.719718678872653,1.2,0.6966998823397884
8.25,normal,-3.115588856452999,-1.0902051594765854,0.25801684253321894,1.2217716263182516,1.1878446559717537,31.42404869425973,18.864229567819567,1.2,0.7156748929117464
8.3,normal,-3.108926418106755,-1.1058452334943931,0.2554357777535683,1.1915961851115713,1.188589447858111,31.552158545156043,19.00895760426098,1.2,0.7027582155477736
8.35,normal,-3.102263979760511,-1.1214853075122002,0.2523892351278131,1.162885848052955,1.1923044488700638,31.664632346858156,19.15378104688497,1.2,0.660795438990975
8.4,normal,-3.095601541414267,-1.1371253815300082,0.24880282566902795,1.1355030364279177,1.1982614496445265,31.756696324886246,19.29852544383076,1.2,0.5983219608072476
8.450000000000001,normal,-3.0889391030680233,-1.152765455547816,0.2447235798604268,1.1092627530042873,1.1959424133257386,31.830885805360214,19.442973512334,1.2,0.5273891908439035
8.5,normal,-3.082276664721779,-1.168405529565623,0.24026821642661494,1.0839595445701808,1.1912875136010097,31.894151735863087,19.586889707772357,1.2,0.463270058137507
8.55,normal,-3.075614226375535,-1.1840456035834308,0.2355851177751936,1.0593946596377486,1.1877330542280036,31.953693993848145,19.730045408507387,1.2,0.42783822194849297
8.6,normal,-3.068951788029292,-1.199685677601238,0.23082723305395597,1.0354031166926316,1.1856975372266192,32.01388614793764,19.872233303782366,1.2,0.4314034368165961
8.65,normal,-3.0622893496830472,-1.2153257516190459,0.22613296545732534,1.011878152381528,1.1853960740834812,32.07536897596396,20.013267840305723,1.2,0.44656798581661716
8.700000000000001,normal,-3.0556269113368035,-1.2309658256368539,0.22161428720537657,0.9887884029876373,1.1867824981267376,32.13503511163609,20.15289395722348,1.2,0.442256832881859
8.75,normal,-3.04896447299056,-1.2466058996546607,0.21736105653278406,0.9661828278756499,1.1896251452566666,32.19059561675569,20.290847425715555,1.2,0.42321916472069604
8.8,normal,-3.042302034644316,-1.2622459736724687,0.21344452259348837,0.9441768213464199,1.1935768219811473,32.241236044905165,20.426902683370308,1.2,0.3996539947747588
8.85,normal,-3.035639596298072,-1.2778860476902758,0.2099282697799497,0.9229314644633475,1.1982253263215796,32.28706550400352,20.560867759730357,1.2,0.37737456564910443
8.9,normal,-3.028977157951828,-1.2935261217080836,0.2068814133251613,0.9026291683408791,1.201756493104535,32.710482399476156,20.692315516428764,1.2,0.8556350511697215
8.950000000000001,normal,-3.022314719605584,-1.3091661957258915,0.20365564488370452,0.8885027516857382,1.2040457255600119,33.07849806376897,20.82280473734677,1.2,0.7960611380427259
9.0,normal,-3.01565228125934,-1.3248062697436986,0.20051232625353804,0.8804483296455459,1.205035399230768,33.38163272400251,20.953417902632417,1.2,0.7182178224624944
9.05,normal,-3.0089898429130963,-1.3404463437615064,0.1977120933300646,0.8782657423710825,1.1915635980080312,33.62379256447742,21.084782671227618,1.2,0.6484959317229493
9.1,normal,-3.002327404566852,-1.356086417779314,0.19552927659383623,0.8816536306333294,1.1759398080192554,33.817830127417544,21.217212800075362,1.2,0.6225586763683821
9.15,normal,-2.9956649662206085,-1.3717264917971213,0.19428203462748675,0.8902131658282839,1.1617700493633984,33.98385075374197,21.3508979410697,1.2,0.6260623415622784
9.200000000000001,normal,-2.989002527874365,-1.3873665658149292,0.19432284290551266,0.9034650581538035,1.1506271913536492,34.142429322335815,21.48604376414347,1.2,0.6435117479331782
9.25,normal,-2.9823400895281207,-1.403006639832736,0.19598956711004062,0.9208800235395305,1.1477209776663673,34.41427989130803,21.61704234939721,1.2,0.8004201453833379
9.3,normal,-2.9800000000000004,-1.419528984598337,0.19826645971003126,0.9368481806870499,1.1525350941082757,34.669485859897435,21.74375612424182,1.2,0.7970414974584517
9.35,normal,-2.98,-1.4365289845983369,0.20404631023957545,0.9509453326532722,1.1635045374110744,34.86454671533953,21.865884224655794,1.2,0.7333073810203143
9.4,normal,-2.9799999999999995,-1.4535289845983368,0.21285394740758273,0.9628659136327753,1.1784833912993793,34.999887797887716,21.982998049718663,1.2,0.6360538972559866
9.450000000000001,normal,-2.98,-1.4705289845983371,0.22387887681914947,0.9723977710936447,1.1826527727604976,35.104733676356894,22.094737472860775,1.2,0.54676858435865
9.5,normal,-2.98,-1.487528984598337,0.2364776710144758,0.9794188047284071,1.1846862169285997,35.20787036019806,22.200974082598773,1.2,0.5847417068588092
9.55,normal,-2.98,-1.504528984598337,0.25010364918839667,0.9838998650687873,1.189175409515011,35.32350991447394,22.30181376583044,1.2,0.6442416004053662
9.600000000000001,normal,-2.9799999999999995,-1.521528984598337,0.26422294964097043,0.9859035271859486,1.1956757558041131,35.45299210529423,22.397327416807663,1.2,0.6824846939740932
9.65,normal,-2.98,-1.5385289845983368,0.2782572887382557,0.9855647363776021,1.203422429375857,35.59343653345139,22.487538664960443,1.2,0.708631500331365
9.700000000000001,normal,-2.98,-1.555528984598337,0.29162570880438266,0.9830613213242201,1.209259664640158,35.7415820584435,22.572719943110915,1.2,0.7312334427503389
9.75,normal,-2.9799999999999995,-1.572528984598337,0.3038345826975213,0.9785880740087465,1.2095492402454824,35.886118453584416,22.653592995262954,1.2,0.7342658976073113
9.8,normal,-2.98,-1.5895289845983367,0.31454633075386756,0.9723343681529737,1.208892609638219,36.02859818155447,22.730978369113636,1.2,0.7377638357009382
9.850000000000001,normal,-2.98,-1.6065289845983373,0.32352622695756555,0.9644712712093535,1.2067755948501704,36.16910615395135,22.805714719880342,1.2,0.7376084489561977
9.9,normal,-2.9799999999999995,-1.6235289845983372,0.33063449831525793,0.9551462975832883,1.2045005795232848,36.30627475760131,22.878610435732085,1.2,0.730405543257687
9.950000000000001,normal,-2.9800000000000004,-1.6405289845983368,0.33581291825760806,0.9444830836807865,1.2021771846752243,36.4364308672647,22.950343678274912,1.2,0.7115278837053347
10.0,normal,-2.98,-1.657528984598337,0.33908256972027057,0.9325836002532595,1.1999243948863265,36.557743283094645,23.021539366843598,1.2,0.6856503560719669
10.05,normal,-2.98,-1.6745289845983373,0.3405134121478369,0.9195322628814269,1.1978557141634727,36.844029508258465,23.091993593602925,1.2,0.9345186315905216
10.100000000000001,normal,-2.9799999999999995,-1.6915289845983372,0.341366737273217,0.9104297911431123,1.1960700660058707,37.10324158608075,23.163567803435427,1.2,0.8903780026978712
10.15,normal,-2.98,-1.7085289845983371,0.34164752524175046,0.9050942282358274,1.1946446906674204,37.335651265971705,23.23768557588005,1.2,0.8431367247594166
10.200000000000001,normal,-2.98,-1.7255289845983368,0.3413835068234603,0.9033419148006092,1.1936306653304356,37.540847046100275,23.315310562994192,1.2,0.7890608343115215
10.25,normal,-2.9800000000000004,-1.7425289845983372,0.3406334146124529,0.9049891982699498,1.1930513386781283,37.69418859862323,23.39675714515793,1.2,0.6616514512405176
10.3,normal,-2.98,-1.7595289845983373,0.339533606866698,0.9097699545158364,1.1881916189697121,37.806099805810504,23.481929480659108,1.2,0.5963171896405199
10.350000000000001,normal,-2.98,-1.776528984598337,0.3382409558746463,0.9173498536901907,1.1678030434326678,37.90433595197456,23.57073901572125,1.2,0.5991077498136634
10.4,normal,-2.98,-1.7935289845983369,0.3369208676623092,0.9273321705409778,1.1552554271128608,38.257131130329924,23.658043469172192,1.2,0.9483069435446609
10.450000000000001,normal,-2.98,-1.8105289845983374,0.3346385606967925,0.9342213936574668,1.1513502270346276,38.649377238934214,23.744580141410566,1.2,0.9860277201099784
10.5,normal,-2.9800000000000004,-1.8275289845983371,0.3315974184032801,0.9378520456316504,1.1557408996468161,39.023765410909306,23.831117367328506,1.2,0.9565357408618779
10.55,normal,-2.9799999999999995,-1.8445289845983373,0.32789377297071665,0.9378616236606443,1.1667844564398226,39.30169042522436,23.919082030497407,1.2,0.8143694854905782
10.600000000000001,normal,-2.9800000000000004,-1.8615289845983374,0.323633299681733,0.93413698806955,1.1820027571906002,39.47160635806972,24.010115134562795,1.2,0.6352604824200508
10.65,normal,-2.98,-1.878528984598337,0.31888260959646963,0.9268403962136516,1.1855939557861273,39.57768891678668,24.104549168505194,1.2,0.5086108563434291
10.700000000000001,normal,-2.98,-1.8955289845983372,0.31372040371271104,0.9163475487745198,1.1791254666328908,39.84752983870843,24.200567124719157,1.2,0.6925908996848678
10.75,normal,-2.98,-1.9125289845983366,0.3091267234441296,0.9082003384795396,1.1795468114398902,40.1676694405609,24.299572440048603,1.2,0.7522151858672069
10.8,normal,-2.9799999999999995,-1.9295289845983372,0.3049833961127446,0.902553317533878,1.1864717965669818,40.46768713785547,24.402051322655062,1.2,0.7300547474756393
10.850000000000001,normal,-2.98,-1.9465289845983376,0.3011812674140527,0.8994631100531376,1.198684664396167,40.69520304660559,24.507704570330528,1.2,0.6518916584103628
10.9,normal,-2.9800000000000004,-1.9635289845983372,0.297641525996425,0.8988466873615089,1.1921154229179585,40.83868814094116,24.615834117918318,1.2,0.5899467978576689
10.950000000000001,normal,-2.9800000000000004,-1.9805289845983376,0.2943228968490802,0.9004356265654687,1.1779334339134404,40.92274825426236,24.725734297187714,1.2,0.5318340070194647
11.0,normal,-2.98,-1.9975289845983368,0.2912212501136682,0.9037683346675447,1.163813800670251,40.979362011984264,24.838126602386968,1.2,0.4711492564174571
11.05,normal,-2.9799999999999995,-2.014528984598337,0.28845358235370544,0.9082413999002117,1.1518374250246155,41.04750534876845,24.95352887082359,1.2,0.4838424150018411
11.100000000000001,normal,-2.9799999999999995,-2.0315289845983373,0.2861644721215518,0.9132115737231044,1.14326704621793,41.14297244670369,25.07199773095507,1.2,0.5768298815104431
11.15,normal,-2.98,-2.048528984598337,0.2845370617573959,0.9182399940009125,1.1388584529710206,41.25907833294689,25.19344986116727,1.2,0.6175156256162142
11.200000000000001,normal,-2.98,-2.065528984598337,0.28377979855130786,0.9230927256327566,1.144087436717233,41.75616527749942,25.31363792286195,1.2,1.0547121294442694
11.25,normal,-2.98,-2.0825289845983366,0.28315026689925143,0.922994327907837,1.157774282303444,42.14498204784787,25.43250603170037,1.2,0.9106165863097158
11.3,normal,-2.98,-2.0995289845983374,0.28269835484581973,0.9183575091994245,1.1715839261032193,42.20201532211387,25.55218558700519,1.2,0.4621655488505425
11.350000000000001,normal,-2.98,-2.1165289845983373,0.283400013698124,0.9153106154746089,1.1836760067830707,42.27446516066945,25.67190731582965,1.2,0.4770379029146025
11.4,normal,-2.9799999999999995,-2.133528984598337,0.28517342539624624,0.9145600235351043,1.1928356801323006,42.36417600896398,25.7914669418846,1.2,0.5400711870613252
11.450000000000001,normal,-2.98,-2.150528984598337,0.28785951665314735,0.8993419241719018,1.1930424747633483,42.49222796619188,25.909477487502482,1.2,0.6646336479166483
11.5,normal,-2.98,-2.167528984598337,0.2907675702223315,0.8690195656672126,1.1865037363626794,42.963275666015825,26.024152487673682,1.2,1.0515703420561784
11.55,normal,-2.9800000000000004,-2.1845289845983373,0.29314486116525057,0.8440683482157725,1.1759589875145016,43.463698283134605,26.132855896424385,1.2,1.1983961655610929
11.600000000000001,normal,-2.9800000000000004,-2.2015289845983377,0.29413764413733445,0.824114834496039,1.1631195775228396,43.896678105371045,26.237008320564527,1.2,1.1799418470601615
11.65,normal,-2.98,-2.218528984598337,0.29375234716311427,0.8085538954203937,1.150052784658681,44.28256344154883,26.337506281251898,1.2,1.1602991024211617
11.700000000000001,normal,-2.98,-2.2355289845983375,0.2920766573479993,0.7965966200564438,1.138952900732626,44.65561021358729,26.435157447311106,1.2,1.138586610713848
11.75,normal,-2.98,-2.252528984598337,0.28926083957845866,0.7873377625844664,1.1355484086270822,45.02209035389313,26.530275347467324,1.2,1.1066995436865974
11.8,normal,-2.98,-2.269528984598337,0.286125616675248,0.7763711053811806,1.1397231557546168,45.43100971283467,26.6275908071503,1.2,1.2070063652876397
11.850000000000001,normal,-2.98,-2.2865289845983376,0.2835183743983528,0.7635085985948746,1.1500899413878005,45.75146346730362,26.728466196324852,1.2,1.088677197701021
11.9,normal,-2.98,-2.303528984598337,0.28138064835529175,0.749187864335032,1.1645029510997056,45.96967006881023,26.833178925270783,1.2,0.8975722624938793
11.950000000000001,normal,-2.98,-2.320528984598337,0.27960313688625327,0.7343038981750851,1.1770537031272468,46.25699534893203,26.942286194785083,1.2,1.0017296089690308
12.0,normal,-2.98,-2.337528984598337,0.27734707477548,0.7233613404425945,1.1866358424172652,46.562482186682956,27.05184649998278,1.2,0.9598391700550426
12.05,normal,-2.98,-2.3545289845983373,0.2736113895084479,0.7170478266068845,1.192712284421137,46.85521386186476,27.162800587262396,1.2,0.8730163872170891
12.100000000000001,normal,-2.98,-2.371528984598337,0.2683829337403385,0.7157790610912502,1.1951738979671795,47.103612369929344,27.275795119280417,1.2,0.7605594239943472
12.15,normal,-2.98,-2.388528984598337,0.26180166726622206,0.7198339307046657,1.1783575118932725,47.29516052866751,27.391342480543855,1.2,0.6448366454847878
12.200000000000001,normal,-2.98,-2.4055289845983374,0.25411786563214056,0.7292697297610282,1.161402250591381,47.43832508501168,27.50983915360746,1.2,0.5406299405298779
12.25,normal,-2.98,-2.422528984598337,0.24566593401418862,0.7439123008233908,1.1485848251667292,47.49404650868092,27.628821145027608,1.2,0.3777107273946941
12.3,normal,-2.98,-2.4395289845983372,0.23749974990480743,0.7602246574429072,1.1464810069965135,47.92832413120451,27.752178481563057,1.2,0.8256547736168619
12.350000000000001,normal,-2.98,-2.4565289845983376,0.230953105065776,0.777816964604799,1.1537342126810628,48.355957880936224,27.883469309301383,1.2,0.8753451202190385
12.4,normal,-2.98,-2.4735289845983366,0.2255917492610246,0.7992127553702755,1.1632123073587948,48.4327010782356,28.018057472908318,1.2,0.4884908654906438
12.450000000000001,normal,-2.98,-2.4905289845983374,0.22061841984437763,0.8236535251079673,1.167932946802214,48.50951059507672,28.15549420886999,1.2,0.5064023528873431
12.5,normal,-2.98,-2.507528984598337,0.21820433458721014,0.8503487054495282,1.1636674303143053,48.596059246087144,28.295117022055543,1.2,0.5331263834575368
12.55,normal,-2.98,-2.5245289845983367,0.22508309131230994,0.8785605521133293,1.161649880008406,48.6905061171883,28.435619577070767,1.2,0.5473785442828654
12.600000000000001,normal,-2.98,-2.5415289845983375,0.23508966082364124,0.9074245350173009,1.1625204512603846,48.788018937815885,28.57500396616489,1.2,0.5233454330897788
12.65,normal,-2.98,-2.558528984598337,0.24564514193414885,0.9359789942138701,1.1688197739986008,49.111863037794905,28.707440944760332,1.2,0.7752972352932777
12.700000000000001,normal,-2.98,-2.575528984598337,0.2553251020212535,0.9361242963676264,1.1790194839643737,49.39973848958576,28.832176811786727,1.2,0.8148613324760163
12.75,normal,-2.98,-2.5925289845983364,0.2638801396363727,0.9344143751367326,1.1913591086124038,49.66849900352729,28.948500891540924,1.2,0.8945610225385925
12.8,normal,-2.98,-2.609528984598337,0.2711224548300282,0.9324531893545716,1.204145941218739,49.94402839555297,29.05608008629868,1.2,0.9837466909980419
12.850000000000001,normal,-2.9799999999999995,-2.6265289845983375,0.27691219682383217,0.9303590630632392,1.2043226556857256,50.231079288725695,29.155712377551655,1.2,1.033859147240354
12.9,normal,-2.98,-2.643528984598337,0.28122277947795127,0.9280670867644845,1.1984388055626365,50.531821575060974,29.248717935818732,1.2,1.0662838952488454
12.950000000000001,normal,-2.98,-2.660528984598337,0.28409918882362495,0.9255499322556344,1.1962603056567882,50.835732475068035,29.336476661275864,1.2,1.0695361203797986
13.0,normal,-2.9799999999999995,-2.6775289845983363,0.2856467200527783,0.9228130468359037,1.1974745681945589,51.12861227577834,29.4204010135452,1.2,1.033723983843036
13.05,normal,-2.9800000000000004,-2.6945289845983367,0.285907627580796,0.9198902596846592,1.2013682908574548,51.55246691004186,29.505210485649556,1.2,1.1930252172449394
13.100000000000001,normal,-2.98,-2.7115289845983375,0.28590869579040623,0.9218851591907937,1.2042400655969208,51.811193683304865,29.588016259156625,1.2,0.9628730720137362
13.15,normal,-2.98,-2.7285289845983365,0.2842710782546523,0.9235298089339832,1.1920286130060804,52.04847428033454,29.669825350185725,1.2,0.9344215143952612
13.200000000000001,normal,-2.98,-2.7455289845983373,0.2808994278501732,0.9248385015326746,1.1822062278398364,52.265726450702196,29.751503722228513,1.2,0.8964979868074445
13.25,normal,-2.9799999999999995,-2.7625289845983367,0.27580772202728915,0.9258575221089451,1.1757816564031887,52.461042641048344,29.83370423358665,1.2,0.8398684935349541
13.3,normal,-2.9800000000000004,-2.779528984598337,0.2691194647489493,0.9266631942961006,1.173294223291543,52.6273980286769,29.91682469873732,1.2,0.7592059576152808
13.350000000000001,normal,-2.98,-2.7965289845983374,0.26105077542178884,0.9273590686024444,1.1747391187913219,52.76156904268448,30.001047332398713,1.2,0.6696168433397228
13.4,normal,-2.98,-2.8135289845983364,0.2518456998437884,0.9280723005538727,1.179763908573019,52.86460664499396,30.08661556207783,1.2,0.5780248070621598
13.450000000000001,normal,-2.98,-2.830528984598337,0.24177538584262534,0.9289497762685661,1.1876788606532283,52.93494704582182,30.17368761225932,1.2,0.4699553002334557
13.5,normal,-2.9799999999999995,-2.8475289845983376,0.23117537147211092,0.9301540950892251,1.1807525147341367,52.97934281878756,30.262307212399925,1.2,0.3605498006697638
13.55,normal,-2.98,-2.864528984598337,0.220445568044415,0.9318589724326407,1.1740411239889978,53.01125538170608,30.35246466255047,1.2,0.27502693777221376
13.600000000000001,normal,-2.98,-2.8815289845983374,0.21005065662976233,0.9342437766984966,1.1684922555623938,53.04463212639614,30.444136485972336,1.2,0.28118016563002474
13.65,normal,-2.9799999999999995,-2.8985289845983364,0.20050033788370145,0.9374868178602851,1.1644190655529945,53.08887864323218,30.537300137411584,1.2,0.37576125579640657
13.700000000000001,normal,-2.98,-2.9155289845983368,0.19223883581012977,0.9312353210537794,1.1621090388843391,53.14562720946934,30.631853864788244,1.2,0.4441242345800987
13.75,normal,-2.98,-2.932528984598337,0.1854381195421337,0.9129178062826915,1.1597095756236087,53.36440739632976,30.724045477680345,1.2,0.72782635470465
13.8,normal,-2.98,-2.949528984598337,0.1811645249999226,0.8981786803595271,1.1574791097829487,53.572997028309224,30.814865244557957,1.2,0.7424511197914528
13.850000000000001,normal,-2.98,-2.966528984598337,0.17906450262339896,0.8867999088335379,1.1556907776337797,53.771287699487885,30.905404836093084,1.2,0.750289699901567
13.9,normal,-2.98,-2.9835289845983377,0.1788438723377578,0.8785789731145379,1.1545864362366611,53.957468056729404,30.99669849385824,1.2,0.7465958639282261
13.950000000000001,normal,-2.98,-3.000528984598337,0.18015288301749974,0.8733440453611281,1.1543370756992923,54.13183618701684,31.089403591410065,1.2,0.7435671440591797
14.0,normal,-2.98,-3.0175289845983375,0.182518944425682,0.8709671447378127,1.1550171196716386,54.29780664527482,31.18384013041963,1.2,0.7467417116209686
14.05,normal,-2.98,-3.034528984598338,0.18553258701077788,0.8713713678640598,1.1546614476897454,54.45712104353805,31.2802311890579,1.2,0.7447883845263484
14.100000000000001,normal,-2.98,-3.051528984598337,0.18896201419202605,0.8745295676787337,1.1534215587071244,54.610356470167524,31.37879831422852,1.2,0.7354162004600596
14.15,normal,-2.98,-3.0685289845983372,0.1927086379626882,0.8804545000602813,1.152810550272817,54.756779970893504,31.47979657787174,1.2,0.7166483763507909
14.200000000000001,normal,-2.98,-3.0855289845983367,0.1967436477520748,0.8891828463798728,1.1528865233855683,54.891560978600694,31.58366207943898,1.2,0.674804457503176
14.25,normal,-2.98,-3.1025289845983375,0.20108704295613541,0.9007569428313573,1.1536641136123413,55.0118114901499,31.69081864886266,1.2,0.6170089664707751
14.3,normal,-2.98,-3.119528984598338,0.20577582998528504,0.9152080422818276,1.1551032582715581,55.115650600634645,31.801506799676694,1.2,0.5453248239214963
14.350000000000001,normal,-2.973471015401663,-3.1299999999999994,0.21082122919627286,0.932543782058662,1.1596079477197498,55.262443063097294,31.909730149603035,1.2,0.5555760019175142
14.4,normal,-2.9564710154016622,-3.1299999999999994,0.21613636616621368,0.9476947634893877,1.1665269680014387,55.3825832553279,32.01500517987582,1.2,0.47175845954975576
14.450000000000001,normal,-2.939471015401662,-3.1299999999999994,0.22137673681217254,0.9607277512128023,1.1750458576940421,55.484427077817564,32.116701222216484,1.2,0.4401576308364663
14.5,normal,-2.922471015401663,-3.1300000000000003,0.22636558954848654,0.9717127738020437,1.1843119069525265,55.580158085336436,32.214141135839256,1.2,0.4822621176094802
14.55,normal,-2.9054710154016625,-3.1300000000000003,0.23107511937894784,0.9807248688378647,1.1935372863424742,55.68031135523225,32.30671922297703,1.2,0.526997425191152
14.600000000000001,normal,-2.888471015401663,-3.13,0.23732419495336127,0.9878466654134279,1.1979283593300214,55.79113009876954,32.39394333847424,1.2,0.5724462374841017
14.65,normal,-2.8714710154016627,-3.13,0.24993556634578415,0.9931692495675011,1.2008733054228642,55.914070365799766,32.47532734717697,1.2,0.6030472839601153
14.700000000000001,normal,-2.854471015401662,-3.13,0.2625488895686377,0.9967908377470189,1.203090166983211,56.04762027092995,32.55063176048987,1.2,0.6156529406974204
14.75,normal,-2.8374710154016625,-3.13,0.2740984554991412,0.9988139765117274,1.2044916516295714,56.18900615519847,32.61983532838136,1.2,0.6245991821741601
14.8,normal,-2.820471015401662,-3.13,0.28440912991291645,0.9993421658583426,1.2050212765060329,56.33562887926458,32.683121671654455,1.2,0.6471432210197401
14.850000000000001,normal,-2.8034710154016618,-3.13,0.2933939850356214,0.9984765687457096,1.2046620757350472,56.48422919422747,32.74093192095327,1.2,0.6615547512942895
14.9,normal,-2.7864710154016628,-3.13,0.30101505301567216,0.9963131988651068,1.203443179508717,56.63101295589735,32.79406102385631,1.2,0.6627271832252613
14.950000000000001,normal,-2.769471015401662,-3.13,0.30727930517359436,0.9929407937202364,1.2014436231208474,56.77211345150154,32.84383552761645,1.2,0.6502517047830956
15.0,normal,-2.7524710154016625,-3.13,0.312237762990702,0.9884395066916507,1.1987932638462537,56.904372885921305,32.89224521839089,1.2,0.627800151669161
15.05,normal,-2.735471015401662,-3.13,0.3159832607540107,0.9828805733049606,1.195670800364573,57.02611491001371,32.94140535658206,1.2,0.6045336113380253
15.100000000000001,normal,-2.7184710154016622,-3.13,0.31864618525896427,0.9763271894523897,1.192298672084206,57.13658374533349,32.99256649475941,1.2,0.5818969998857879
15.15,normal,-2.7014710154016623,-3.13,0.32040281974530516,0.9688370978564418,1.1889338497311752,57.23741624928613,33.04625535300379,1.2,0.5598595763545282
15.200000000000001,normal,-2.684471015401662,-3.13,0.3214668781725327,0.9604673555677861,1.185853612653286,57.33272152772345,33.10270562004162,1.2,0.5455756784357916
15.25,normal,-2.6674710154016625,-3.13,0.32206654812022356,0.951281567332358,1.1833359936882184,57.426153276973665,33.16210164957175,1.2,0.541411050250802
15.3,normal,-2.650471015401662,-3.13,0.322434054946483,0.9413595510835324,1.1816358306244927,57.51968950067527,33.22469767336169,1.2,0.5448715132370832
15.350000000000001,normal,-2.633471015401662,-3.13,0.3227956461920002,0.9308088304476421,1.1809591292983008,57.61315387996856,33.29083947597948,1.2,0.5496782973520438
15.4,normal,-2.6164710154016624,-3.13,0.32336303801107824,0.9197766293814886,1.180111851074265,57.85532233829239,33.355011465013874,1.2,0.7633463708425057
15.450000000000001,normal,-2.5994710154016625,-3.13,0.3246555388446729,0.9134250154394827,1.1788980858885902,58.07960443604425,33.41868481715383,1.2,0.743209014129391
15.5,normal,-2.5824710154016626,-3.13,0.3265898710599142,0.9115897237947845,1.177176096464217,58.287329573169494,33.4839893979368,1.2,0.7197023466167325
15.55,normal,-2.5654710154016622,-3.13,0.3291198521077897,0.9141140158513898,1.1748893828160878,58.48449532717278,33.55315179571405,1.2,0.7016700311166291
15.600000000000001,normal,-2.548471015401662,-3.13,0.3322347466785658,0.9208442351771453,1.1727586932571001,58.66393723114715,33.62761593250806,1.2,0.6781420497801829
15.65,normal,-2.531471015401662,-3.13,0.33589877346022445,0.9266543601796184,1.1737402811665614,58.839502221447134,33.70798974669296,1.2,0.6749416978353215
15.700000000000001,normal,-2.514471015401662,-3.13,0.34026357867801194,0.931808368978357,1.1764269530060882,58.993753937656564,33.794516477168216,1.2,0.6376889496968461
15.75,normal,-2.4974710154016626,-3.13,0.3454259511020118,0.93662027077582,1.1802518151010215,59.11659672817651,33.88718279355908,1.2,0.567844342051367
15.8,normal,-2.4804710154016627,-3.13,0.35141337648034154,0.9414438498989988,1.1857764141255478,59.20905000106846,33.98580280379773,1.2,0.5133690035573613
15.850000000000001,normal,-2.463471015401662,-3.13,0.3581815847487856,0.9466651595227038,1.1927753994604966,59.28047234469736,34.090051283609256,1.2,0.48633696197394194
15.9,normal,-2.4464710154016625,-3.13,0.36563002103218656,0.9526928279671176,1.2008552735650737,59.34412860841019,34.19956250957357,1.2,0.475638052220633
15.950000000000001,normal,-2.429471015401662,-3.13,0.37360654940107,0.959942111203056,1.2095096278511421,59.41254071671314,34.3140074921825,1.2,0.49543101441129245
16.0,normal,-2.412471015401662,-3.13,0.3819188624515276,0.9688131943048686,1.2181887538976959,59.49461600702001,34.43313693877147,1.2,0.541002624292106
16.05,normal,-2.3954710154016627,-3.13,0.3903526759980274,0.9796681881673586,1.2263639430849227,59.59462042901681,34.55680379482955,1.2,0.5940689284737243
16.1,normal,-2.378471015401662,-3.13,0.39869065095687767,0.9928120061897019,1.2258307005601161,59.712546044859536,34.68496739484293,1.2,0.641635106456403
16.150000000000002,normal,-2.3614710154016616,-3.13,0.4067283408379116,1.0084804153594604,1.225659951110606,59.84589461612763,34.81769178416979,1.2,0.6790853831708649
16.2,normal,-2.344471015401663,-3.13,0.41428148382031116,1.0268359209005944,1.226034202443855,59.990025228127365,34.95510588682325,1.2,0.7032742965526062
16.25,normal,-2.3274710154016622,-3.13,0.42119524747147985,1.029117769272158,1.2268722548291042,60.13935613580728,35.097351519315126,1.2,0.7132511124607538
16.3,normal,-2.3104710154016623,-3.13,0.4273505314625165,1.012327157936222,1.2250003066505901,60.290848690436555,35.244616925140186,1.2,0.7163857518388871
16.35,normal,-2.293471015401662,-3.13,0.4326492198749795,0.9963569718911478,1.2227511041245716,60.44145976671496,35.39705581686576,1.2,0.7108067834957216
16.400000000000002,normal,-2.2764710154016616,-3.13,0.4370243487371498,0.9815311404885407,1.2205746126986738,60.588426767149755,35.55470729128779,1.2,0.6983941262851584
16.45,normal,-2.259471015401663,-3.13,0.44044401350278617,0.968195822189849,1.2185751584572244,60.73114341475332,35.717508984848195,1.2,0.685402707104757
16.5,normal,-2.242471015401663,-3.13,0.44290080078649474,0.9566813321667755,1.216820272810293,60.87031911949311,35.88530205325077,1.2,0.6757603135359755
16.55,normal,-2.2254710154016624,-3.13,0.4444049928216039,0.9472821552063699,1.2153585793919621,61.00668085528206,36.05789819660575,1.2,0.6682009565187084
16.6,normal,-2.208471015401662,-3.13,0.44497452194205095,0.9401835705744843,1.2142173471863595,61.14025629179552,36.23509681163901,1.2,0.6601630236054884
16.650000000000002,normal,-2.1914710154016617,-3.13,0.4446325181588945,0.9354439312452314,1.21340268646205,61.272563345596105,36.41664701159933,1.2,0.6570386087144994
16.7,normal,-2.1744710154016627,-3.1299999999999994,0.44340507030835286,0.9330722979501551,1.2141422715707046,61.40455118255407,36.600474133799096,1.2,0.6582596531914031
16.75,normal,-2.157471015401663,-3.13,0.44160598976122956,0.9330336717227703,1.216540466121111,61.54030454255316,36.78580773031323,1.2,0.6677758702227262
16.8,normal,-2.1404710154016624,-3.1299999999999994,0.43932657708959477,0.9352572495478484,1.219385201274347,61.67863482265852,36.97212361127306,1.2,0.6715222678535385
16.85,normal,-2.123471015401662,-3.13,0.4366216213087215,0.9396460663791057,1.2162201763436007,61.820766029533814,37.158860080434664,1.2,0.6737191746811183
16.900000000000002,normal,-2.106471015401662,-3.13,0.43355294050225535,0.9460861633660846,1.2132893060233294,61.96883236973581,37.34544402193666,1.2,0.6763482355783555
16.95,normal,-2.089471015401663,-3.13,0.4301868742121175,0.954453815514597,1.2107124024177582,62.125146003645966,37.53131491007661,1.2,0.6810037260197246
17.0,normal,-2.072471015401663,-3.13,0.4265929207214579,0.9646200965299252,1.2085669730516757,62.29146774395757,37.715952055941315,1.2,0.6895889675406686
17.05,normal,-2.0554710154016624,-3.13,0.42284161823596494,0.976452824746906,1.2068884249326126,62.46775309437283,37.89896109397968,1.2,0.7020272679634957
17.1,normal,-2.038471015401662,-3.13,0.4189897679741675,0.98981647623993,1.2056744119099525,62.653323149734945,38.080094951074386,1.2,0.7222211023675632
17.150000000000002,normal,-2.0214710154016617,-3.13,0.41507518757352474,1.0045708829171465,1.2048919385772767,62.84596380675103,38.25927023234733,1.2,0.7374201366370862
17.2,normal,-2.004471015401663,-3.13,0.4111125744621377,1.0205695073829637,1.2044858607693678,63.043210228938335,38.43643312993244,1.2,0.7485655928152413
17.25,normal,-1.9874710154016628,-3.13,0.40711878104427984,1.0376579169217057,1.2043876469197907,63.24256825036541,38.61155360226779,1.2,0.7557714832084641
17.3,normal,-1.9704710154016625,-3.13,0.4031110609686279,1.0556728721024349,1.2045235617832368,63.44177171768572,38.784619501947624,1.2,0.7594564514779635
17.35,normal,-1.953471015401662,-3.13,0.3991047382353282,1.0744422659964155,1.20482172343499,63.63895240689154,38.95563141493241,1.2,0.7601986168198589
17.400000000000002,normal,-1.9364710154016618,-3.13,0.39511104434619854,1.0937860201716942,1.2052177276489253,63.83271777386161,39.12459895833716,1.2,0.7586107490614685
17.45,normal,-1.9194710154016636,-3.13,0.39113586307422,1.1135179568124842,1.2056587197330675,64.02214691563398,39.2915391465217,1.2,0.7552486494216945
17.5,normal,-1.9024710154016629,-3.13,0.3871797205696298,1.1334486020895356,1.2061059253814288,64.20672269335138,39.45647713922038,1.2,0.7505568030780646
17.55,normal,-1.8854710154016627,-3.13,0.3832387907658859,1.1533888122507927,1.206535737895435,64.38622175415567,39.619449233984625,1.2,0.7448471239200204
17.6,normal,-1.8684710154016624,-3.13,0.3793063364884426,1.1731540359397559,1.20693951102052,64.56058655837535,39.78050741267522,1.2,0.7383008978439329
17.650000000000002,normal,-1.8514710154016618,-3.13,0.37537404861696666,1.1925689324027289,1.2073222377064154,64.72980428735532,39.93972421108437,1.2,0.7309828955952243
17.7,normal,-1.8344710154016637,-3.13,0.37143302572501924,1.2114719700877892,1.2077003174803695,64.89381476698948,40.097196326980495,1.2,0.7228598585649452
17.75,normal,-1.817471015401663,-3.13,0.3674743981933812,1.2297195619595203,1.2080986369923494,65.05246180835019,40.25304543091039,1.2,0.713821113506676
17.8,normal,-1.8004710154016628,-3.13,0.36348971523639745,1.2471892853950584,1.208547211173661,65.20549063286575,40.40741526120347,1.2,0.7037041497247952
17.85,normal,-1.7834710154016622,-3.13,0.35947120419476847,1.263781808531195,1.2090776507935035,65.35258210441144,40.56046520873998,1.2,0.6923295456805931
17.900000000000002,normal,-1.766471015401662,-3.13,0.35541195733728226,1.2794213005828077,1.2097197262659387,65.49340694168279,40.71236180801671,1.2,0.6795460189848459
17.95,normal,-1.7494710154016633,-3.13,0.3513060584995961,1.2940543118715315,1.2104982787215899,65.62768243248901,40.86327021820732,1.2,0.6652798318751932
18.0,normal,-1.732471015401663,-3.13,0.34714864666286493,1.307647321288412,1.2114306850639818,65.75521928522058,41.0133475164264,1.2,0.6495783641237274
18.05,normal,-1.7154710154016626,-3.13,0.3429359180491459,1.320183314546122,1.2125250194399886,65.87595343105458,41.16273864399554,1.2,0.6326382580249448
18.1,normal,-1.6984710154016622,-3.13,0.33866507869856016,1.3316578430229054,1.2137789807584654,65.98996316633136,41.311574770593595,1.2,0.614812332493879
18.150000000000002,normal,-1.681471015401662,-3.1300000000000003,0.33433426658920956,1.3420750140706388,1.2151795876519131,66.09747436614364,41.45997320024986,1.2,0.5965927929921306
18.2,normal,-1.6644710154016624,-3.1299999999999994,0.32994246365156465,1.3514437967912283,1.2167035887534012,66.19885620283367,41.608037862331855,1.2,0.578569585956952
18.25,normal,-1.6474710154016632,-3.13,0.325489415401387,1.3597749222196722,1.2183185020099112,66.29460852094941,41.7558597162868,1.2,0.5613639524403534
18.3,normal,-1.6304710154016626,-3.13,0.3209755724618269,1.3670785431199253,1.2199841808818044,66.38534116373509,41.90351678300247,1.2,0.5455423717338748
18.35,normal,-1.6134710154016623,-3.13,0.31640206604629795,1.3733627172181504,1.2205348654575625,66.47109239277034,42.051214036737896,1.2,0.5284418633199163
18.400000000000002,normal,-1.596471015401662,-3.13,0.31174713397211323,1.3786326986369704,1.2199052311837673,66.55298412690753,42.19931996825724,1.2,0.5150393445547311
18.45,normal,-1.5794710154016625,-3.13,0.3069615429611584,1.3828909663086382,1.213131434892726,66.63363921237104,42.34821713395226,1.2,0.5128055367156733
18.5,normal,-1.5624710154016632,-3.13,0.3019950213874375,1.386137880570275,1.2028039237008603,66.71261236386623,42.49816189879411,1.2,0.5177664265749817
18.55,normal,-1.5454710154016627,-3.13,0.29682026465879513,1.3883728337262466,1.193790458108919,66.79605976294287,42.64930150625791,1.2,0.5537201521579972
18.6,normal,-1.5284710154016625,-3.13,0.29139537148892264,1.389593693111808,1.186751347144578,66.8893264752675,42.80157391488328,1.2,0.5970615500249254
18.650000000000002,normal,-1.5114710154016622,-3.13,0.28571293142336446,1.3897898177713077,1.1821519014363622,66.99583636336746,42.95492735597377,1.2,0.6435849947468614
18.7,normal,-1.4944710154016625,-3.13,0.2797633997494201,1.3889389920316033,1.1802042739284793,67.11328357176464,43.10930126442626,1.2,0.6789259029091459
18.75,normal,-1.4774710154016621,-3.13,0.2735477916257543,1.387007429165447,1.1808454197610732,67.23457968187913,43.26460195325561,1.2,0.6922885893024198
18.8,normal,-1.4604710154016627,-3.13,0.26709397876661456,1.3839533528330135,1.1837597556543902,67.35101669296238,43.42068160673953,1.2,0.6798043692705524
18.85,normal,-1.4434710154016628,-3.13,0.26047348886901633,1.379733701055128,1.1884402474351095,67.45599796152077,43.57732636790832,1.2,0.6447224150267467
18.900000000000002,normal,-1.426471015401662,-3.13,0.25381435403914826,1.3743128948760124,1.1942701189752203,67.54848309084659,43.734344822070575,1.2,0.5997980564823984
18.95,normal,-1.4094710154016625,-3.13,0.2472733772384969,1.3676725083606633,1.200395980494827,67.63187112779997,43.89139196659408,1.2,0.548516981735844
19.0,normal,-1.3924710154016624,-3.13,0.24105668381145132,1.3598203547065448,1.1997865924744773,67.72007658832916,44.04802172187891,1.2,0.5719192622652788
19.05,normal,-1.3754710154016627,-3.13,0.23534405759730248,1.3507970973750156,1.1895696823473063,67.82626872335783,44.20384420741422,1.2,0.6423371446435033
19.1,normal,-1.3584710154016624,-3.13,0.23016284129029607,1.3406791798304287,1.1830370072748408,67.95416431899119,44.358579938083075,1.2,0.7017423428731118
19.150000000000002,normal,-1.341471015401662,-3.13,0.225346770437665,1.3295775301571107,1.1805806623836586,68.09570574122455,44.51206320493363,1.2,0.7308447473900079
19.200000000000003,normal,-1.3244710154016621,-3.13,0.2206223534575833,1.3176322744454072,1.1821105954227873,68.23470668812908,44.66407420802048,1.2,0.7186835994941172
19.25,normal,-1.307471015401662,-3.13,0.21576460189815322,1.304986150368948,1.1870860740181346,68.35732342397655,44.814416315661376,1.2,0.672773853373303
19.3,normal,-1.2904710154016628,-3.13,0.2106630610252303,1.2917882912566738,1.1946346488376283,68.45820013899159,44.96288293815745,1.2,0.6067031001062266
19.35,normal,-1.2734710154016626,-3.13,0.20534059333272486,1.2781857053224894,1.2002147762134063,68.54115231802109,45.109252720529895,1.2,0.5395106338319124
19.400000000000002,normal,-1.256471015401662,-3.13,0.19995257528187121,1.264315180694926,1.1961470918463526,68.61486227817143,45.25331357781166,1.2,0.4936222592806246
19.450000000000003,normal,-1.2394710154016617,-3.13,0.19481019915644515,1.2502975402941316,1.1929442472261271,68.68690473696113,45.39491074912851,1.2,0.4817586577497444
19.5,normal,-1.2224710154016623,-3.13,0.19044131363545125,1.2362342489396116,1.1910314504013948,68.76141752446206,45.533945613887866,1.2,0.4928695550915997
19.55,normal,-1.2054710154016621,-3.13,0.18767312035294734,1.2222061194145097,1.1905526184013873,68.8369439298752,45.67025367941845,1.2,0.49660125149459244
19.6,normal,-1.1884710154016622,-3.13,0.1872880087196251,1.2082737530496164,1.191473957915502,68.91118188103827,45.80369453290014,1.2,0.4911460434641346
19.650000000000002,normal,-1.171471015401662,-3.13,0.18807198333701258,1.1944793350016998,1.193635998676813,68.98197457238119,45.93418078028648,1.2,0.47835323707706345
19.700000000000003,normal,-1.154471015401662,-3.13,0.18896391404112184,1.1808494349520808,1.196780463126634,69.04690052739365,46.06169096384975,1.2,0.45843203129661986
19.75,normal,-1.1374710154016623,-3.13,0.18964889759839573,1.1673985036409729,1.200586196302047,69.10439502945368,46.186266748780966,1.2,0.43490773520981263
19.8,normal,-1.120471015401662,-3.13,0.19003850846495535,1.1541327836980277,1.204629691942585,69.15451435508247,46.307986893697915,1.2,0.41186117110366666
19.85,normal,-1.1034710154016625,-3.13,0.19012516957117281,1.141054363174804,1.2031638389717236,69.19806673541771,46.426960060536835,1.2,0.38929845252967993
19.900000000000002,normal,-1.0864710154016621,-3.13,0.1899411007672002,1.1281647535404213,1.2016753977585015,69.23695638098309,46.54321495615918,1.2,0.3781670082438596
19.950000000000003,normal,-1.0694710154016616,-3.13,0.18952346542223292,1.1154328613149633,1.2002601016166095,69.27261221323428,46.65680702623566,1.2,0.3659046872406376
20.0,normal,-1.0524710154016625,-3.13,0.18892661530307392,1.1028252153036442,1.1990031619186612,69.30672961709226,46.76776284787284,1.2,0.3547195849533794
20.05,normal,-1.035471015401662,-3.13,0.18821109416009946,1.09030936055387,1.1979718257537288,69.34084833606764,46.876075800609605,1.2,0.34641268151185434
20.1,normal,-1.0184710154016618,-3.13,0.187435312420832,1.0778580630478154,1.1972101103216846,69.3750741742603,46.98175724964487,1.2,0.33899885308955674
20.150000000000002,normal,-1.0014710154016622,-3.13,0.18665263434118437,1.0654539484749608,1.1967361050312795,69.40856229372032,47.08483216452531,1.2,0.3311753971456831
20.200000000000003,normal,-0.9844710154016617,-3.13,0.18590714014818657,1.0530939225727118,1.1965419954570786,69.43992185396002,47.18533289078809,1.2,0.32034643285240316
20.25,normal,-0.9674710154016624,-3.13,0.18523121387196126,1.0407926132122611,1.1965966989262056,69.46779561278498,47.28329341389007,1.2,0.3042121132661758
20.3,normal,-0.9504710154016618,-3.13,0.18464510817670274,1.0285841903499156,1.1968507521064353,69.491395894682,47.37874584250887,1.2,0.2822675909827619
20.35,normal,-0.9334710154016619,-3.13,0.1841580314569901,1.0165222131591065,1.197242888817249,69.51078786309378,47.47171974762874,1.2,0.25668214975628356
20.400000000000002,normal,-0.9164710154016622,-3.13,0.18377002307568552,1.00467750694118,1.1977075979493519,69.52682040600284,47.562243831705956,1.2,0.2332683232029212
20.450000000000003,normal,-0.8994710154016621,-3.13,0.18347397261166354,0.9931343688714178,1.1981828455028927,69.54076343915706,47.65034853803032,1.2,0.21893160205653475
20.5,normal,-0.8824710154016624,-3.13,0.18325738559174354,0.9819855811447926,1.198617079338068,69.5538369215239,47.736067977174756,1.2,0.21300854369985167
20.55,normal,-0.8654710154016619,-3.13,0.1831037144098952,0.9713267756516284,1.1989746415867597,69.56684738161141,47.81944011886113,1.2,0.21193966924365532
20.6,normal,-0.8484710154016617,-3.13,0.18299321683170572,0.961250680764,1.1992388492671868,69.5800702632005,47.900505386920244,1.2,0.21359210831833697
20.650000000000002,normal,-0.8314710154016625,-3.13,0.18290341068796817,0.9518417216455934,1.1994123078963101,69.59337805553974,47.979305008930936,1.2,0.21530776341817776
20.700000000000003,normal,-0.8144710154016621,-3.13,0.18280928664061827,0.9431713599324061,1.1995144672419409,69.60649561834019,48.05588101203327,1.2,0.21437885886384817
20.75,normal,-0.7974710154016625,-3.13,0.18268351359764207,0.9352944562093053,1.199576907028214,69.619229137544,48.13027928081185,1.2,0.21088204372044062
20.8,normal,-0.7804710154016623,-3.13,0.1824969010865992,0.928246827793195,1.1996372173130874,69.63156865417542,48.2025558400445,1.2,0.20750886758774828
20.85,normal,-0.7634710154016618,-3.13,0.18221934901257777,0.9220440654818653,1.1997325153566147,69.64365538977037,48.272785137925,1.2,0.20705528403644716
20.900000000000002,normal,-0.7464710154016614,-3.13,0.18182140892003887,0.9166815767701009,1.1999044723123273,70.00545270911516,48.34414296437823,1.2,0.6824673313454499
20.950000000000003,normal,-0.7294710154016619,-3.13,0.18089406707315736,0.9171766473238805,1.2001909007618201,70.3075200405112,48.418229687028926,1.2,0.6328571841743919
21.0,normal,-0.7124710154016627,-3.13,0.1795386448140745,0.9231891223709014,1.2006071335562085,70.33120140378611,48.490383260521185,1.2,0.2727311743880353
21.05,normal,-0.6954710154016623,-3.13,0.17812971479072975,0.9292228200187671,1.201144892482926,70.36686693590474,48.560755635102005,1.2,0.331977775033672
21.1,normal,-0.678471015401662,-3.13,0.17661797926823603,0.9350322710985379,1.1967973297620291,70.41265012723207,48.62956660299456,1.2,0.3729002628752674
21.150000000000002,normal,-0.6614710154016614,-3.13,0.17497036998072651,0.9404037829498477,1.194990512404042,70.46223506602148,48.69707959253347,1.2,0.38652536213998523
21.200000000000003,normal,-0.6444710154016621,-3.13,0.17319317168935605,0.9451829194773307,1.1961572445979791,70.5076139325515,48.76357065110749,1.2,0.3714698040051239
21.25,normal,-0.6274710154016625,-3.13,0.17134973523674354,0.9492893870442074,1.199873503149522,70.54294648201055,48.829306096431054,1.2,0.3330554015569368
21.3,normal,-0.6104710154016619,-3.13,0.16956077211506693,0.9527158123278008,1.204206352383919,70.56708000028925,48.894534555521446,1.2,0.28438041857351337
21.35,normal,-0.5934710154016618,-3.13,0.1679773029015488,0.9555135332894775,1.2019275977358153,70.58326781147798,48.959488969471245,1.2,0.23869173750912162
21.400000000000002,normal,-0.5764710154016612,-3.13,0.16673191940069368,0.9577726565004272,1.1987640601960616,70.59670191516955,49.02439062592861,1.2,0.20825370417318978
21.450000000000003,normal,-0.5594710154016613,-3.13,0.1658997452233068,0.9596033545188478,1.1967926812743301,70.61169871796184,49.08945099486815,1.2,0.22154237574533847
21.5,normal,-0.5424710154016626,-3.13,0.1654969421175775,0.9611220618518883,1.196227795608051,70.63007659600247,49.15487144186947,1.2,0.26119974632217324
21.55,normal,-0.5254710154016622,-3.13,0.16550325428041085,0.9624426139761995,1.197106153114867,70.65117050577993,49.22084105363722,1.2,0.28537531839713703
21.6,normal,-0.5084710154016618,-3.13,0.1658792094234835,0.9636703545321226,1.1992596700425435,70.6724076356271,49.287485262109726,1.2,0.28846649626061205
21.650000000000002,normal,-0.4914710154016615,-3.13,0.16656492222954616,0.9648657225397907,1.2023781669664042,70.69182383150326,49.35489658501036,1.2,0.27596852021269813
21.700000000000003,normal,-0.47447101540166103,-3.13,0.16748287670305528,0.9660621864413852,1.2038885161606665,70.70895535119342,49.42317957308089,1.2,0.25750173669797927
21.75,normal,-0.45747101540166274,-3.13,0.16854601400729402,0.9672954209777631,1.203943432355521,70.72404995446084,49.49244470708945,1.2,0.23886220785183404
21.8,normal,-0.4404710154016624,-3.13,0.16966492592969032,0.9685974338507148,1.2041670392935115,70.73771428061649,49.562805487882805,1.2,0.22209932912063418
21.85,normal,-0.423471015401662,-3.13,0.17075670166787088,0.9699925564739484,1.2045641124805602,70.75055927871429,49.63437618176859,1.2,0.20703631749700085
21.900000000000002,normal,-0.40647101540166164,-3.13,0.17175153889613462,0.9714954818940638,1.2051186085076562,70.76297938861497,49.70726250158551,1.2,0.20153988018398014
21.950000000000003,normal,-0.3894710154016613,-3.13,0.17259494936150838,0.9731067615083555,1.2057961107128732,70.77528857598608,49.781498554258505,1.2,0.2077887574543033
22.0,normal,-0.37247101540166244,-3.13,0.17323894359204267,0.9747695123997968,1.2065481551570583,70.78748621887117,49.8571035871683,1.2,0.20973755658624432
22.05,normal,-0.35547101540166254,-3.13,0.17365008562743536,0.9764183660644328,1.207317725852185,70.79923327738985,49.93408345119167,1.2,0.20673985159116953
22.1,normal,-0.3384710154016622,-3.13,0.17380962236860098,0.977986960152881,1.208045203082497,70.81000596446412,50.01243358732201,1.2,0.19863707021673058
22.150000000000002,normal,-0.32147101540166173,-3.13,0.17371360303170916,0.9794148070066062,1.2086741421911922,70.81931183647202,50.092142935465525,1.2,0.18584395162121214
22.200000000000003,normal,-0.3044710154016614,-3.13,0.17337275854837247,0.9806527235516849,1.2089072989499239,70.82689975905802,50.173197627422965,1.2,0.16970482002829151
22.25,normal,-0.2874710154016627,-3.13,0.17281176834504391,0.9816662969151662,1.2086523182095985,70.832888958393,50.25558341479018,1.2,0.15277586341667143
22.3,normal,-0.27047101540166235,-3.13,0.17206759982264122,0.9824372348957329,1.208398015453082,70.83776042732433,50.33928625687032,1.2,0.138756155387947
22.35,normal,-0.25347101540166184,-3.13,0.1711868095562477,0.9829628193570812,1.2058411468591834,70.84220111881714,50.42429105104127,1.2,0.13063509808864335
22.400000000000002,normal,-0.2364710154016615,-3.13,0.17022197335292583,0.9832539469116655,1.2031301537236085,70.84685477325272,50.510578908884575,1.2,0.1288062688026927
22.450000000000003,normal,-0.21947101540166114,-3.13,0.16922766173532314,0.9833323441105004,1.2010879123179694,70.85208354357067,50.598123592582205,1.2,0.1313403557971577
22.5,normal,-0.2024710154016628,-3.13,0.16825646119415677,0.9832274879236318,1.199853672632599,70.85784950837109,50.68688781075772,1.2,0.1335718806990215
22.55,normal,-0.18547101540166244,-3.13,0.1673553495878018,0.9829736121034294,1.1994812723416237,70.86377174644399,50.77682013743195,1.2,0.13206874476633795
22.6,normal,-0.1684710154016621,-3.13,0.16656235778976708,0.9826070264901989,1.1999383223563693,70.86932624634332,50.86785332043137,1.2,0.12628523942003428
22.650000000000002,normal,-0.15147101540166164,-3.13,0.16590332896361998,0.9821638850868837,1.2011159971827847,70.87408439982384,50.95990452955692,1.2,0.11777991313584721
22.700000000000003,normal,-0.1344710154016613,-3.13,0.16538916223665184,0.9816785171622191,1.2028472478458063,70.87787586990447,51.05287760586961,1.2,0.10913702222978197
22.75,normal,-0.11747101540166305,-3.13,0.16501475767562573,0.9811824374327864,1.2049299374494347,70.8808153452562,51.14666679003079,1.2,0.10162476603071516
22.8,normal,-0.10047101540166259,-3.13,0.16476071371657228,0.9807041162309675,1.2055277138445457,70.8832094223514,51.24116102911132,1.2,0.0950537202658566
22.85,normal,-0.08347101540166224,-3.13,0.16459745004355977,0.9802694899636841,1.2056041873905234,70.88541124786478,51.33624797483738,1.2,0.08966406069562691
22.900000000000002,normal,-0.06647101540166189,-3.13,0.16449028596062934,0.9799030485626008,1.2058380879977788,70.88769542713337,51.43181713461907,1.2,0.08680260785815543
22.950000000000003,normal,-0.04947101540166143,-3.13,0.1644040839245146,0.9796292064384691,1.206193333244957,70.89019580421864,51.527762084735016,1.2,0.08808705746539244
23.0,normal,-0.03247101540166275,-3.13,0.1643068073922065,0.9794736012830283,1.2066213360355846,70.89291018981756,51.62398196788007,1.2,0.09136657715912613
23.05,normal,-0.015471015401662402,-3.13,0.1641719166586,0.9794639949513877,1.2070665400354876,70.89574931482998,51.72038257494444,1.2,0.09353932820570664
23.1,normal,0.0015289845983380568,-3.13,0.16397975201427767,0.9796305587251237,1.2074723765797801,70.89859886355298,51.81687720076735,1.2,0.09363658936412125
23.150000000000002,normal,0.018528984598338072,-3.13,0.16371810325512873,0.9800054717802302,1.2077869779599462,70.90136939081412,51.91338728610433,1.2,0.09190900991744548
23.200000000000003,normal,0.03552898459833842,-3.13,0.1633821847070111,0.980621901484056,1.2074501937091726,70.90402133181526,52.00984272420176,1.2,0.08931265507742916
23.25,normal,0.052528984598337214,-3.13,0.1629742874376891,0.981512533962311,1.2071090621045941,70.90656442867456,52.106181678576135,1.2,0.08715967755586765
23.3,normal,0.06952898459833756,-3.13,0.16250355278681564,0.9827078700146492,1.2068303265821188,70.90903913525344,52.2023498306833,1.2,0.08641149080239081
23.35,normal,0.08652898459833791,-3.13,0.16198703345640567,0.9842345003731219,1.2066362757497042,70.91149111822769,52.298299113451804,1.2,0.08699387797002393
23.400000000000002,normal,0.10352898459833831,-3.13,0.16145712666509288,0.9861135422550864,1.20654192993859,70.91394953563777,52.393986131499865,1.2,0.08826714278173946
23.450000000000003,normal,0.12052898459833866,-3.13,0.1610076317114818,0.9883593754959266,1.2064170129665666,70.91641646580199,52.48937056609002,1.2,0.0894759238889967
23.5,normal,0.13752898459833696,-3.13,0.1609496845896941,0.9909787763225759,1.2057376965976059,70.91886987828823,52.5844138776031,1.2,0.0899177126152259
23.55,normal,0.15452898459833825,-3.13,0.1613377911263612,0.9939705172258138,1.2050306033842726,70.9212772784254,52.67907854541946,1.2,0.08931892958193476
23.6,normal,0.1715289845983377,-3.13,0.16187216374615176,0.9973254812520393,1.2043464320424777,70.92361323675611,52.773327947917345,1.2,0.0881227061119287
23.650000000000002,normal,0.1885289845983389,-3.13,0.16246301766626675,1.001027320971317,1.2037324506829912,70.92587285412985,52.86712682565347,1.2,0.08707535576552738
23.700000000000003,normal,0.20552898459833852,-3.13,0.16308690060717168,1.0050536666306786,1.2032280868423422,70.92807531052394,52.96044213512773,1.2,0.08620812619381364
23.75,normal,0.2225289845983381,-3.13,0.1637303539961053,1.009377847099458,1.202861390311124,70.93025612622193,53.05324402618132,1.2,0.08515234262768646
23.8,normal,0.23952898459833727,-3.13,0.16438036382220228,1.0139710300622065,1.2026467424751666,70.93245165451812,53.14550668033106,1.2,0.08391110230604382
23.85,normal,0.2565289845983388,-3.13,0.16502281269902305,1.0188046218367148,1.2025840403116328,70.9346824863626,53.23720882242188,1.2,0.08510337559823246
23.900000000000002,normal,0.2735289845983379,-3.13,0.16564285320156197,1.0238527068565026,1.2026594011665444,70.93694260601622,53.328333834407864,1.2,0.08856492595701479
23.950000000000003,normal,0.29052898459833754,-3.13,0.16622585235369663,1.0290942700448413,1.202847247575744,70.93919842750888,53.41886951797698,1.2,0.09058308289103065
24.0,normal,0.30752898459833716,-3.13,0.16675842747186953,1.0345149468029922,1.2031134722404373,70.94139763344324,53.50880763649637,1.2,0.09071811042897668
24.05,normal,0.3245289845983383,-3.13,0.1672293307817825,1.0401080911497111,1.2034192764077425,70.94348392351806,53.59814339674985,1.2,0.08904176199598894
24.1,normal,0.3415289845983378,-3.13,0.16763005338607634,1.0458750369211935,1.2037252314409872,70.94541190895404,53.68687500802438,1.2,0.08588883345886929
24.150000000000002,normal,0.35852898459833904,-3.13,0.16795510263305397,1.0518245335499963,1.2039951304527567,70.94715702119802,53.775003398190215,1.2,0.08179391842804477
24.200000000000003,normal,0.37552898459833856,-3.13,0.1682019732731518,1.0579714449757718,1.2041992614961974,70.9487178581298,53.86253209952883,1.2,0.07739011130555959
24.25,normal,0.39252898459833774,-3.13,0.16837087812883994,1.064334887192344,1.2043168284828736,70.95011153511258,53.94946726483718,1.2,0.07323896358930157
24.3,normal,0.4095289845983373,-3.13,0.1684643249398612,1.0709360332900213,1.2043373539660875,70.95136496192511,54.035817750030915,1.2,0.06965035064969607
24.35,normal,0.4265289845983385,-3.13,0.1684866241833575,1.0777958305963404,1.2042610062898296,70.95250573757741,54.12159520313958,1.2,0.06662630893120723
24.400000000000002,normal,0.4435289845983381,-3.13,0.16844339450073972,1.0849328571154355,1.204097894005828,70.95355558322369,54.20681412090923,1.2,0.06396277910402703
24.450000000000003,normal,0.46052898459833924,-3.13,0.1683411069686358,1.0923615035114802,1.2038664580628322,70.95452759335593,54.29149185897525,1.2,0.061400202429793084
24.5,normal,0.47752898459833676,-3.13,0.16818668553845956,1.100090613285591,1.203591163969386,70.95542694065063,54.37564859842558,1.2,0.05874033399115186
24.55,normal,0.49452898459833805,-3.13,0.16798716447828194,1.1081226569366094,1.2032997490330308,70.95625365382023,54.45930727626801,1.2,0.05590464333300208
24.6,normal,0.5115289845983375,-3.13,0.16774939666755612,1.116453462303095,1.2030203105457633,70.95700589837156,54.5424934827218,1.2,0.05292021200629058
24.650000000000002,normal,0.5285289845983387,-3.13,0.16747980770865348,1.1250724766295597,1.2027785260173067,70.95768262944578,54.62523532121162,1.2,0.049851412287146554
24.700000000000003,normal,0.5455289845983383,-3.13,0.16718419648157634,1.133963497732366,1.20259527401093,70.95828516057117,54.70756322385337,1.2,0.04674645725909625
24.75,normal,0.5625289845983379,-3.13,0.16686758894260725,1.1431057823003037,1.202484874243214,70.95881774214409,54.78950971874639,1.2,0.04366423081703123
24.8,normal,0.5795289845983373,-3.13,0.16653415544369188,1.1524754187487514,1.202454092619856,70.95928749052283,54.87110915363764,1.2,0.0407628461605681
24.85,normal,0.5965289845983387,-3.13,0.1661872009381849,1.1620468400812698,1.2025019690383658,70.95970397843766,54.952397388781286,1.2,0.038332036648578684
24.900000000000002,normal,0.6135289845983378,-3.13,0.16582923208495343,1.171794349025403,1.2026204342785143,70.96007863848571,55.03341147551036,1.2,0.036622300397258375
24.950000000000003,normal,0.6305289845983393,-3.13,0.16546209677367602,1.173967535220024,1.2027955991775205,70.96042399869829,55.11418933427727,1.2,0.035645522645096725
25.0,normal,0.647528984598337,-3.13,0.1650871821766649,1.1695989327308232,1.2030095350328476,70.96075274142245,55.194769438293356,1.2,0.03520504586999731
25.05,normal,0.6645289845983381,-3.13,0.16470564965048037,1.1654570490529925,1.2032423256831914,70.96107664166546,55.27519050036197,1.2,0.035037867268309694
25.1,normal,0.6815289845983374,-3.13,0.16431868102456812,1.1615614183278609,1.2034741613026962,70.96140553357534,55.35549115521775,1.2,0.034948090879548865
25.150000000000002,normal,0.6985289845983388,-3.13,0.1639277127067568,1.157930806292456,1.2036872595731236,70.96174650870529,55.43570963006636,1.2,0.034839912204821376
25.200000000000003,normal,0.7155289845983382,-3.13,0.16353464240049886,1.154582028035755,1.2038674363703776,70.96210353411362,55.515883401858275,1.2,0.034669823690533105
25.25,normal,0.7325289845983378,-3.13,0.16314200823304598,1.1515289730351308,1.2040051986147733,70.96247759473857,55.596048848705536,1.2,0.03439584903865872
25.3,normal,0.7495289845983372,-3.13,0.16275316215470853,1.1487819200323615,1.20409628951747,70.96286733846729,55.67624091133891,1.2,0.03397501862792114
25.35,normal,0.7665289845983385,-3.13,0.1623724906423524,1.1463471882174752,1.2041416749016458,70.96327007006268,55.75649278553152,1.2,0.033394512602396995
25.400000000000002,normal,0.7835289845983379,-3.13,0.1620057804831629,1.1442271338673053,1.2041470135200705,70.96368284092826,55.836835666248874,1.2,0.032703527050681844
25.450000000000003,normal,0.8005289845983391,-3.13,0.1616608863830185,1.1424204667900801,1.2041217003748874,70.96410335052444,55.917298558925346,1.2,0.032082350957257144
25.5,normal,0.8175289845983369,-3.1300000000000003,0.1613488841001077,1.1409228316395623,1.20407760693735,70.96453043060717,55.99790816427752,1.2,0.03255028253670707
25.55,normal,0.834528984598338,-3.1299999999999994,0.16108561008102376,1.1397275775343956,1.204027663631605,70.9649640148872,56.078688832970855,1.2,0.03363533380961185
25.6,normal,0.8515289845983376,-3.1300000000000003,0.16089197968605565,1.1388266267838432,1.2039844366120607,70.96540466205522,56.15966257791588,1.2,0.03470225851361965
25.650000000000002,normal,0.8685289845983387,-3.1299999999999994,0.16078824792564533,1.1382113504126548,1.2039588424364305,70.9658528392948,56.24084912693892,1.2,0.03558489939270624
25.700000000000003,normal,0.8855289845983383,-3.1300000000000003,0.16077992472475175,1.137873364330788,1.2039591217794088,70.96630823423877,56.32226599774531,1.2,0.03637104061647313
25.75,normal,0.9025289845983376,-3.13,0.1608501257965717,1.1378051743489441,1.2039901594154474,70.96676932586394,56.40392857980059,1.2,0.03727115879325353
25.8,normal,0.9195289845983372,-3.13,0.16097094587370453,1.1380006189855045,1.2040531962885317,70.9672333301689,56.48585021237162,1.2,0.03810641985135539
25.85,normal,0.9365289845983382,-3.13,0.1611175566591009,1.1384550837026877,1.2041459355085726,70.96769649541343,56.568042252647054,1.2,0.038739826533783016
25.900000000000002,normal,0.9535289845983378,-3.13,0.16127246253456184,1.1391654860148193,1.2042630027570023,70.96815461002558,56.65051413125011,1.2,0.03912532626348444
25.950000000000003,normal,0.9705289845983389,-3.13,0.16142419022459292,1.1401300549379718,1.2043966874965446,70.96860354060202,56.73327339414764,1.2,0.03925809631271574
26.0,normal,0.9875289845983367,-3.13,0.16156529015610835,1.1413479479330189,1.2045378679646124,70.96903964293163,56.816325730412885,1.2,0.03916059270459527
26.05,normal,1.004528984598338,-3.13,0.16169095683236603,1.1428187619425478,1.2046770119121144,70.96945996297464,56.899674985463946,1.2,0.0388665732337789
26.1,normal,1.0215289845983375,-3.13,0.16179821689139282,1.1445420013501513,1.2048051464046108,70.96986223114791,56.983323160167984,1.2,0.03840587871151708
26.150000000000002,normal,1.0385289845983388,-3.13,0.16188545474790023,1.1465165646813822,1.2049147022098299,70.97024471927602,57.06727039799608,1.2,0.03779519104411684
26.200000000000003,normal,1.055528984598338,-3.13,0.16195211377637114,1.1487403044669178,1.2050001588067076,70.97060605691212,57.15151496503655,1.2,0.03703595901316327
26.25,normal,1.0725289845983377,-3.13,0.16199848222678587,1.151209702383755,1.205058441821639,70.97094509172346,57.236053230433505,1.2,0.036117904586757434
26.3,normal,1.0895289845983371,-3.13,0.16202551749095045,1.1539196864120709,1.2050890526482363,70.97126084014072,57.32087965683239,1.2,0.03502594898801924
26.35,normal,1.1065289845983384,-3.13,0.16203468728744733,1.1568636001978616,1.2050939373429395,70.97155252845114,57.40598681095366,1.2,0.03374839235177848
26.400000000000002,normal,1.1235289845983378,-3.13,0.16202781996823096,1.1600333188490157,1.2050771262694153,70.97181968850977,57.49136540315669,1.2,0.032284333107955906
26.450000000000003,normal,1.140528984598339,-3.13,0.16200696338561746,1.16341949147364,1.2050441955607445,70.97206225698267,57.577004361973025,1.2,0.0306492474648827
26.5,normal,1.1575289845983368,-3.13,0.16197425525726333,1.1670118799814635,1.205001614969731,70.97228063414654,57.66289094568717,1.2,0.028879472073325106
26.55,normal,1.1745289845983378,-3.13,0.16193180919851508,1.1707997567039437,1.2049560532987578,70.97247568110267,57.74901088895605,1.2,0.027038264104033156
26.6,normal,1.1915289845983374,-3.13,0.16188162044084953,1.1747723205493583,1.204913712107837,70.97264866133932,57.835348578992864,1.2,0.025224308718905138
26.650000000000002,normal,1.2085289845983387,-3.13,0.1618254943144036,1.1789190926302318,1.2048797511493923,70.97280115239442,57.921887253558104,1.2,0.0235608329398228
26.700000000000003,normal,1.2255289845983381,-3.13,0.16176499926574783,1.1832302571766748,1.2048578559339633,70.97293495887695,58.00860921209405,1.2,0.02211283534552494
26.75,normal,1.2425289845983376,-3.13,0.16170144480751858,1.187696921375553,1.2048499805169668,70.97305204908841,58.095496031641495,1.2,0.020824638913293246
26.8,normal,1.259528984598337,-3.13,0.161635883538252,1.1923112776065958,1.2048562789673622,70.97315451995749,58.18252878028522,1.2,0.019623275976395408
26.85,normal,1.2765289845983383,-3.13,0.16156913530511977,1.1970666622829689,1.2048752192019945,70.97324457795662,58.269688222318976,1.2,0.018507196195479993
26.900000000000002,normal,1.2935289845983378,-3.13,0.16150183069460824,1.201957516002657,1.2049038550540372,70.97332451485836,58.35695501073447,1.2,0.017536026958649725
26.950000000000003,normal,1.310528984598339,-3.13,0.16143447025107793,1.2069792589183101,1.2049382183697104,70.97339665984057,58.44430986384228,1.2,0.016772425239364324
27.0,normal,1.3275289845983385,-3.13,0.16136749504320366,1.212128102280859,1.204973783825352,70.97346330138586,58.53173372383391,1.2,0.01622131875977187
27.05,normal,1.344528984598338,-3.13,0.16130136334155173,1.217400821447986,1.2050059555888555,70.97352658763896,58.619207896010174,1.2,0.015835711973108412
27.1,normal,1.3615289845983374,-3.13,0.16123662719791643,1.222794517060806,1.2050305268000547,70.97358842558441,58.70671416835411,1.2,0.01556810498807854
27.150000000000002,normal,1.3785289845983386,-3.13,0.16117400164974344,1.2283063897118216,1.2050440694140099,70.97365040292848,58.794234912157684,1.2,0.015397446224967757
27.200000000000003,normal,1.395528984598338,-3.13,0.16111441821463032,1.2339335496756698,1.2050442221165396,70.97371375100789,58.88175316544877,1.2,0.015324206537134368
27.25,normal,1.4125289845983375,-3.13,0.1610590535256434,1.2396728777772348,1.2050298564249782,70.97377935510369,58.969252701846386,1.2,0.015349423157179371
27.3,normal,1.429528984598337,-3.1299999999999994,0.1610093238425806,1.2455209469602269,1.2050011143154635,70.97384780499183,59.056718088011394,1.2,0.015455600651260226
27.35,normal,1.4465289845983382,-3.13,0.16096683751643695,1.2514740073342352,1.2049593234472984,70.9739194682191,59.14413473292091,1.2,0.015608429380073596
27.400000000000002,normal,1.4635289845983377,-3.1299999999999994,0.1609333012926893,1.2575280310932893,1.2049068071551723,70.97399456456527,59.231488931745595,1.2,0.01577536886132563
27.450000000000003,normal,1.480528984598339,-3.1300000000000003,0.16091038345265796,1.2636788082671078,1.204846614980142,70.97407322302892,59.31876790624128,1.2,0.015943006385731085
27.5,normal,1.4975289845983384,-3.13,0.16089954697157952,1.269922080189118,1.2047822050333858,70.97415551068354,59.405959842471475,1.2,0.016125695891779056
27.55,normal,1.5145289845983378,-3.13,0.1609018767566277,1.2762536950813972,1.204717111664704,70.97424143271458,59.49305392559198,1.2,0.01635811957576532
27.6,normal,1.5315289845983373,-3.13,0.1609179320436533,1.2826697693425502,1.2046546307798678,70.97433091152084,59.58004037057482,1.2,0.016660045339241234
27.650000000000002,normal,1.5485289845983385,-3.13,0.16094765337492983,1.2891668389054143,1.204597551046867,70.97442375756334,59.66691044727533,1.2,0.01700581379022402
27.700000000000003,normal,1.565528984598338,-3.13,0.16099034176806362,1.2957419871991238,1.2045479527347502,70.97451964486748,59.75365649820324,1.2,0.017343930771785136
27.75,normal,1.5825289845983375,-3.13,0.1610447097673287,1.3023929394875042,1.20450708782028,70.97461810051341,59.840271947697545,1.2,0.01762845393950575
27.8,normal,1.5995289845983387,-3.13,0.16110898772825819,1.30911811726967,1.2044753461739925,70.97471851192533,59.92675130180382,1.2,0.017829526254699947
27.85,normal,1.6165289845983382,-3.13,0.16118106027350063,1.3159166505887647,1.2044523040177528,70.97482015038496,60.01309013885911,1.2,0.01793943773737731
27.900000000000002,normal,1.6335289845983374,-3.13,0.16125860870155057,1.3227883500775162,1.2044368432730856,70.97492220554503,60.09928509145864,1.2,0.018020609457916687
27.950000000000003,normal,1.6505289845983386,-3.13,0.16133924199925492,1.3297336440013525,1.2044273245710075,70.97502382446694,60.185333821003304,1.2,0.01815814477578174
28.0,normal,1.667528984598338,-3.13,0.1614206074212249,1.3367534881555163,1.2044217930164203,70.97512414955702,60.27123498634973,1.2,0.018246739670699712
28.05,normal,1.6845289845983378,-3.13,0.16150047817420835,1.343849258059015,1.2044181944768186,70.97522235180968,60.3569882081913,1.2,0.018243894968884372
28.1,normal,1.701528984598339,-3.13,0.16157681955201383,1.351022633415235,1.2044145811184388,70.97531765792525,60.44259403071129,1.2,0.018145122867576413
28.150000000000002,normal,1.7185289845983385,-3.13,0.16164783633874544,1.3582754843425418,1.204409287838693,70.97540937138696,60.528053881804574,1.2,0.017952520916513025
28.200000000000003,normal,1.735528984598338,-3.13,0.1617120043648443,1.365609767579666,1.2044010656677915,70.97549688818697,60.61337003280714,1.2,0.0176699999543637
28.25,normal,1.7525289845983372,-3.13,0.1617680885836021,1.3730274389670725,1.2043891635602524,70.97557970778469,60.69854555824972,1.2,0.017302355113360306
28.3,normal,1.7695289845983395,-3.1299999999999994,0.16181514945080971,1.3805303862555924,1.2043733556636602,70.9756574395062,60.78358429570771,1.2,0.01685510794328687
28.35,normal,1.786528984598339,-3.13,0.1618525389761139,1.388120383956081,1.204353916565302,70.97572980438072,60.868490805401905,1.2,0.016334519467237282
28.400000000000002,normal,1.8035289845983384,-3.13,0.16187988763150804,1.3957990697507996,1.2043315516881352,70.97579663257565,60.95327032885868,1.2,0.015747582773457565
28.450000000000003,normal,1.8205289845983377,-3.13,0.1618970833181404,1.4035679401255148,1.204307293565653,70.97585785707766,61.037928745706814,1.2,0.015101932001514037
28.5,normal,1.8375289845983374,-3.13,0.16190424373885678,1.411428361481557,1.204282376939765,70.97591350482328,61.12247252760166,1.2,0.014405684612156263
28.55,normal,1.8545289845983368,-3.13,0.16190168372620584,1.4193815921201614,1.204258106412077,70.97596368680782,61.206908688340114,1.2,0.013667297721103037
28.6,normal,1.8715289845983396,-3.13,0.16188987926771786,1.4274288101701398,1.2042357297924764,70.97600858860304,61.29124472945399,1.2,0.012895570165615596
28.650000000000002,normal,1.8885289845983393,-3.13,0.16186943010017568,1.435571142715539,1.2042163285086425,70.9760484621844,61.37548858091591,1.2,0.01209997445329635
28.700000000000003,normal,1.9055289845983387,-3.13,0.16184102277703244,1.4438096919914558,1.2042007337424603,70.97608361918479,61.459648537013614,1.2,0.011291606426897607
28.75,normal,1.9225289845983382,-3.13,0.1618053960299748,1.4521455554420968,1.204189473684989,70.97611442493,61.54373318789119,1.2,0.010485304328778672
28.8,normal,1.9395289845983374,-3.13,0.1617633100449692,1.4605798375469086,1.2041827538184733,70.9761412921338,61.627751347664365,1.2,0.009703946979224594
28.85,normal,1.9565289845983374,-3.13,0.1617155209676045,1.4691136524860713,1.2041804687987194,70.97616467308907,61.71171198034689,1.2,0.008984718447755054
28.900000000000002,normal,1.9735289845983401,-3.13,0.16166276156609907,1.477748117813768,1.2041822416353052,70.97618504957656,61.7956241250468,1.2,0.008374711717820348
28.950000000000003,normal,1.9905289845983394,-3.13,0.16160572854455912,1.4864843402355958,1.2041874836883477,70.97620292037746,61.87949682199162,1.2,0.007896565532471474
29.0,normal,2.007528984598339,-3.13,0.16154507654882205,1.4953233952741842,1.2041954676652513,70.97621878699547,61.96333904092341,1.2,0.007537183261669782
29.05,normal,2.0245289845983385,-3.13,0.16148141847628453,1.5042663030173882,1.2042054053571345,70.97623313875135,62.04715961328129,1.2,0.007280627373652199
29.1,normal,2.041528984598338,-3.13,0.1614153313181686,1.5133140022733096,1.204216522256702,70.97624643866364,62.130967169381854,1.2,0.007116221617069105
29.150000000000002,normal,2.0585289845983374,-3.13,0.16134736644822129,1.5224673253328007,1.204228122321848,70.97625911143923,62.21477008154048,1.2,0.007030686824814353
29.200000000000003,normal,2.075528984598337,-3.13,0.1612780630358301,1.5317269752129905,1.204239637808074,70.97627153452649,62.29857641377246,1.2,0.007007683313216563
29.25,normal,2.0925289845983364,-3.13,0.16120796310251767,1.541093506788824,1.204250661070133,70.97628403266133,62.38239387839605,1.2,0.007031921144747139
29.3,normal,2.1095289845983394,-3.13,0.16113762664638362,1.5505673126826875,1.2042609573028673,70.9762968758016,62.466229799550746,1.2,0.007091262013095861
29.35,normal,2.126528984598339,-3.13,0.16106764520844077,1.5439728065923841,1.2042704591417694,70.97631027991454,62.55009108336293,1.2,0.007176604561422354
29.400000000000002,normal,2.1435289845983383,-3.13,0.16099865222417536,1.5334608174382982,1.2042792456980236,70.97632440982184,62.63398419425587,1.2,0.007281537515336824
29.450000000000003,normal,2.1605289845983378,-3.13,0.16093132847643135,1.5230463625508541,1.2042875098308758,70.9763393832311,62.71791513672424,1.2,0.007402360959910799
29.5,normal,2.177528984598337,-3.13,0.16086640094884194,1.5127300035617246,1.20429551818729,70.97635527516591,62.80188944178569,1.2,0.007537665180200187
29.55,normal,2.1945289845983367,-3.13,0.16080463342619639,1.5025123352857088,1.20430356874664,70.97637212219796,62.88591215728663,1.2,0.007686531728935568
29.6,normal,2.2115289845983397,-3.13,0.1607468074236464,1.4923939683546168,1.204311950330774,70.97638992613183,62.969987841272705,1.2,0.007845712782272075
29.650000000000002,normal,2.228528984598339,-3.13,0.16069369265267777,1.4823755123909614,1.2043209078552612,70.97640865704341,63.05412055772933,1.2,0.008007875786162078
29.700000000000003,normal,2.2455289845983386,-3.13,0.16064600748447072,1.472457561237443,1.2043306161159752,70.97642825578829,63.13831387413774,1.2,0.00816252928302186
29.75,normal,2.262528984598338,-3.13,0.1606043718869241,1.4626406814080384,1.204341163754566,70.9764486362477,63.22257086046158,1.2,0.008298544412341962
29.8,normal,2.2795289845983375,-3.13,0.1605692579024049,1.4529254045244318,1.2043525478584884,70.97646968764954,63.30689408935809,1.2,0.00840620578674471
29.85,normal,2.296528984598337,-3.13,0.16054094518449724,1.4433122240894862,1.204364678547873,70.97649127728762,63.39128563757943,1.2,0.008478104462051494
29.900000000000002,normal,2.31352898459834,-3.13,0.16051949023982356,1.4338015965648323,1.204377391983333,70.97651325387272,63.47574708867762,1.2,0.008509333063531969
29.950000000000003,normal,2.3305289845983395,-3.13,0.16050471669879518,1.42439394639187,1.2043904695671905,70.97653545160851,63.56027953724011,1.2,0.008497768366833322
30.0,normal,2.347528984598339,-3.13,0.16049622993613782,1.4150896743446724,1.2044036607435589,70.976557694928,63.6448835949546,1.2,0.00844684453330902
30.05,normal,2.3645289845983384,-3.13,0.1604934538541834,1.4058891684391992,1.204416706734502,70.97657980368693,63.72955939882928,1.2,0.008392591860862008
30.1,normal,2.381528984598338,-3.13,0.16049568276560278,1.3967928165462091,1.2044293627537472,70.97660159852012,63.81430662187955,1.2,0.008397243981842769
30.150000000000002,normal,2.3985289845983377,-3.13,0.16050213892148504,1.3878010198572237,1.2044414166653619,70.97662290604,63.89912448653895,1.2,0.008388621638423563
30.200000000000003,normal,2.4155289845983403,-3.13,0.16051202683467128,1.3789142064197208,1.204452702635048,70.97664356359103,63.98401178096945,1.2,0.008339804342467007
30.25,normal,2.432528984598336,-3.13,0.16052457825557606,1.3701328440713774,1.204463108980981,70.97666342335121,64.06896687834254,1.2,0.008248028483413597
30.3,normal,2.4495289845983392,-3.13,0.16053908498691852,1.3614574522443428,1.204472580094827,70.97668235566553,64.15398775904865,1.2,0.00811397433478161
30.35,normal,2.4665289845983387,-3.13,0.16055491949040157,1.3528886122607626,1.2044811129051762,70.97670025157937,64.23907203567971,1.2,0.007939389121183544
30.400000000000002,normal,2.483528984598338,-3.13,0.16057154494033976,1.3444269758844096,1.2044887488423281,70.97671702459621,64.32421698052536,1.2,0.0077266059899465086
30.450000000000003,normal,2.5005289845983376,-3.13,0.16058851708171368,1.3360732720186341,1.2044955625999343,70.97673261170725,64.40941955523806,1.2,0.0074783821962571455
30.5,normal,2.5175289845983375,-3.13,0.16060548027719668,1.3278283115408784,1.204501649159108,70.97674697374083,64.49467644225938,1.2,0.0071978195029693635
30.55,normal,2.5345289845983365,-3.13,0.16062215981511302,1.3196929903361947,1.2045071105463654,70.97676009506853,64.57998407756355,1.2,0.006888313573043217
30.6,normal,2.551528984598339,-3.13,0.16063835213295757,1.3116682906381845,1.2045120436564247,70.97677198270004,64.66533868426384,1.2,0.006553516735333319
30.650000000000002,normal,2.568528984598339,-3.13,0.16065391421232392,1.3037552808100765,1.2045165302151049,70.9767826648066,64.75073630664106,1.2,0.006197309018717382
30.700000000000003,normal,2.585528984598339,-3.13,0.16066875306444053,1.2959551137076895,1.2045206296250361,70.97679218873552,64.83617284418624,1.2,0.005823778288089429
30.75,normal,2.6025289845983375,-3.13,0.16068281595236908,1.288269023766715,1.204524375069459,70.97680061860686,64.92164408529656,1.2,0.00543721894549595
30.8,normal,2.6195289845983374,-3.13,0.16069608177221417,1.280698322955437,1.204527772887533,70.97680803260928,65.00714574031677,1.2,0.005042175116890558
30.85,normal,2.6365289845983373,-3.13,0.1607085538272195,1.2732443957354767,1.204530804913524,70.97681452012377,65.0926734736739,1.2,0.004643588966637492
30.900000000000002,normal,2.65352898459834,-3.13,0.16072025406655435,1.2659086931801535,1.204533433218933,70.97682017879953,65.17822293490445,1.2,0.004247227537587465
30.950000000000003,normal,2.670528984598339,-3.13,0.16073121872253315,1.2586927264131413,1.204535606528037,70.97682511168637,65.2637897884168,1.2,0.0038624908225936825
31.0,normal,2.6875289845983388,-3.13,0.16074149516783348,1.2515980595476452,1.2045372674998587,70.9768294245007,65.34936974186587,1.2,0.003615661144584924
31.05,normal,2.7045289845983387,-3.13,0.16075113973197094,1.2446263023251687,1.204538360079785,70.97683322307645,65.43495857304151,1.2,0.0034465780721563187
31.1,normal,2.7215289845983373,-3.13,0.16076021616742914,1.237779102668925,1.2045388362100597,70.97683661103422,65.52055215518686,1.2,0.0033173782232486576
31.150000000000002,normal,2.738528984598337,-3.13,0.16076879444231043,1.23105813937571,1.2045386613322517,70.97683968769556,65.60614648067072,1.2,0.003235910270348087
31.200000000000003,normal,2.75552898459834,-3.13,0.1607769495573037,1.2244651151677428,1.2045378182951114,70.97684254627002,65.69173768294202,1.2,0.0031968906671804437
31.25,normal,2.7725289845983356,-3.13,0.16078476013634843,1.218001750309957,1.2045363094756736,70.97684527234492,65.7773220566954,1.2,0.003190133437104923
31.3,normal,2.7895289845983386,-3.13,0.16079230661611427,1.211669776967393,1.2045341571092478,70.97684794270673,65.86289607617994,1.2,0.003208605965593007
31.35,normal,2.8065289845983385,-3.13,0.1607996689506016,1.2054709344324688,1.2045314019877755,70.9768506245115,65.94845641158858,1.2,0.003247617304954651
31.400000000000002,normal,2.8235289845983385,-3.13,0.1608069238434969,1.1994069652955102,1.204528100813275,70.97685337480254,66.03399994347562,1.2,0.0033022011560894654
31.450000000000003,normal,2.840528984598337,-3.13,0.16081414161198807,1.1934796125680955,1.2045243225765971,70.97685624034887,66.11952377516465,1.2,0.0033668967087461463
31.5,normal,2.857528984598337,-3.13,0.16082138286141545,1.1876906177025581,1.2045201443696203,70.9768592577557,66.20502524312863,1.2,0.003437154722016203
31.55,normal,2.8745289845983364,-3.13,0.16082869520255239,1.1820417193880706,1.2045156470342826,70.97686245378395,66.29050192534697,1.2,0.0035102966485066485
31.6,normal,2.8915289845983394,-3.13,0.16083611026721273,1.1765346529494958,1.2045109110112588,70.97686584581352,66.37595164767016,1.2,0.0035851982638643574
31.650000000000002,normal,2.9085289845983384,-3.13,0.16084364127178255,1.1711711501343836,1.2045060126839644,70.97686944239612,66.46137248824759,1.2,0.003661040526480337
31.700000000000003,normal,2.9255289845983383,-3.13,0.16085128134423604,1.1659529390495709,1.2045010214303746,70.97687324386183,66.54676278009846,1.2,0.003736013760798726
31.75,normal,2.942528984598338,-3.13,0.16085900277373938,1.160881744003703,1.2044959975063938,70.97687724296607,66.63212111192581,1.2,0.0038068924808923876
31.8,normal,2.959528984598337,-3.13,0.16086675727066907,1.1559592850257698,1.2044909907993593,70.97688142558154,66.71744632728866,1.2,0.003869635589604757
31.85,normal,2.9765289845983367,-3.13,0.16087447724763937,1.1511872768608378,1.2044860404161755,70.97688577144977,66.80273752225597,1.2,0.003920324173064684
31.900000000000002,normal,2.9935289845983393,-3.13,0.16088207805733684,1.1465674272895077,1.2044811750123108,70.97689025500735,66.88799404166814,1.2,0.003955790096241071
31.950000000000003,normal,3.010528984598339,-3.13,0.16088946105766952,1.1421014346729559,1.2044764137279964,70.97689484629365,66.97321547412723,1.2,0.003973817574801042
32.0,normal,3.027528984598338,-3.13,0.16089651732399235,1.137790984685823,1.2044717675763938,70.97689951193382,67.05840164582659,1.2,0.003973089510741517
32.050000000000004,normal,3.044528984598338,-3.13,0.1609031317946654,1.1336377462595655,1.2044672411234647,70.97690421617752,67.14355261331664,1.2,0.003953052692988601
32.1,normal,3.0615289845983376,-3.13,0.16090918762054898,1.1296433668143968,1.2044628343076043,70.97690892196339,67.2286686552865,1.2,0.0039138280397201675
32.15,normal,3.0785289845983366,-3.13,0.16091457049020277,1.1258094669045036,1.204458544264866,70.97691359197403,67.3137502634249,1.2,0.0038566170421681202
32.2,normal,3.0955289845983405,-3.13,0.16091917271834874,1.1221376344358847,1.204454367048936,70.97691818964638,67.39879813240823,1.2,0.003803996474271517
32.25,normal,3.112528984598339,-3.13,0.16092289691273617,1.1186294186371208,1.204450299160239,70.97692268010648,67.48381314905355,1.2,0.0037936116922185196
32.300000000000004,normal,3.129528984598339,-3.13,0.16092565907081574,1.1152863239702666,1.2044463388230218,70.97692703100377,67.56879638066722,1.2,0.0037682570411901144
32.35,normal,3.1465289845983384,-3.13,0.16092739099957074,1.1121098041626774,1.204442486971052,70.97693121322637,67.65374906262133,1.2,0.003724679339940362
32.4,normal,3.163528984598338,-3.13,0.1609280419963781,1.109101256522782,1.2044387479209038,70.97693520148482,67.73867258519476,1.2,0.0036635768568356207
32.45,normal,3.1805289845983373,-3.13,0.16092757977330363,1.10626201667627,1.2044351297266895,70.97693897475557,67.82356847972864,1.2,0.0035860127179006543
32.5,normal,3.1975289845983363,-3.13,0.16092599064917482,1.103593353826919,1.2044316442221465,70.97694251658028,67.9084384041611,1.2,0.0034931941876146476
32.550000000000004,normal,3.2145289845983402,-3.13,0.16092327907100357,1.1010964666115415,1.2044283067661743,70.97694581522032,67.99328412802603,1.2,0.0033864185441686867
32.6,normal,3.231528984598339,-3.13,0.16091946655704112,1.098772479584236,1.2044251357172244,70.97694886367029,68.07810751701928,1.2,0.0032670510911000255
32.65,normal,3.2485289845983387,-3.13,0.16091459017650153,1.0966224403338083,1.204422151671062,70.97695165953928,68.16291051725577,1.2,0.003136518378915148
32.7,normal,3.265528984598338,-3.13,0.1609087006950114,1.0946473172117623,1.2044193765057718,70.97695420481313,68.24769513935624,1.2,0.0029963156718264515
32.75,normal,3.2825289845983376,-3.13,0.16090186051964772,1.0928479976277665,1.2044168322871833,70.9769565055148,68.33246344251437,1.2,0.0028480332430991977
32.800000000000004,normal,3.29952898459834,-3.13,0.16089414157342047,1.0912252868554735,1.2044145400965771,70.97695857128335,68.41721751870097,1.2,0.0026934117149139706
32.85,normal,3.3165289845983366,-3.13,0.16088562321691868,1.0897799072837486,1.204412518849516,70.97696041489216,68.50195947716249,1.2,0.0025344453087056988
32.9,normal,3.333528984598336,-3.13,0.16087639031595544,1.088512498046031,1.2044107841787652,70.97696205172795,68.58669142936444,1.2,0.0023735625942669135
32.95,normal,3.3505289845983386,-3.13,0.16086653153014246,1.0874236149626624,1.2044093474542954,70.97696349924936,68.67141547451905,1.2,0.0022139071219960038
33.0,normal,3.3675289845983385,-3.13,0.1608561378703329,1.086513730736308,1.2044082150084396,70.97696477644281,68.75613368581983,1.2,0.0020596240316117483
33.050000000000004,normal,3.384528984598338,-3.13,0.16084530154502855,1.0857832353478396,1.204407387623919,70.97696590329016,68.84084809748506,1.2,0.0019156877915876315
33.1,normal,3.4015289845983374,-3.13,0.16083411508918793,1.0852324366081711,1.2044068603267932,70.97696690026127,68.92556069269075,1.2,0.001786806198085164
33.15,normal,3.418528984598337,-3.13,0.16082267074531725,1.0848615608296401,1.2044066225062815,70.97696778784206,69.01027339244963,1.2,0.001677149174230309
33.2,normal,3.43552898459834,-3.13,0.16081106004792226,1.0846707535881006,1.204406658360106,70.97696858610684,69.09498804547123,1.2,0.0015931504223707423
33.25,normal,3.45252898459834,-3.13,0.1607993735494678,1.0846600805536133,1.2044069476395682,70.9769693143416,69.17970641901736,1.2,0.0015419448571956458
33.300000000000004,normal,3.4695289845983384,-3.13,0.1607877006196225,1.0848295283734875,1.204407466645008,70.97696999072272,69.26443019075026,1.2,0.0015197633884413285
33.35,normal,3.4865289845983383,-3.13,0.16077612924991946,1.0851790055965955,1.2044081894019694,70.97697063205246,69.34916094155649,1.2,0.001515814912775877
33.4,normal,3.5035289845983377,-3.13,0.1607647458025852,1.0857083436326243,1.2044090889332526,70.976971253551,69.43390014932044,1.2,0.0015233523020998876
33.45,normal,3.520528984598337,-3.13,0.16075363465435716,1.0864172977444746,1.2044101385337536,70.97697186870198,69.51864918361449,1.2,0.0015393076904260453
33.5,normal,3.5375289845983366,-3.13,0.1607428777023359,1.087305548076627,1.2044113129545073,70.97697248914727,69.6034093012705,1.2,0.001561663788167571
33.550000000000004,normal,3.5545289845983397,-3.13,0.16073255371769563,1.0883727007269715,1.2044125894099371,70.97697312462626,69.68818164279762,1.2,0.0015884581280586954
33.6,normal,3.5715289845983396,-3.13,0.16072273755273034,1.0896182888743344,1.2044139483373872,70.97697378295454,69.772967229613,1.2,0.001617834267107259
33.65,normal,3.588528984598338,-3.13,0.16071349922541991,1.091041773978452,1.2044153738592798,70.97697447003824,69.85776696205644,1.2,0.0016482714654164183
33.7,normal,3.605528984598338,-3.13,0.16070490292192896,1.0926425470731025,1.2044168539237907,70.97697518992047,69.94258161816292,1.2,0.0016786040267926696
33.75,normal,3.6225289845983375,-3.13,0.16069700596973205,1.0944199301761028,1.204418380127381,70.97697594485759,70.02741185317139,1.2,0.001707856399835494
33.800000000000004,normal,3.6395289845983405,-3.13,0.1606898578414933,1.0963731778414396,1.2044199472493562,70.97697673542342,70.1122581997511,1.2,0.0017350535888683775
33.85,normal,3.6565289845983395,-3.13,0.1606834992518802,1.098501478878587,1.204421552552347,70.97697756063941,70.1971210689277,1.2,0.0017591292124151032
33.9,normal,3.673528984598336,-3.13,0.16067796140609275,1.100803958261815,1.204423194921057,70.97697841812827,70.28200075169242,1.2,0.0017789587876982846
33.95,normal,3.6905289845983393,-3.13,0.16067326545061938,1.1032796792479098,1.2044248739232146,70.97697930428816,70.36689742127565,1.2,0.0017934657509663002
34.0,normal,3.707528984598338,-3.13,0.16066942216442284,1.1059276457143483,1.204426588880384,70.97698021448326,70.45181113606391,1.2,0.001801728345728015
34.050000000000004,normal,3.724528984598338,-3.13,0.1606664319136903,1.1087468047219047,1.2044283380320426,70.97698114324601,70.53674184313512,1.2,0.0018030459493299292
34.1,normal,3.7415289845983373,-3.13,0.1606642848769592,1.1117360492964172,1.2044301178646477,70.97698208448561,70.62168938238264,1.2,0.0017969602290764954
34.15,normal,3.7585289845983367,-3.13,0.16066296153121348,1.114894221414621,1.2044319226596456,70.9769830316974,70.70665349119325,1.2,0.0017832448454407472
34.2,normal,3.7755289845983397,-3.13,0.16066243337489555,1.1182201151693103,1.2044337442923143,70.97698397816728,70.79163380963915,1.2,0.00176187947626793
34.25,normal,3.792528984598339,-3.13,0.16066266385174816,1.121712480080324,1.204435572289233,70.97698491716638,70.87662988613937,1.2,0.0017330218116721294
34.300000000000004,normal,3.809528984598339,-3.13,0.16066360943072552,1.1253700245106248,1.2044373941283109,70.97698584213114,70.96164118354125,1.2,0.0016970860237099906
34.35,normal,3.8265289845983377,-3.13,0.16066522079231876,1.1291914191416272,1.2044391957439566,70.97698674682526,71.04666708556968,1.2,0.0016881640473035305
34.4,normal,3.8435289845983376,-3.13,0.16066744407041922,1.1331753004592855,1.2044409621829992,70.97698762548032,71.13170690358854,1.2,0.001682023887791962
34.45,normal,3.860528984598337,-3.13,0.1606702221010236,1.137320274202449,1.2044426783458133,70.97698847291305,71.21675988361766,1.2,0.00166833628253224
34.5,normal,3.8775289845983365,-3.13,0.1606734956339839,1.1416249187276164,1.2044443297425362,70.97698928461814,71.30182521354746,1.2,0.0016474409143421565
34.550000000000004,normal,3.8945289845983395,-3.13,0.16067720447094067,1.14608778824918,1.2044459031964383,70.97699005683606,71.38690203049363,1.2,0.0016197584446835868
34.6,normal,3.911528984598339,-3.13,0.16068128850066224,1.1507074159211772,1.2044473874348949,70.97699078659622,71.47198942823515,1.2,0.0015857698224779142
34.65,normal,3.928528984598339,-3.13,0.16068568861152105,1.1554823167348447,1.2044487735218876,70.97699147173677,71.55708646468003,1.2,0.0015460089667609636
34.7,normal,3.9455289845983375,-3.13,0.16069034746910135,1.1604109902153157,1.204450055103054,70.97699211090237,71.6421921693055,1.2,0.0015010577286430125
34.75,normal,3.9625289845983374,-3.13,0.1606952101543666,1.165491922909896,1.2044512284531328,70.97699270352193,71.72730555052114,1.2,0.0014515417068494071
34.800000000000004,normal,3.9795289845983404,-3.13,0.16070022466415157,1.1707235906689242,1.2044522923344105,70.9769932497688,71.81242560290625,1.2,0.001398125967584708
34.85,normal,3.99652898459834,-3.13,0.16070534228071448,1.1761044607276918,1.2044532476915883,70.97699375050571,71.89755131427563,1.2,0.001341509338377516
34.9,normal,4.013528984598336,-3.13,0.1607105178206941,1.1816329936038603,1.2044540972219646,70.97699420721743,71.98268167253055,1.2,0.0012824153986616758
34.95,normal,4.030528984598339,-3.13,0.16071570977614735,1.187307644828999,1.2044548448687666,70.97699462193347,72.06781567225491,1.2,0.0012215782086584044
35.0,normal,4.047528984598339,-3.13,0.16072088036153778,1.1931268665351762,1.2044554952893451,70.9769949971442,72.1529523210203,1.2,0.001159722408487647
35.050000000000004,normal,4.064528984598338,-3.13,0.16072599548081895,1.1990891089179971,1.204456053348645,70.97699533571272,72.23809064536667,1.2,0.0010975421730956307
35.1,normal,4.081528984598337,-3.13,0.16073102462843428,1.2051928215963048,1.2044565236823295,70.97699564078545,72.3232296964293,1.2,0.001035692556635932
35.15,normal,4.098528984598336,-3.13,0.16073594073722267,1.2114364548862095,1.2044569103640594,70.97699591570404,72.40836855518687,1.2,0.0009748204967143521
35.2,normal,4.115528984598339,-3.13,0.16074071998522416,1.2178184610035845,1.2044572166988372,70.97699616392077,72.49350633730923,1.2,0.0009156922395442948
35.25,normal,4.132528984598339,-3.13,0.16074534157228831,1.224337295205056,1.2044574451504835,70.97699638891949,72.57864219758793,1.2,0.0008595960677818208
35.300000000000004,normal,4.149528984598339,-3.13,0.16074978747633825,1.2309914168732,1.2044575973975917,70.97699659414369,72.66377533393681,1.2,0.0008097673735798696
35.35,normal,4.166528984598338,-3.13,0.16075404219822903,1.2377792905475835,1.2044576745000504,70.9769967829327,72.74890499095413,1.2,0.0007745288148117509
35.4,normal,4.183528984598337,-3.13,0.1607580925032852,1.2446993868996707,1.204457677148542,70.97699695846683,72.83403046304181,1.2,0.0007580627279546064
35.45,normal,4.200528984598341,-3.13,0.16076192716690038,1.2517501836467761,1.2044576059631111,70.97699712372142,72.91915109708138,1.2,0.0007515855852157357
35.5,normal,4.217528984598337,-3.13,0.16076553673089006,1.2589301663982781,1.2044574618043251,70.97699728143,73.00426629466946,1.2,0.0007500245679779715
35.550000000000004,normal,4.23452898459834,-3.13,0.16076891327657644,1.2662378294263081,1.204457246061775,70.97699743405587,73.08937551391897,1.2,0.0007518356507837526
35.6,normal,4.251528984598339,-3.13,0.16077205021987578,1.2736716763530436,1.2044569608892999,70.97699758377178,73.17447827083475,1.2,0.0007561304334292057
35.65,normal,4.268528984598338,-3.13,0.16077494213271318,1.2812302207475108,1.2044566093636917,70.97699773244685,73.2595741402747,1.2,0.0007620474836949432
35.7,normal,4.285528984598337,-3.13,0.16077758459414498,1.2889119866262597,1.2044561955528574,70.97699788164049,73.3446627565088,1.2,0.0007687880209035168
35.75,normal,4.302528984598338,-3.13,0.1607799740733767,1.296715508854273,1.2044557244894443,70.97699803260214,73.42974381339042,1.2,0.0007757141461194212
35.800000000000004,normal,4.31952898459834,-3.13,0.16078210784560532,1.304639333444776,1.2044552020557167,70.9769981862769,73.51481706415454,1.2,0.000782358935056194
35.85,normal,4.319999999999999,-3.1134710154016596,0.16589099791734382,1.3126820177590837,1.204452518432273,70.97766110732644,73.59934453081934,1.2,0.050098149110483804
35.9,normal,4.319999999999999,-3.0964710154016637,0.17236426016517317,1.3207170027830943,1.2044438927349328,70.9802224423438,73.6828027853781,1.2,0.09836670364316949
35.95,normal,4.319999999999999,-3.0794710154016607,0.17948671047016557,1.3286159009742295,1.2044247033424003,70.9857017010211,73.76470454150153,1.2,0.14365712059155283
36.0,normal,4.319999999999999,-3.062471015401661,0.18699981121273399,1.3331465638011952,1.2043903583038191,70.9948982807345,73.84460364080941,1.2,0.18579594108115696
36.050000000000004,normal,4.319999999999999,-3.0454710154016618,0.19474805060659647,1.3311404628883357,1.2043371159411815,71.0083941604062,73.92209967229122,1.2,0.22464426378855235
36.1,normal,4.319999999999999,-3.0284710154016623,0.20262535878332688,1.3293211779920824,1.2042627789365545,71.02656239877486,73.9968424583184,1.2,0.26009696141733835
36.15,normal,4.319999999999999,-3.0114710154016633,0.21054709266172406,1.327699826904641,1.2041672042575253,71.04958055208046,74.06853664183662,1.2,0.2920824166522535
36.2,normal,4.319999999999999,-2.99447101540166,0.21843514171440725,1.3262891567768023,1.2040525935386184,71.07744804699753,74.136946628683,1.2,0.320562506031508
36.25,normal,4.319999999999999,-2.97747101540166,0.22621084417607046,1.3251039479305515,1.2039235514626045,71.1100065588892,74.20190218585763,1.2,0.3455327964079271
36.300000000000004,normal,4.319999999999999,-2.960471015401661,0.23379322095206528,1.3241615354323026,1.2037869211775225,71.14696254705659,74.2633050999509,1.2,0.3670229182989332
36.35,normal,4.319999999999999,-2.9434710154016615,0.24110093788785397,1.3234824299012742,1.203651424323592,71.18791125241114,74.32113752947359,1.2,0.38509706344951267
36.4,normal,4.319999999999999,-2.9264710154016615,0.24805652074899517,1.323091006453226,1.2035271478723688,71.23236161834714,74.37547317575624,1.2,0.3998545478087456
36.45,normal,4.319999999999999,-2.9094710154016585,0.25459142574206506,1.3230162205128793,1.2034249301895739,71.27976170638564,74.42649331900849,1.2,0.41143039684670174
36.5,normal,4.319999999999999,-2.892471015401663,0.2606508899824424,1.3232923022713508,1.2033557043125092,71.32952421919957,74.47451104949045,1.2,0.4199959469885057
36.550000000000004,normal,4.319999999999999,-2.87547101540166,0.2661979607068773,1.3239593783204033,1.2033298573508087,71.38105171745755,74.5200078760525,1.2,0.4257595062491991
36.6,normal,4.319999999999999,-2.8584710154016606,0.2712165170490802,1.3250639696585949,1.2033566612726285,71.4337610494385,74.56368810032082,1.2,0.4289671834440855
36.65,normal,4.319999999999999,-2.841471015401661,0.2757133103255058,1.326659319723788,1.2034438223838972,71.48710644066688,74.60656122927156,1.2,0.42990414029926577
36.7,normal,4.319999999999999,-2.8244710154016617,0.27971902833454726,1.3288055139534474,1.2035971850442646,71.54060064916717,74.64995360141673,1.2,0.4288969246732239
36.75,normal,4.319999999999999,-2.807471015401662,0.2832881858687185,1.3315693629321448,1.2038206104148303,71.59383360124205,74.6951253463287,1.2,0.42631855980950767
36.800000000000004,normal,4.319999999999999,-2.790471015401659,0.28649737075985493,1.3350240335637276,1.2041160344837134,71.6464879863704,74.74293924057733,1.2,0.4226001877329564
36.85,normal,4.319999999999999,-2.7734710154016593,0.289441244106486,1.3392484258796518,1.204483692752983,71.69835139612377,74.79396107733426,1.2,0.4182563350339118
36.9,normal,4.319999999999999,-2.75647101540166,0.292226028365625,1.336502742593014,1.2049224834341477,71.74932472046888,74.84859467101832,1.2,0.4139310755600028
36.95,normal,4.319999999999999,-2.7394710154016604,0.294961274149749,1.3272190861254631,1.2054304283666315,71.7994266441831,74.90714750665848,1.2,0.4104454880602416
37.0,normal,4.319999999999999,-2.722471015401661,0.29775221844028466,1.3171698781185568,1.2060051824313425,71.84879420073294,74.96986136287627,1.2,0.40872008090899115
37.050000000000004,normal,4.319999999999999,-2.705471015401658,0.3006959742171268,1.306444594854468,1.2066445387907472,71.89767943431374,75.03692894532838,1.2,0.409395783892237
37.1,normal,4.319999999999999,-2.688471015401662,0.3038838980553752,1.2951427167546028,1.2073468790814095,71.94644229526213,75.10850481280212,1.2,0.41248221936951446
37.15,normal,4.319999999999999,-2.671471015401663,0.30740959647910115,1.283373203210201,1.208111524366734,71.99553995812025,75.18471366698756,1.2,0.4175867262550734
37.2,normal,4.319999999999999,-2.6544710154016595,0.31137805079219916,1.2712538476791595,1.208938953378349,72.04551281513136,75.26565705139794,1.2,0.42431971022790105
37.25,normal,4.319999999999999,-2.63747101540166,0.31590707707938415,1.2589105079971923,1.2098308681218157,72.09696746815523,75.35141875941176,1.2,0.4324252436016452
37.300000000000004,normal,4.319999999999999,-2.6204710154016606,0.3211100487352685,1.2464762083607888,1.2107901018768545,72.15055712138161,75.44206902719031,1.2,0.44174981889579207
37.35,normal,4.32,-2.603471015401661,0.3270567099630647,1.2340901100750024,1.2118203795082911,72.2069598636889,75.5376675605246,1.2,0.4521912648687829
37.4,normal,4.3199999999999985,-2.5864710154016617,0.3337324303444806,1.2218963481787213,1.2129259534198091,72.26685541847782,75.63826547812003,1.2,0.4636608531888303
37.45,normal,4.319999999999999,-2.5694710154016587,0.3410302060502882,1.210042730952497,1.214111149210415,72.33090102581713,75.74390629356012,1.2,0.4760563967225188
37.5,normal,4.319999999999999,-2.552471015401659,0.3487821017300224,1.1986792997368356,1.2153798621927183,72.39970720379415,75.85462608592837,1.2,0.48924273947237873
37.550000000000004,normal,4.319999999999999,-2.5354710154016598,0.3568011085374151,1.187956748171387,1.2167350488208926,72.47381421106702,75.97045302075578,1.2,0.5030400802993474
37.6,normal,4.319999999999999,-2.5184710154016603,0.36490795364366047,1.178024703582061,1.2169713370925777,72.55367009747252,76.09140638015086,1.2,0.5172229270523637
37.65,normal,4.319999999999999,-2.501471015401661,0.3729403146357836,1.1690298792682778,1.2171870874283381,72.63950218095682,76.21748744467325,1.2,0.5310225592808042
37.7,normal,4.319999999999999,-2.4844710154016614,0.3807540272640366,1.1611141150088844,1.2174177947574119,72.73128774485814,76.34867099322372,1.2,0.5436942054573055
37.75,normal,4.3199999999999985,-2.467471015401662,0.3882211110590545,1.1544123331342675,1.2176535849773367,72.82906988054178,76.4849193607215,1.2,0.5560334475089688
37.800000000000004,normal,4.319999999999999,-2.4504710154016585,0.3952237123457384,1.1490504482648973,1.217886252978658,72.93275456427499,76.6261808046332,1.2,0.5679950040314741
37.85,normal,4.32,-2.4334710154016594,0.4016526088467839,1.145143281336338,1.218109668444643,73.04211376157775,76.77238790874924,1.2,0.5798506291498221
37.9,normal,4.319999999999999,-2.416471015401662,0.4074068898941093,1.1427925401380166,1.2183199149549058,73.1567938807778,76.92345608587067,1.2,0.5922264506150225
37.95,normal,4.319999999999999,-2.3994710154016623,0.4123945629126074,1.142084937403017,1.2185151814870878,73.27632416221742,77.07927951667814,1.2,0.6052734442826958
38.0,normal,4.319999999999999,-2.382471015401663,0.4165345249801272,1.1430906093716742,1.2186954454322523,73.40014840028527,77.23972058474335,1.2,0.6183720498642589
38.050000000000004,normal,4.319999999999999,-2.36547101540166,0.41976061880317606,1.1458621616134408,1.2188620002334745,73.52769173947901,77.40462136946556,1.2,0.631361044158177
38.1,normal,4.319999999999999,-2.348471015401664,0.422019838073277,1.1504338615390808,1.2190168884023531,73.65833370654661,77.57380305932003,1.2,0.6431404274707667
38.15,normal,4.319999999999999,-2.3314710154016645,0.42327403449908807,1.1568210413722346,1.2201727470295618,73.79076396773314,77.74547854051924,1.2,0.6517417777760295
38.2,normal,4.319999999999999,-2.3144710154016614,0.42375411733944846,1.165019772720189,1.222382756777808,73.92554727855396,77.91915117564689,1.2,0.6597176925105366
38.25,normal,4.319999999999999,-2.297471015401662,0.4234955940815369,1.1750068617208902,1.2254996671902973,74.06202312056858,78.09430711594575,1.2,0.6638381098198828
38.300000000000004,normal,4.319999999999999,-2.2804710154016625,0.4225541105978974,1.1867400455228416,1.2293505104403692,74.19936262333279,78.26961032541158,1.2,0.6626199268469825
38.35,normal,4.319999999999999,-2.263471015401663,0.4211267625944869,1.200156606108672,1.2274310241870698,74.33834286437556,78.44487123309638,1.2,0.6581190267440917
38.400000000000006,normal,4.319999999999999,-2.24647101540166,0.41923786687962394,1.215164850905121,1.2243589771297523,74.47801899726178,78.61990213635731,1.2,0.6497110958112339
38.45,normal,4.319999999999999,-2.2294710154016606,0.416930665476518,1.2316311075971544,1.221122108264314,74.61855560524407,78.79450720456511,1.2,0.6420383590046734
38.5,normal,4.319999999999999,-2.212471015401661,0.414261583257418,1.2493964166192473,1.2177474390141982,74.76095106442703,78.96848314570792,1.2,0.6398755878716063
38.550000000000004,normal,4.319999999999999,-2.1954710154016617,0.4112929725744898,1.2682860876867132,1.2142634527063207,74.90649440182156,79.14163015748824,1.2,0.6443642973869256
38.6,normal,4.319999999999999,-2.178471015401662,0.4080864415988771,1.2881133852133995,1.2106980080213832,75.05645640562709,79.31385003285226,1.2,0.6504514562668644
38.650000000000006,normal,4.319999999999999,-2.161471015401659,0.4046797687400295,1.3086840922337255,1.2070766020842965,75.21228853481398,79.48509328044435,1.2,0.6573606743406618
38.7,normal,4.319999999999999,-2.1444710154016633,0.4010965550532967,1.3298016828500192,1.203421017632808,75.37579631059542,79.65531576578194,1.2,0.6670024291941541
38.75,normal,4.319999999999999,-2.127471015401664,0.3973565978551052,1.3512727589833233,1.199935185026891,75.54836938742277,79.82429059316183,1.2,0.6793206715027169
38.800000000000004,normal,4.319999999999999,-2.110471015401661,0.39350692572546814,1.3729123439172801,1.1968348242210551,75.730488518585,79.99178049572772,1.2,0.693475875551688
38.85,normal,4.319999999999999,-2.0934710154016614,0.38959500173478356,1.3945464774294098,1.194308526151291,75.92132417674739,80.15757655220217,1.2,0.7076833221793478
38.900000000000006,normal,4.319999999999999,-2.076471015401662,0.385663639206799,1.416013402283274,1.1925057647386994,76.11861865799315,80.3215099935122,1.2,0.7197178480399309
38.95,normal,4.319999999999999,-2.0594710154016624,0.381749475265433,1.4371637013984682,1.1915278624914591,76.31888147513037,80.48346165655474,1.2,0.7274956561147157
39.0,normal,4.319999999999999,-2.042471015401663,0.37788127342151356,1.457859651950964,1.1914228285123754,76.51788699207519,80.64336822347313,1.2,0.7295699356280819
39.050000000000004,normal,4.319999999999999,-2.02547101540166,0.37407862882091314,1.4779741398366109,1.1921845627306622,76.71135881056482,80.80122463021566,1.2,0.7253853149237441
39.1,normal,4.319999999999999,-2.0084710154016605,0.3703514698168707,1.4973894828277463,1.1937563740439696,76.89565547200633,80.95708244209754,1.2,0.7152907039227029
39.150000000000006,normal,4.319999999999999,-1.991471015401661,0.3667004724480889,1.5159964537644086,1.196038209362465,77.06827480944635,81.11104448573762,1.2,0.7003735911808788
39.2,normal,4.319999999999999,-1.9744710154016616,0.36311826555149906,1.5336936988145458,1.1988965628098018,77.22806728613752,81.26325647029951,1.2,0.6821889643326099
39.25,normal,4.319999999999999,-1.9574710154016621,0.35959116550276776,1.5503876355416608,1.2021758220769794,77.37515261531217,81.41389661717149,1.2,0.6624521676688181
39.300000000000004,normal,4.319999999999999,-1.9404710154016627,0.35610114704620377,1.5659928122120608,1.2057098356658587,77.51062011349684,81.5631643935434,1.2,0.642754529824941
39.35,normal,4.319999999999999,-1.9234710154016632,0.35262780272692784,1.580432627102581,1.2093327027707277,77.6361319761548,81.7112693282765,1.2,0.6243442863220455
39.400000000000006,normal,4.319999999999999,-1.9064710154016602,0.3491501269987759,1.5936402512807173,1.2128881061752141,77.75353951617201,81.85842064897126,1.2,0.6079977764537146
39.45,normal,4.319999999999999,-1.8894710154016607,0.3456480443415342,1.6055595722281364,1.2162368337556173,77.8645846263298,82.00481821135159,1.2,0.5939912127728665
39.5,normal,4.319999999999999,-1.8724710154016613,0.3421036596447141,1.6160952733943623,1.2192623983880033,77.9707151229747,82.15064497638194,1.2,0.5821691229324005
39.550000000000004,normal,4.319999999999999,-1.8554710154016618,0.33850223638342386,1.6084198710956916,1.2197196486866608,78.07300853486034,82.2960611637394,1.2,0.5720862456145023
39.6,normal,4.319999999999999,-1.8384710154016624,0.33483290980033076,1.6010426364210497,1.2196456362431096,78.1721796699088,82.44120015718103,1.2,0.5631792261422345
39.650000000000006,normal,4.319999999999999,-1.8214710154016593,0.33108913132538703,1.5939342785741064,1.219679025040405,78.26864123120195,82.58616620975009,1.2,0.5549184389360268
39.7,normal,4.319999999999999,-1.8044710154016634,0.3272688299341394,1.587066185009438,1.2197907749198345,78.36258927330877,82.73103394831023,1.2,0.5469065176448404
39.75,normal,4.319999999999999,-1.787471015401664,0.32337427492368465,1.5804105663425596,1.2199451637994345,78.45423219935465,82.8758759583654,1.2,0.5416528299712973
39.800000000000004,normal,4.319999999999999,-1.770471015401661,0.3194055869009122,1.5739491456427501,1.2201028542594576,78.54434423799893,83.02084134406941,1.2,0.5468893847235439
39.85,normal,4.319999999999999,-1.7534710154016615,0.31534396560478667,1.5676952133927005,1.2202032356324088,78.63295506701859,83.16603711562456,1.2,0.551210801680333
39.900000000000006,normal,4.319999999999999,-1.736471015401662,0.311180027405888,1.5616638509320677,1.2201245849453501,78.71915550599738,83.31161361654478,1.2,0.5496787121528267
39.95,normal,4.319999999999999,-1.7194710154016626,0.3068985988399552,1.5558709366442365,1.2197775444604797,78.80481653643248,83.45788649633178,1.2,0.5544897246745146
40.0,normal,4.319999999999999,-1.7024710154016631,0.3024522406664823,1.5503312389877055,1.2108126812885271,78.89251852774,83.60520386817065,1.2,0.5698621793488851
40.050000000000004,normal,4.319999999999999,-1.68547101540166,0.29778617388431483,1.54505650925219,1.2002496266706046,78.98042297414503,83.75361917530907,1.2,0.5805073318150191
40.1,normal,4.319999999999999,-1.6684710154016607,0.29289161050097245,1.5400536957454105,1.1912128843857843,79.07296610095976,83.9031534354948,1.2,0.598724447472599
40.150000000000006,normal,4.319999999999999,-1.6514710154016612,0.28775295826925096,1.5353234307409624,1.1843351263106892,79.17234367161144,84.05381500961256,1.2,0.6178508527763771
40.2,normal,4.319999999999999,-1.6344710154016617,0.2823521847724237,1.5308589436894269,1.1800445107619584,79.27732676154149,84.2055772355128,1.2,0.6297044961161268
40.25,normal,4.319999999999999,-1.6174710154016623,0.2766795702139587,1.5266455250393296,1.1785066019994812,79.3834891916248,84.35835432200007,1.2,0.6276222882203261
40.300000000000004,normal,4.319999999999999,-1.6004710154016628,0.2707458527844471,1.5226606093686241,1.1796060966789452,79.4851199487891,84.51198324311667,1.2,0.6089559834989531
40.35,normal,4.319999999999999,-1.5834710154016634,0.26459392134167725,1.5188744764840334,1.1829757476868679,79.57965398099739,84.66636676583364,1.2,0.5905181670822609
40.400000000000006,normal,4.319999999999999,-1.5664710154016603,0.25825985475754987,1.5149862853580904,1.1878391096883003,79.66347193884945,84.82120372211273,1.2,0.5612140349290209
40.45,normal,4.319999999999999,-1.5494710154016609,0.25186328093497445,1.5105384722895008,1.193283217520401,79.74727806083945,84.97613744900511,1.2,0.5317744604072941
40.5,normal,4.319999999999999,-1.5324710154016614,0.24558814388153785,1.505042961363512,1.189361589049757,79.84436228757893,85.13087406156632,1.2,0.586072173991081
40.550000000000004,normal,4.3199999999999985,-1.515471015401662,0.2396458399420965,1.4980315145705232,1.182359359902973,79.96121680790183,85.28517705365083,1.2,0.660786729995945
40.6,normal,4.319999999999999,-1.4984710154016625,0.23418922034209427,1.48912440602487,1.1792247793857327,80.09360852827987,85.43888367243603,1.2,0.7037790867459586
40.650000000000006,normal,4.319999999999999,-1.4814710154016595,0.22917668332266122,1.4781023309923378,1.1800355967850669,80.22847598295905,85.59187532356187,1.2,0.7085788895190197
40.7,normal,4.319999999999999,-1.46447101540166,0.2243656938659432,1.464957148013946,1.1844076617480908,80.35124004120416,85.74400901042141,1.2,0.6768122875723481
40.75,normal,4.319999999999999,-1.4474710154016643,0.2194796361535009,1.4498994515511603,1.1915923544880114,80.45349820288894,85.89507909113084,1.2,0.618557872606143
40.800000000000004,normal,4.319999999999999,-1.430471015401661,0.21435123113516008,1.4333182518972336,1.200628735240501,80.5357314891221,86.04482277931122,1.2,0.5499278835421125
40.85,normal,4.319999999999999,-1.4134710154016616,0.20895292886501765,1.4157092809465432,1.2004124628356587,80.60457962460873,86.19295554487739,1.2,0.4908464468080361
40.900000000000006,normal,4.324714256956137,-1.3974332817954664,0.21797717824606805,1.3975980232356329,1.1982798666213723,80.68347392151952,86.33911137482391,1.2,0.5136498253585686
40.95,normal,4.331376695302381,-1.3817932077776593,0.22589410783486324,1.3795081920292314,1.1966958142033624,80.77646007617221,86.48306535029872,1.2,0.5602224321431637
41.0,normal,4.338039133648625,-1.3661531337598523,0.23610319349462153,1.3619034971351118,1.1958013427054268,80.88339287931142,86.62464930154282,1.2,0.6066871172172649
41.050000000000004,normal,4.34470157199487,-1.350513059742042,0.25066816525767194,1.3451568740788427,1.1956228518867718,81.0020608940593,86.76381523580869,1.2,0.6427113945791572
41.1,normal,4.351364010341113,-1.334872985724235,0.26403011587335723,1.325003723730859,1.1961304803477104,81.12950300967854,86.90066797248933,1.2,0.6683375855747936
41.150000000000006,normal,4.358026448687357,-1.3192329117064279,0.2758382555313049,1.3015303768704123,1.197244484277483,81.2621398981287,87.03544151670943,1.2,0.6836715137148417
41.2,normal,4.364688887033601,-1.3035928376886208,0.2858994776785334,1.2773998594972178,1.1988463813009762,81.39642075252233,87.16845075398372,1.2,0.6897943009768246
41.25,normal,4.371351325379845,-1.2879527636708137,0.294091939617957,1.2526132144289623,1.2007931033732469,81.52928624625143,87.30002815715108,1.2,0.6884108604464385
41.300000000000004,normal,4.378013763726089,-1.2723126896530068,0.3003510958990584,1.227204183201224,1.1992993349044105,81.65819922208993,87.43054982810946,1.2,0.680211734635691
41.35,normal,4.384676202072332,-1.2566726156351997,0.3046593661689235,1.2012112658348069,1.1975678977121043,81.78114980530823,87.56041027589588,1.2,0.6657051095670296
41.400000000000006,normal,4.391338640418577,-1.2410325416173895,0.3070398749492732,1.1746741411074788,1.19592708636973,81.89654259036465,87.68999865868147,1.2,0.6450095371046691
41.45,normal,4.39800107876482,-1.2253924675995822,0.30755201614575817,1.1476310885456085,1.194438131580335,82.00346935374004,87.81963349732132,1.2,0.6191343781142447
41.5,normal,4.404663517111064,-1.209752393581775,0.30628626240413037,1.1201179910407812,1.19314852889559,82.102817474684,87.94944815309185,1.2,0.5923213080165524
41.550000000000004,normal,4.411325955457308,-1.1941123195639682,0.30335624332653455,1.0921692816885316,1.192088579159714,82.19500549786602,88.07950024870276,1.2,0.5626857787427197
41.6,normal,4.417988393803552,-1.1784722455461611,0.2989015547311388,1.0638208450318165,1.191270089535131,82.28019226034374,88.20978060229534,1.2,0.5299086886904772
41.650000000000006,normal,4.424650832149797,-1.1628321715283507,0.2930874490189338,1.0351144600926119,1.190687232263575,82.35807779419339,88.34022962108756,1.2,0.4937250399295678
41.7,normal,4.43131327049604,-1.1471920975105436,0.2861067346373663,1.0061030019852324,1.1903193230590141,82.42793504837361,88.47075624285306,1.2,0.4540008476300887
41.75,normal,4.437975708842282,-1.13155202349274,0.27818775619952396,0.9768554111155427,1.1901351040492054,82.48891473844502,88.60125361342293,1.2,0.4117310263620146
41.800000000000004,normal,4.4446381471885275,-1.1159119494749297,0.2696212473591486,0.9474604516002465,1.190097989865084,82.54051938430555,88.7316068172684,1.2,0.3730361425807421
41.85,normal,4.451300585534772,-1.1002718754571226,0.2608489514105085,0.918028500170577,1.190153313088563,82.91114843278773,88.85871197024801,1.2,0.8404303772344299
41.900000000000006,normal,4.457963023881015,-1.0846318014393155,0.2525477779837783,0.8937235495758884,1.1902424533657228,83.24157197554635,88.98389671871338,1.2,0.7880997730697272
41.95,normal,4.464625462227259,-1.0689917274215084,0.24430051610956713,0.8743661576101225,1.1903176258590151,83.52809643558872,89.10854651871439,1.2,0.7372993893859097
42.0,normal,4.471287900573502,-1.0533516534037015,0.23629751788415723,0.8597451186822676,1.1903543633312492,83.77139058618123,89.23384266205423,1.2,0.6932617314723991
42.050000000000004,normal,4.477950338919747,-1.037711579385891,0.23017146394854437,0.8496455468845932,1.1903585790132496,83.97580778305124,89.3606425272647,1.2,0.6551563859060741
42.1,normal,4.4846127772659905,-1.022071505368084,0.22641527332518985,0.843872919912027,1.1803928634824594,84.1491019206271,89.48951891952841,1.2,0.6211550324574266
42.150000000000006,normal,4.4912752156122355,-1.0064314313502771,0.22420889301381544,0.84226656892803,1.1681649027670082,84.30252772518634,89.62085636202464,1.2,0.5932214913928266
42.2,normal,4.497937653958478,-0.9907913573324698,0.22325390677686735,0.8446970363896318,1.1571717070068197,84.44999474884258,89.7549168237518,1.2,0.5807260033939183
42.25,normal,4.504600092304722,-0.9751512833146628,0.2234141283536474,0.851047691934699,1.1485547102371474,84.6047131833681,89.89180807508014,1.2,0.601721872193893
42.300000000000004,normal,4.511262530650967,-0.9595112092968524,0.22461046652732022,0.861189204840795,1.143238589268419,84.77102834963738,90.03156632013571,1.2,0.6390065310578257
42.35,normal,4.517924968997209,-0.9438711352790488,0.22686151501839485,0.8749595724351507,1.1417573618948638,84.94213011637716,90.17410026583705,1.2,0.6718243896009005
42.400000000000006,normal,4.524587407343455,-0.9282310612612386,0.23028701661730758,0.892157613739901,1.144134146856857,85.10328359515374,90.31911220716937,1.2,0.6810892163672634
42.45,normal,4.531249845689699,-0.9125909872434314,0.2350488345525413,0.9125476175588787,1.1499051926923045,85.2406793947697,90.46606543667451,1.2,0.6578747484659198
42.5,normal,4.537912284035942,-0.8969509132256243,0.24126826208093605,0.9358668636551009,1.162363902718536,85.53057495963351,90.6080454046575,1.2,0.843008681273225
42.550000000000004,normal,4.544574722382186,-0.8813108392078173,0.24774019385934576,0.9567608685508051,1.1796585128406305,85.75637730839738,90.74424945778459,1.2,0.723280503254471
42.6,normal,4.55123716072843,-0.8656707651900102,0.25439478986457975,0.9751388749582668,1.19744352440259,85.93785132355568,90.87390496589605,1.2,0.6646086467332586
42.650000000000006,normal,4.557899599074674,-0.8500306911722,0.26101362715287924,0.9909462035194805,1.1983958302885915,86.12241201128472,90.99575942663006,1.2,0.7829452268691759
42.7,normal,4.564562037420918,-0.8343906171543928,0.26729485575888096,1.0040276078017227,1.199225531023467,86.3778344340714,91.108414801213,1.2,0.9470016754620216
42.75,normal,4.571224475767162,-0.8187505431365857,0.27280317548560024,1.0137118160735492,1.1983850230853572,86.71262795145684,91.21136606008467,1.2,1.0812067243657277
42.800000000000004,normal,4.577886914113406,-0.8031104691187787,0.27716056637407255,1.0194407996030581,1.1961736173550839,87.07910266114341,91.30619293392961,1.2,1.128684247329078
42.85,normal,4.58454935245965,-0.7874703951009717,0.2802435115918468,1.0209289773679875,1.2004871934129464,87.42395701021016,91.39567098643242,1.2,1.0969537989054174
42.900000000000006,normal,4.591211790805894,-0.7718303210831613,0.2826580109628912,1.0182380725237552,1.2011431348600927,87.71893328267006,91.48198970938597,1.2,1.0188420187252263
42.95,normal,4.597874229152136,-0.7561902470653575,0.2869514269157342,1.0117617796866267,1.20135621793673,87.95301658688645,91.56614330391506,1.2,0.9133464330108303
43.0,normal,4.6045366674983805,-0.7405501730475506,0.29192033045246174,1.0021440877456804,1.2016109371081214,88.13017003467009,91.64797653174166,1.2,0.8001435229430516
43.050000000000004,normal,4.611199105844625,-0.7249100990297401,0.29585315465155454,0.9901581336083078,1.202022686386388,88.27199539762631,91.72704262985562,1.2,0.721177482503659
43.1,normal,4.61786154419087,-0.7092700250119331,0.2986205887342999,0.976587911526487,1.1967659710947294,88.40003997343302,91.80355940936845,1.2,0.6879034536519045
43.150000000000006,normal,4.624523982537113,-0.693629950994126,0.30032556397227317,0.9619288402009847,1.1865468471109153,88.52897142079487,91.87802443886426,1.2,0.7005061014723494
43.2,normal,4.631186420883356,-0.6779898769763191,0.3010436359081508,0.9464033180750075,1.178871917007308,88.66406638660771,91.95100617791773,1.2,0.7227556808790624
43.25,normal,4.6378488592296,-0.662349802958512,0.30084734342524866,0.9302400730112992,1.17432670897167,88.80464837750337,92.02312927577329,1.2,0.7369770225103749
43.300000000000004,normal,4.644511297575845,-0.6467097289407017,0.2997949438537785,0.9136645051898493,1.176735378317014,89.28422388163578,92.09489719027341,1.2,1.085644545151119
43.35,normal,4.651173735922088,-0.6310696549228979,0.29882425877292196,0.9014938070331642,1.1855951425303761,89.7528987617415,92.1690564950249,1.2,1.053662675289279
43.400000000000006,normal,4.657836174268333,-0.6154295809050875,0.2979431869941501,0.8939898165016946,1.1996466033557118,90.15224083020985,92.24761569459451,1.2,0.9866032333194041
43.45,normal,4.664498612614576,-0.5997895068872805,0.2971582418931632,0.8912122361266948,1.2098694749721577,90.4581953601313,92.33195508492788,1.2,0.9075836340363365
43.5,normal,4.67116105096082,-0.5841494328694734,0.29646456225389256,0.8929925876272078,1.2094979822219734,90.68812893821996,92.42271082218625,1.2,0.8294461124668739
43.550000000000004,normal,4.677823489307063,-0.5685093588516664,0.2958758400822075,0.8990771030203617,1.1834189052703763,90.80595890272762,92.51781792249571,1.2,0.6172202013291244
43.6,normal,4.6844859276533075,-0.5528692848338593,0.2954897063488893,0.9086708189891242,1.1447401972260356,90.90218348363004,92.61354137873651,1.2,0.6148266593582954
43.650000000000006,normal,4.6911483659995525,-0.537229210816049,0.2954020203569447,0.9204660576334385,1.1174091587621953,91.48921654582858,92.7082672603034,1.2,1.2345061702559554
43.7,normal,4.697810804345796,-0.5215891367982419,0.2947572287031667,0.9286851350629035,1.1035705857205846,92.25246901809379,92.80595253358354,1.2,1.3843743917930635
43.75,normal,4.704473242692039,-0.5059490627804348,0.2937985077421849,0.9330563065485149,1.1028919254817566,92.97630421342488,92.90665382184562,1.2,1.3368738875391342
43.800000000000004,normal,4.711135681038283,-0.4903089887626278,0.29235411887771984,0.933298569796255,1.1150098705541074,93.66099261199639,93.0109546875585,1.2,1.286582820934141
43.85,normal,4.717798119384527,-0.4746689147448207,0.2903256913401312,0.9291394104565744,1.1395351178014832,94.30744386776888,93.12065139812148,1.2,1.2339062529498543
43.900000000000006,normal,4.724460557730772,-0.45902884072701045,0.2876901690724002,0.9203078512055165,1.1721859060238644,94.60508336036241,93.23621479680524,1.2,0.8703430914034629
43.95,normal,4.731122996077014,-0.4433887667092066,0.28448110395595816,0.9079457523866394,1.2015083080301259,94.74687432663256,93.35295973062472,1.2,0.5468284464919728
44.0,normal,4.737785434423258,-0.42774869269139965,0.2818817313200074,0.8986366974727173,1.1945041414712416,95.02341815672106,93.47068183349751,1.2,0.7322282789417023
44.050000000000004,normal,4.744447872769503,-0.4121086186735892,0.27989937846174107,0.8932730383188914,1.1870153515082862,95.41769105099662,93.59060451956704,1.2,0.8854822030442957
44.1,normal,4.751110311115747,-0.39646854465578224,0.2785222129338008,0.8923638124718383,1.1866526949251426,95.8262572255376,93.71339489409603,1.2,0.9033599381770747
44.150000000000006,normal,4.75777274946199,-0.38082847063797515,0.2776946795664421,0.8959277090494544,1.1928177722702844,96.19477980625462,93.83931361082404,1.2,0.8432650400648238
44.2,normal,4.7644351878082345,-0.365188396620168,0.27739336412487553,0.9038730676817923,1.2043897797739918,96.48450347495155,93.96845902554035,1.2,0.7272397412400713
44.25,normal,4.771097626154478,-0.3495483226023611,0.27761334270423654,0.9159849015445423,1.2093976597132214,96.67220202974283,94.10076328177385,1.2,0.5899591810259375
44.300000000000004,normal,4.777760064500723,-0.33390824858455065,0.27833540325615075,0.9318159317388064,1.1937515364769629,96.7870001863135,94.23004277854145,1.2,0.46316160412080976
44.35,normal,4.784422502846967,-0.31826817456674367,0.2783904823798867,0.9453780587135963,1.182147071156847,96.9483468632202,94.35597491399294,1.2,0.4727937928482412
44.400000000000006,normal,4.79108494119321,-0.3026281005489366,0.27776220931875784,0.9450199010920624,1.1757815737776658,97.15103911741733,94.478539020939,1.2,0.4996520263944858
44.45,normal,4.797747379539454,-0.2869880265311296,0.2764566671070492,0.9418123927390833,1.1752009838111335,97.3686705126368,94.59815086565095,1.2,0.5367987653930111
44.5,normal,4.8044098178856975,-0.2713479525133225,0.27450106450131473,0.9390639911543519,1.1801906225396024,97.56533075248132,94.71556516116074,1.2,0.5270248416338529
44.550000000000004,normal,4.811072256231941,-0.2557078784955155,0.27193988447420664,0.9367219348535469,1.1898137140727325,97.7143111899404,94.83139048202112,1.2,0.4847142963304868
44.6,normal,4.817734694578186,-0.24006780447770837,0.2688402020402229,0.934718439577569,1.202645239387551,97.81134016477398,94.94588099808371,1.2,0.44316119007251437
44.650000000000006,normal,4.82439713292443,-0.22442773045989797,0.26529185039741904,0.9330634366547621,1.2072546579916332,97.8735772112107,95.0588889521064,1.2,0.42779325188796874
44.7,normal,4.831059571270673,-0.20878765644209102,0.2614012453295439,0.9318117745034422,1.1967783357240587,97.9260419898352,95.17007178683949,1.2,0.4238931994161758
44.75,normal,4.837722009616918,-0.1931475824242839,0.2572793196459048,0.9310128326254294,1.18844113301235,97.98882535806112,95.27912271204303,1.2,0.4479830560366067
44.800000000000004,normal,4.844384447963161,-0.17750750840647692,0.2530367497611438,0.9306947407388622,1.1830632643438472,98.06866042835047,95.38592206417509,1.2,0.5056392135045262
44.85,normal,4.851046886309405,-0.1618674343886698,0.24874256091402888,0.9216956500476059,1.181010337532111,98.15373391148614,95.49062197467384,1.2,0.526282914556867
44.900000000000006,normal,4.85770932465565,-0.14622736037085954,0.24446917180799757,0.9128162149752077,1.1872158727267867,98.60517643603386,95.59589710303575,1.2,0.9490091555842586
44.95,normal,4.864371763001892,-0.13058728635305572,0.24138597406111445,0.9092878627733878,1.2003519867854222,98.98042302733859,95.70330947394099,1.2,0.8428595714665134
45.0,normal,4.871034201348136,-0.11494721233524859,0.2394676571147672,0.9109879893660366,1.2005285924675866,99.2525512651932,95.81341560225047,1.2,0.7159551003613915
45.050000000000004,normal,4.877696639694381,-0.09930713831743834,0.23859539607011251,0.9175472007185719,1.2004499007497387,99.41939964620673,95.92605615978927,1.2,0.5862657821043399
45.1,normal,4.8843590780406245,-0.08366706429963121,0.2386189588206618,0.9283191856746342,1.2010619041106134,99.5447310479934,96.03491876908403,1.2,0.47542069566403883
45.150000000000006,normal,4.891021516386869,-0.06802699028182424,0.23816939744830373,0.9314877472066179,1.189065392700721,99.72148766643537,96.13955218273536,1.2,0.5296023895990553
45.2,normal,4.897683954733112,-0.052386916264017126,0.23716765320271022,0.9297263304813044,1.18179366212662,99.92782411877558,96.24012983718984,1.2,0.6063630059883788
45.25,normal,4.904346393079356,-0.03674684224621016,0.23560169864333477,0.9273773382569008,1.1804511293777624,100.14258073289433,96.33721717539211,1.2,0.6381087193510473
45.300000000000004,normal,4.911008831425601,-0.021106768228399752,0.23347547823834008,0.9244861752862894,1.184747008257451,100.3357161286812,96.43158370866941,1.2,0.6173680619056132
45.35,normal,4.917671269771844,-0.005466694210592785,0.23079253678630143,0.921098604784657,1.1937964529196343,100.48536050914629,96.5239560203114,1.2,0.5571840563965197
45.400000000000006,normal,4.931057969196675,0.0,0.23254512294513754,0.9172583601777753,1.2033601552058315,100.84495548298192,96.61767182606684,1.2,0.9002849451782403
45.45,normal,4.9480579691966735,0.0,0.23381421774374198,0.9178492145307218,1.196409221919559,100.93911200331318,96.7108227822109,1.2,0.5463350336100772
45.5,normal,4.965057969196674,0.0,0.23671911533501455,0.9127843155013671,1.188879763626644,101.14025041349994,96.8030238330852,1.2,0.7152894295353368
45.550000000000004,normal,4.982057969196673,0.0,0.24280734632789952,0.9056162819660345,1.183894908256201,101.42707136289764,96.89259006892516,1.2,0.8788736371147351
45.6,normal,4.999057969196673,0.0,0.2524538221552011,0.9028746836653017,1.179409394037217,101.67643165326308,96.98280934854708,1.2,0.8195083569094097
45.650000000000006,normal,5.016057969196675,0.0,0.264861262129238,0.9044145444318994,1.175879748354078,101.9243323856653,97.07424632338629,1.2,0.8380954633101376
45.7,normal,5.033057969196674,0.0,0.2794345921650524,0.9101661326807202,1.173628925605932,102.15564911817546,97.16720921105825,1.2,0.8361147780528639
45.75,normal,5.050057969196674,0.0,0.29546629543907516,0.912892280865006,1.1699999986982443,102.38472029234441,97.26276040722425,1.2,0.8624658189983464
45.800000000000004,normal,5.067057969196673,0.0,0.312696323196399,0.9109774270624504,1.1657894653374659,102.57469956564877,97.3552419867792,1.2,0.8205029422797402
45.85,normal,5.084057969196673,0.0,0.32954112822213855,0.9101894373791732,1.1618589989485026,102.77462394249473,97.44535730473444,1.2,0.8535731022645772
45.900000000000006,normal,5.101057969196676,0.0,0.3456476165405312,0.9101017832271541,1.1590256265499248,102.97295411074305,97.5343333720454,1.2,0.8641947927541743
45.95,normal,5.118057969196675,0.0,0.3607418934838863,0.9103329544795173,1.1578253153639966,103.14474658646529,97.62342301194633,1.2,0.8177784555118187
46.0,normal,5.135057969196672,0.0,0.3746942024554895,0.9107218534628683,1.1584435829241753,103.28064983705067,97.71393102270389,1.2,0.7296067672408549
46.050000000000004,normal,5.152057969196675,0.0,0.3875215903193613,0.9113182737075689,1.1607269619708147,103.39541739202127,97.80749935983431,1.2,0.6630330871382398
46.1,normal,5.1690579691966745,0.0,0.3994429844324527,0.9123395547202691,1.1493064294968123,103.52254066393891,97.90598425421578,1.2,0.6775066743477837
46.150000000000006,normal,5.186057969196674,0.0,0.41125963979781127,0.9141169032006116,1.13593138725174,103.70061863962559,98.01096982169956,1.2,0.7274143355743876
46.2,normal,5.203057969196673,0.0,0.4247798120309387,0.9170058842022442,1.1273552284644364,103.9502809538859,98.1236804935287,1.2,0.7878289321487311
46.25,normal,5.220057969196673,0.0,0.43931947596903564,0.9212923567206626,1.1261017033266183,104.55768162787356,98.2410858316938,1.2,1.337607995912739
46.300000000000004,normal,5.237057969196676,0.0,0.45236239313715415,0.9220255768279417,1.131505448864888,105.10773122454361,98.3642362703373,1.2,1.294780314680494
46.35,normal,5.254057969196675,0.0,0.463577202730826,0.9194449241530851,1.1400358158354675,105.3926884609835,98.49682675733017,1.2,0.9316973309706537
