time,mode,center_x,center_y,formation_error,min_obstacle_clearance,min_agent_distance,energy,path_length,max_height,avg_force_norm
0.0,normal,-5.2,0.0,0.0,3.509215610874228,0.7678026813146706,1.5762657782081257,0.029016475418303142,1.2,2.3213180334642978
0.05,normal,-5.183,0.0,0.01694583154755795,3.5082188795938656,0.783559933025506,3.1428763551766306,0.08708683849964435,1.2,2.3243781335824565
0.1,normal,-5.166,0.0,0.034457947316564,3.506080390797309,0.8072615903383349,4.5824240060957715,0.17322444790174313,1.2,2.245626650825668
0.15000000000000002,normal,-5.149000000000001,0.0,0.05367552539830287,3.5025742390056767,0.8385045493300501,5.823881774547735,0.28571684056535457,1.2,2.1089872863874084
0.2,normal,-5.132000000000001,0.0,0.07602247608972586,3.497419631142299,0.8771007069804803,6.861418241512575,0.42258098589869325,1.2,1.9532060509751865
0.25,normal,-5.115,0.0,0.1023395975181773,3.4903137605997587,0.9254644957584521,7.447544530691239,0.5742425503839478,1.2,1.4743252253565227
0.30000000000000004,normal,-5.098,0.0,0.1308613590795662,3.480970360203541,0.9843829954695901,8.052614380113102,0.7316112000379528,1.2,1.2529658268361492
0.35000000000000003,normal,-5.0809999999999995,0.0,0.15944895013492658,3.469210130032425,1.0533625141257863,8.791002313314927,0.8909389969608094,1.2,1.5754904635103868
0.4,normal,-5.064,0.0,0.1870059727097936,3.455069371869776,1.1313836886085353,9.458352193222769,1.0520786526976238,1.2,1.5151521566178698
0.45,normal,-5.047,0.0,0.21341361849801074,3.438819399501863,1.2119917676363372,9.831366374117867,1.209864780929307,1.2,1.1663781287860464
0.5,normal,-5.03,0.0,0.23819401466876933,3.42090007504338,1.22105839732109,10.276977367909636,1.3560318430099438,1.2,1.2147076830866181
0.55,normal,-5.013,0.0,0.2604479680271375,3.401834616347423,1.2302762991836569,10.779419923371137,1.4892127976568612,1.2,1.2288305611113353
0.6000000000000001,normal,-4.9959999999999996,0.0,0.27999762701331143,3.38215593778634,1.2394216706142704,11.268588082185241,1.6095840979924354,1.2,1.1722382534689426
0.65,normal,-4.979,0.0,0.29686420371963207,3.362354334780508,1.2479687394936136,11.744849365794147,1.7176192938302037,1.2,1.1674768053227091
0.7000000000000001,normal,-4.962000000000001,0.0,0.31111294993986427,3.342846843939798,1.2556622500318841,12.203753206509989,1.8141345753102267,1.2,1.167095011456309
0.75,normal,-4.945,0.0,0.3228543426182403,3.3239664825182427,1.2624465117363852,12.639243341127068,1.9006785804173463,1.2,1.1381449273739705
0.8,normal,-4.928,0.0,0.3321657024492375,3.3057628258492135,1.2683303677936082,13.047151010385734,1.979430971586599,1.2,1.0977874514276036
0.8500000000000001,normal,-4.9110000000000005,0.0,0.3391280100571702,3.288206861192757,1.273309388016469,13.42493374520091,2.0530836327639785,1.2,1.0528351649763774
0.9,normal,-4.894,0.0,0.343838348675212,3.2712671306872387,1.2774219968557543,13.770821967453463,2.124498590461414,1.2,1.0038451117438068
0.9500000000000001,normal,-4.877,0.0,0.3464075935325398,3.254910074430992,1.2807155270380954,14.083791474773413,2.196203582252867,1.2,0.9513707147298298
1.0,normal,-4.86,0.0,0.34695865544754084,3.239100366977379,1.2832277304180861,14.363519640188859,2.2700979477365526,1.2,0.8959590659556685
1.05,normal,-4.843000000000001,0.0,0.3456251057726144,3.2238012455058094,1.2850005896943373,14.6103282820616,2.3474604448215297,1.2,0.8381487422679819
1.1,normal,-4.8260000000000005,0.0,0.3425500879642501,3.2089748280876558,1.2860793171094143,14.825116157682524,2.4290803753826373,1.2,0.7784683029787837
1.1500000000000001,normal,-4.809,0.0,0.3378854581541481,3.1945824206218907,1.2865114339490984,15.009283958931611,2.5153826047418035,1.2,0.7174357333016792
1.2000000000000002,normal,-4.792,0.0,0.3317911070896127,3.180584811169812,1.2863459326087672,15.164654550515378,2.6065204421892396,1.2,0.6555592959836865
1.25,normal,-4.775,0.0,0.32443440177204885,3.1669425505706412,1.285632522215603,15.293391000920812,2.7024449009554266,1.2,0.5933406284319456
1.3,normal,-4.758000000000001,0.0,0.31598964374978183,3.153616218369458,1.2844209580518153,15.397914723948734,2.802958640223513,1.2,0.5312816485961731
1.35,normal,-4.741,0.0,0.3066373662907805,3.140566673235245,1.282760454286305,15.480825784949191,2.9077585067313105,1.2,0.4698982547072279
1.4000000000000001,normal,-4.724,0.0,0.29656318267946,3.1277552871893812,1.2698602913279646,15.544827140730668,3.0164687629900344,1.2,0.4097465165943147
1.4500000000000002,normal,-4.707,0.0,0.28595576935584094,3.1151441631030083,1.2449576027937002,15.592654285016604,3.1286667316097585,1.2,0.3514715155622941
1.5,normal,-4.6899999999999995,0.0,0.2750034797332627,3.1026963350552066,1.2197552597386607,15.6272775683479,3.244012369882681,1.2,0.29934666398214393
1.55,normal,-4.673,0.0,0.26387337065744765,3.0903759512721853,1.1960863127845882,15.665631022424549,3.3617492256688246,1.2,0.35724961691912654
1.6,normal,-4.656,0.0,0.25276825205976333,3.0781484394904917,1.1757486620954167,15.77090207961317,3.4814355218283883,1.2,0.5772977309793228
1.6500000000000001,normal,-4.639,0.0,0.24176591588166368,3.065980654704278,1.160173006032624,16.000350612215602,3.603351795504383,1.2,0.8465905748544019
1.7000000000000002,normal,-4.622,0.0,0.2308214523040774,3.053841009367498,1.151471431093237,16.35704666328616,3.728226147212514,1.2,1.0501398502071948
1.75,normal,-4.6049999999999995,0.0,0.2198710767018138,3.041699586226387,1.1500037311081448,16.77940082360038,3.8551301194533796,1.2,1.1422730937419243
1.8,normal,-4.588,0.0,0.20918711049718267,3.029528234055441,1.1350160889566496,17.313388409465297,3.9818159674431994,1.2,1.3424602592241346
1.85,normal,-4.571,0.0,0.1991888573296143,3.016825377289175,1.108534375458662,18.141231970285894,4.105146942864759,1.2,1.632265565672667
1.9000000000000001,normal,-4.554,0.0,0.1904967547930717,3.0029468829587707,1.0952094939965011,18.98253366734525,4.225864600068728,1.2,1.6073367104540257
1.9500000000000002,normal,-4.537,0.0,0.18332953023131934,2.987180900944404,1.0946164487699677,19.740542913836183,4.34688569516573,1.2,1.5023718966568087
2.0,normal,-4.5200000000000005,0.0,0.1779470653957677,2.968832844875344,1.1062487343337541,20.458571948493937,4.471676587051243,1.2,1.475227352815216
2.0500000000000003,normal,-4.503,0.0,0.17479647823534822,2.947341639566311,1.1295039303216843,21.1441899939533,4.602948381351175,1.2,1.4805205935973134
2.1,normal,-4.486000000000001,0.0,0.17421656698310922,2.922401100498675,1.160476336976988,21.54321828478553,4.7399753452303655,1.2,1.1877180176060222
2.15,normal,-4.469,0.0,0.1756658778703642,2.894044669460574,1.183610300259317,21.702554813990993,4.879583787531805,1.2,0.7389619039146373
2.2,normal,-4.452000000000001,0.0,0.1780004298306191,2.8626577294728053,1.192284997749502,21.802019483233643,5.018916707088075,1.2,0.5824915730172798
2.25,normal,-4.4350000000000005,0.0,0.18024300016696598,2.828912395540935,1.2026609599137745,21.914341056754072,5.156067037489228,1.2,0.6494551409310855
2.3000000000000003,normal,-4.418,0.0,0.18179323401146646,2.793653127500656,1.2141455291293515,22.035061133776782,5.290292657126992,1.2,0.6102127121473112
2.35,normal,-4.401000000000001,0.0,0.1824370448579329,2.7577743325032236,1.2169257388952086,22.141507281173453,5.421590428527719,1.2,0.5329887176173849
2.4000000000000004,normal,-4.384,0.0,0.18225301055480703,2.7221211412341013,1.2164419634541392,22.247049999120772,5.549932720001678,1.2,0.57277349266658
2.45,normal,-4.367,0.0,0.18477466100243428,2.6874254546689285,1.2156290129901597,22.357245973727526,5.675080190195404,1.2,0.6035399798775358
2.5,normal,-4.35,0.0,0.19000361493449386,2.6542778902731348,1.2145743776713935,22.47276992166997,5.796911810842461,1.2,0.6189706916256335
2.5500000000000003,normal,-4.333,0.0,0.19396301110036876,2.6231292352686273,1.2133862857053666,22.582659230497796,5.915660611270816,1.2,0.6003929078355542
2.6,normal,-4.316,0.0,0.19665445930122802,2.5940481189770566,1.2121834386052952,22.68318182979901,6.031637650009292,1.2,0.5706193181757648
2.6500000000000004,normal,-4.2989999999999995,0.0,0.19814461619435625,2.5669944838691947,1.2110842879802326,22.774433226395647,6.145122070210184,1.2,0.5393131421883811
2.7,normal,-4.282,0.0,0.1985139445500284,2.541917688808369,1.2101966660850467,22.856684184822697,6.25635901641861,1.2,0.5074588002098358
2.75,normal,-4.265000000000001,0.0,0.19785035356897038,2.5187574716578194,1.2090390103246091,22.930264013820846,6.36555789579082,1.2,0.47572042534438025
2.8000000000000003,normal,-4.248,0.0,0.19624486367499366,2.4974449129209164,1.2080683231068916,22.995482851883118,6.4728904410250765,1.2,0.44440336756502496
2.85,normal,-4.231,0.0,0.1937880963562886,2.4779033938598607,1.2076516753381674,23.052615196310036,6.578488703994381,1.2,0.4135628421098918
2.9000000000000004,normal,-4.214,0.0,0.19056755660085184,2.4600495431942804,1.207789251017794,23.098407966208036,6.682350170809642,1.2,0.3687541243775311
2.95,normal,-4.197,0.0,0.18669691249146683,2.443794167122328,1.2083321138822325,23.12410281181051,6.783882984479581,1.2,0.2591973249339338
3.0,normal,-4.18,0.0,0.18245076516010314,2.4290431580186356,1.1893217349924061,23.151743702970062,6.882247570403,1.2,0.2811002774270323
3.0500000000000003,normal,-4.163,0.0,0.17814397073814275,2.415698377734765,1.1717033915595472,23.21306750608344,6.9766567357537355,1.2,0.42335460878772724
3.1,normal,-4.146,0.0,0.1740909851283986,2.4036585119515763,1.1591472209926579,23.33240860400292,7.066748894565604,1.2,0.5591091487302081
3.1500000000000004,normal,-4.129,0.0,0.17056850303450685,2.392819892506054,1.1528876579677465,23.5042410035822,7.152976005076587,1.2,0.6418393682384594
3.2,normal,-4.112,0.0,0.16778544080134022,2.383007741956841,1.1532413053993475,23.686740639928367,7.236636556771779,1.2,0.6328494702537014
3.25,normal,-4.095,0.0,0.16588086531944407,2.373800003470379,1.1595291212218146,23.8348878451206,7.318862174595438,1.2,0.5669071878600975
3.3000000000000003,normal,-4.077999999999999,0.0,0.16485043991218232,2.364762525563779,1.170307300213973,23.92691869544008,7.400311844973549,1.2,0.48654675943058007
3.35,normal,-4.061,0.0,0.16458864369798198,2.3554762589533444,1.183766735529455,23.973683767081337,7.481043337562535,1.2,0.40215998154200944
3.4000000000000004,normal,-4.0440000000000005,0.0,0.16492953131096572,2.3455670444534586,1.1981066328526595,24.00168845378541,7.560765556864839,1.2,0.33032548140369994
3.45,normal,-4.027,0.0,0.165688619413299,2.334734565592762,1.1981526761494035,24.033283562552803,7.639142002285333,1.2,0.3497278594892538
3.5,normal,-4.01,0.0,0.16669403422465492,2.3227757752683864,1.196924180700957,24.078281119897206,7.7159792622981325,1.2,0.4155127917842469
3.5500000000000003,normal,-3.993,0.0,0.16780289869833895,2.3095981947983084,1.196612300592044,24.135541784430462,7.791296736609199,1.2,0.45465868713325186
3.6,normal,-3.976,0.0,0.16890503302399806,2.295220277285269,1.1972798953394166,24.198183278322553,7.865320839134182,1.2,0.4562674938012631
3.6500000000000004,normal,-3.9589999999999996,0.0,0.1699188163004499,2.2797589927236706,1.1988983652757763,24.258208374997803,7.938433110370843,1.2,0.42471914160426405
3.7,normal,-3.9419999999999997,0.0,0.1707842406027757,2.2634077043509686,1.2013544493601662,24.309245823188355,8.011079863687952,1.2,0.3671773093442362
3.75,normal,-3.925,0.0,0.17145697495219475,2.2464090928013416,1.2044628808767275,24.347669526227826,8.083653224866062,1.2,0.29087091453030683
3.8000000000000003,normal,-3.9079999999999995,0.0,0.17190533702542812,2.2290279167036635,1.20797840358767,24.372785719057436,8.156380612440602,1.2,0.21900414325098022
3.85,normal,-3.891,0.0,0.17211009756639153,2.211527176328831,1.210705274730238,24.3866183338338,8.22927262317629,1.2,0.18522302135246127
3.9000000000000004,normal,-3.8739999999999997,0.0,0.17206574096235272,2.1941495591242735,1.2134542050932924,24.39348046837872,8.302150852613336,1.2,0.15877283960503044
3.95,normal,-3.857,0.0,0.17178141221060136,2.1771045607892026,1.2049784674462642,24.399210657472935,8.374737839393935,1.2,0.14425868510681672
4.0,normal,-3.8400000000000003,0.0,0.17128011008153715,2.1605607079687363,1.1966213972265982,24.40971265140333,8.4467551792084,1.2,0.2021130720319361
4.05,normal,-3.8230000000000004,0.0,0.17059515497965827,2.1446418652419146,1.189753462213974,24.429041296261428,8.517997586693955,1.2,0.26846398655977577
4.1000000000000005,normal,-3.806,0.0,0.169765381791055,2.1294269643408805,1.1849813131969755,24.45795347140732,8.588463889628445,1.2,0.3174541308452927
4.15,normal,-3.789,0.0,0.1688312575880213,2.114953376949396,1.1826545732914733,24.492862938182448,8.658356212681317,1.2,0.3397960147529536
4.2,normal,-3.7720000000000002,0.0,0.16782868156625028,2.1012207082024528,1.1828215611627972,24.5272893207427,8.727994634981137,1.2,0.3319638631656475
4.25,normal,-3.7550000000000003,0.0,0.1667848404844961,2.0881942653142636,1.185237572502209,24.554989929676132,8.797706898913605,1.2,0.2964297211484899
4.3,normal,-3.7380000000000004,0.0,0.1657171047108474,2.0758081662931014,1.1894237238829706,24.57284214869042,8.867752820439126,1.2,0.24169624040985654
4.3500000000000005,normal,-3.721,0.0,0.16463456094393095,2.0639681452423355,1.1947576858609301,24.581758430868696,8.938307164510324,1.2,0.17984435646887545
4.4,normal,-3.704,0.0,0.1635414758154087,2.0525541879839775,1.2005707823026366,24.585064913808726,9.009417770709232,1.2,0.11376950171203268
4.45,normal,-3.6870000000000003,0.0,0.16245456435622013,2.041423256429601,1.2062313426193623,24.58692709548875,9.081078979215315,1.2,0.07259444593789267
4.5,normal,-3.6700000000000004,0.0,0.16310550937940946,2.0304141164050327,1.2046581636185434,24.590776242037965,9.153305970551942,1.2,0.11579738479743054
4.55,normal,-3.653,0.0,0.1641531132300162,2.019354338688256,1.2032053442079933,24.598307698707387,9.22615898599847,1.2,0.1663292052153181
4.6000000000000005,normal,-3.636,0.0,0.16513596420179938,2.0080684681011087,1.2024589955815363,24.6095254461732,9.29974538862034,1.2,0.2033869192448398
4.65,normal,-3.619,0.0,0.16600753493277037,1.9963872752607024,1.202392172211632,24.62327002856711,9.374203758595176,1.2,0.2249504418453679
4.7,normal,-3.6020000000000003,0.0,0.16673219701101796,1.984157730997335,1.202916340574899,24.6378703495364,9.449677367889112,1.2,0.231112180141132
4.75,normal,-3.585,0.0,0.16728588655930704,1.9712530085040953,1.2038990245152132,24.651701887231702,9.526285845302732,1.2,0.22300166490112067
4.800000000000001,normal,-3.575297102343828,-0.011040052247864368,1.4414833392536246,1.9575815083797339,1.2024006495655055,26.225075607207504,9.62098205581556,1.2,2.305566576703705
4.8500000000000005,normal,-3.568634663997584,-0.02668012626567183,1.424647734190156,1.9431154854494774,1.196619965170753,27.8009687136284,9.738537464824674,1.2,2.319463734726713
4.9,normal,-3.56197222565134,-0.0423202002834793,1.4036892106796717,1.9276743905446618,1.1880078303212425,29.34255443230269,9.881418633446492,1.2,2.3172430337619976
4.95,normal,-3.5553097873050965,-0.057960274301286974,1.3778869433699088,1.9109168512529504,1.1771421260535053,30.72543314945093,10.04974053123781,1.2,2.2229895225806
5.0,normal,-3.548647348958853,-0.07360034831909443,1.3473506933870059,1.8923491551760045,1.1648302565270219,31.96320694939315,10.242557007521189,1.2,2.120821164880245
5.050000000000001,normal,-3.5419849106126087,-0.08924042233690209,1.312551473027455,1.8713678494020247,1.1527568891904543,33.100504586825096,10.447031754411892,1.2,2.029317022136928
5.1000000000000005,normal,-3.5353224722663645,-0.10488049635470957,1.2764046695700417,1.8473386876702766,1.1433519424462664,34.188515863369595,10.657756435955172,1.2,1.960801155725496
5.15,normal,-3.5286600339201204,-0.12052057037251725,1.2403664773122405,1.8197886741151816,1.1372541727718286,35.242795348299666,10.874405958498457,1.2,1.8943991384892978
5.2,normal,-3.5219975955738767,-0.1361606443903247,1.2048336960873023,1.7884804803987293,1.1243298713132994,36.20101454932424,11.096527615822586,1.2,1.7820621146954505
5.25,normal,-3.515335157227633,-0.15180071840813217,1.1701093672320222,1.7534696462732524,1.1120339696205903,37.01322920768551,11.323496981608189,1.2,1.6229006101814316
5.300000000000001,normal,-3.508672718881389,-0.16744079242593982,1.136351585323796,1.715128348272864,1.1009151125721444,37.68365978016968,11.554478526023962,1.2,1.4415445306256072
5.3500000000000005,normal,-3.5020102805351447,-0.1830808664437475,1.1035661742775578,1.6741209020574483,1.0909722204049594,38.23939651719097,11.788428939295986,1.2,1.2493276440724677
5.4,normal,-3.495347842188901,-0.19872094046155497,1.0716383459644216,1.6313295099780276,1.0821506893249506,38.72319479871574,12.024154112596946,1.2,1.0562339213213845
5.45,normal,-3.4886854038426574,-0.21436101447936243,1.0403885912629751,1.5877482454988934,1.0743536424215874,39.17796038074353,12.259950138922015,1.2,0.9280159078627831
5.5,normal,-3.482022965496413,-0.23000108849716988,1.0096954046784947,1.5443752846729184,1.0678871024628596,39.638190945976326,12.493945042993591,1.2,0.9622144778388183
5.550000000000001,normal,-3.475360527150169,-0.24564116251497778,0.9795011692155328,1.5021428441785447,1.0629707103913293,40.12474826428705,12.724855439577613,1.2,1.0392101123772526
5.6000000000000005,normal,-3.468698088803926,-0.26128123653278523,0.9497134022418761,1.4618637050139551,1.0597912020889848,40.64749945489507,12.951623452058822,1.2,1.1072325761001018
5.65,normal,-3.4620356504576817,-0.2769213105505927,0.9202911936656047,1.42419214489871,1.058508135567373,41.20642110028282,13.17346411327534,1.2,1.1643865213465587
5.7,normal,-3.4553732121114376,-0.29256138456840014,0.891257523284519,1.3895782887167014,1.0592609199861776,41.79701569961385,13.389495805543822,1.2,1.2299538392848004
5.75,normal,-3.448710773765194,-0.3082014585862076,0.8627216050297214,1.358295635050046,1.06217624886529,42.41399038078883,13.599052350443978,1.2,1.286749449745672
5.800000000000001,normal,-3.4420483354189497,-0.3238415326040155,0.8348358299665477,1.3305294950293005,1.0673742762296574,43.05036141567441,13.801716817617208,1.2,1.328472926147486
5.8500000000000005,normal,-3.435385897072706,-0.3394816066218229,0.8077948190338662,1.306393440636318,1.0749727632090234,43.690797740680935,13.997428975557911,1.2,1.3290237222747663
5.9,normal,-3.4287234587264623,-0.35512168063963045,0.781861387372244,1.285858965395886,1.0850898498576524,44.3298884791371,14.186344830588881,1.2,1.3377528919319919
5.95,normal,-3.4220610203802178,-0.3707617546574379,0.7573530712810401,1.268662002070995,1.0969109776741246,44.94943309875745,14.369720229103258,1.2,1.3096288387247887
6.0,normal,-3.4153985820339745,-0.3864018286752453,0.7343621259416028,1.2545377755693485,1.1095786503781537,45.55555683214245,14.549146628814306,1.2,1.2693378500503676
6.050000000000001,normal,-3.4087361436877304,-0.40204190269305323,0.7129156067385611,1.2432535188695335,1.1223659084030397,46.148307277629335,14.726165095549785,1.2,1.2166970052389459
6.1000000000000005,normal,-3.4020737053414862,-0.41768197671086066,0.6930122597384922,1.2346333818269402,1.1346885809753409,46.72311734512289,14.902023511025735,1.2,1.17549112257776
6.15,normal,-3.3954112669952425,-0.4333220507286682,0.6746224724741194,1.228571051535541,1.1460283472316093,47.28085009164605,15.077601083138628,1.2,1.1557449151227983
6.2,normal,-3.388748828648999,-0.4489621247464756,0.6576587831229818,1.2250236964816374,1.1560575248714056,47.814744214718274,15.25302003109261,1.2,1.189300408082516
6.25,normal,-3.3820863903027547,-0.46460219876428305,0.6420458563983313,1.2239890897400685,1.1646657119372867,48.272223183929334,15.427998412666675,1.2,1.1720889633395708
6.300000000000001,normal,-3.3754239519565106,-0.480242272782091,0.6276874491139746,1.2254757376714163,1.1637804895164403,48.68904127852978,15.601934225794555,1.2,1.1663125493824986
6.3500000000000005,normal,-3.368761513610267,-0.4958823467998984,0.6143549838355915,1.2294750633513736,1.1640233260840078,49.08053994738579,15.774393163961415,1.2,1.1515709202881574
6.4,normal,-3.3620990752640227,-0.5115224208177059,0.6017657946568311,1.2358837962464737,1.166054048583088,49.43911981348679,15.945360324464952,1.2,1.103986625018026
6.45,normal,-3.3554366369177795,-0.5271624948355134,0.5896527641705035,1.244510260807019,1.1695678514768493,49.76238204199518,16.114862710907563,1.2,1.0448254763945646
6.5,normal,-3.348774198571535,-0.5428025688533208,0.5777814179415541,1.2551538993882623,1.173927609877214,50.04496919838652,16.28270453773279,1.2,0.964474951605119
6.550000000000001,normal,-3.3421117602252908,-0.5584426428711287,0.5659767343723826,1.267332241588775,1.1784636036582963,50.29836172842186,16.448550707344058,1.2,0.8971976331576167
6.6000000000000005,normal,-3.3354493218790475,-0.5740827168889361,0.5541314516802833,1.2804649586379726,1.1825818941666693,50.536326831499686,16.612055627259053,1.2,0.8685885923218905
6.65,normal,-3.3287868835328034,-0.5897227909067436,0.5421956370482525,1.293969226908461,1.1858572178715105,50.769421028735216,16.773048890016867,1.2,0.8849324003131089
6.7,normal,-3.3221244451865597,-0.605362864924551,0.5301674810602208,1.3073103646033817,1.1880982528284296,51.001843976261064,16.93177439801951,1.2,0.907692577064681
6.75,normal,-3.315462006840316,-0.6210029389423589,0.5180811247478179,1.3200559661415843,1.1885279363675225,51.2311495487885,17.08906554283729,1.2,0.9165401322892407
6.800000000000001,normal,-3.308799568494072,-0.6366430129601665,0.5059931023427393,1.331919316566831,1.1888404357413633,51.45131895491149,17.24606001088791,1.2,0.9064662348554678
6.8500000000000005,normal,-3.3021371301478277,-0.6522830869779739,0.49396845326853434,1.3427772172703196,1.190387825211212,51.65729203718832,17.40360508809044,1.2,0.8811542877376617
6.9,normal,-3.2954746918015845,-0.6679231609957813,0.48206729080677724,1.3526553685044524,1.191114899024574,51.84790928921123,17.562120924322002,1.2,0.8489226252859376
6.95,normal,-3.2888122534553403,-0.6835632350135892,0.47033285423415094,1.361687293406216,1.1926367544818972,52.02581621198905,17.72176022646403,1.2,0.8181377883285412
7.0,normal,-3.282149815109096,-0.6992033090313967,0.4587826160200472,1.3700620021187848,1.1949411604345508,52.19543844242548,17.882536456163436,1.2,0.7944188572719926
7.050000000000001,normal,-3.275487376762852,-0.7148433830492043,0.4474041855593449,1.3779760425698888,1.1970715714385824,52.36103384268101,18.044386083096285,1.2,0.7807991430427782
7.1000000000000005,normal,-3.268824938416609,-0.7304834570670117,0.43615700405822133,1.3855993451690167,1.199445774493841,52.52584359094777,18.207196821631914,1.2,0.777636439617201
7.15,normal,-3.2621625000703647,-0.7461235310848195,0.42497935585945185,1.3930568750097263,1.2018936654091055,52.69210199260375,18.37082522059212,1.2,0.7810598905044797
7.2,normal,-3.2555000617241205,-0.761763605102627,0.4137988413340623,1.4004233181992543,1.2042302047097764,52.86124660125844,18.535113318318743,1.2,0.785249821697098
7.25,normal,-3.2488376233778764,-0.7774036791204344,0.40254394500071344,1.4077264127305453,1.2062758519014583,53.033968766279486,18.69990425576701,1.2,0.7861281266332438
7.300000000000001,normal,-3.242175185031633,-0.7930437531382418,0.391154998676567,1.4149549309723513,1.207874293719956,53.210136531118366,18.865052770954442,1.2,0.7818378697095734
7.3500000000000005,normal,-3.235512746685389,-0.8086838271560498,0.37959498372598716,1.4220684525532543,1.2088730942425596,53.38876477098932,19.030379482700177,1.2,0.771928141675333
7.4,normal,-3.228850308339145,-0.8243239011738572,0.367871683752779,1.4290071726260511,1.2091605849974205,53.55724099739983,19.195562883764808,1.2,0.7410066360918501
7.45,normal,-3.222187869992901,-0.8399639751916647,0.35616319626335613,1.4357007946522164,1.2087003905427238,53.71487512211597,19.360276309940996,1.2,0.7073587144480818
7.5,normal,-3.2155254316466575,-0.8556040492094721,0.3455600366851558,1.4330218333831113,1.2075252672336771,53.86226131769478,19.52422283798824,1.2,0.6736174720683785
7.550000000000001,normal,-3.2088629933004134,-0.87124412322728,0.33773614496046384,1.4177481914504324,1.2057312231261315,53.99979269361316,19.687177231607393,1.2,0.6386846705365352
7.6000000000000005,normal,-3.202200554954169,-0.8868841972450874,0.3303679365892768,1.4035213719906519,1.2034677578678337,54.124947750798285,19.849276263820776,1.2,0.5779028019573471
7.65,normal,-3.1955381166079255,-0.902524271262895,0.322720879656958,1.3897683992340744,1.1853119878475764,54.24891021861178,20.010238054912385,1.2,0.5907785529716969
7.7,normal,-3.188875678261682,-0.9181643452807025,0.31478829647820517,1.375590605047315,1.1671141076936842,54.398406122014194,20.16986530059364,1.2,0.6722520114313302
7.75,normal,-3.1822132399154377,-0.9338044192985099,0.30661431684197576,1.360051396996752,1.1544793914437717,54.59257297298968,20.328149936240877,1.2,0.7757908380805457
7.800000000000001,normal,-3.1755508015691936,-0.9494444933163178,0.29823788745285185,1.3423214853222813,1.148349683092683,54.826544406693024,20.485247935600036,1.2,0.8511830132467167
7.8500000000000005,normal,-3.16888836322295,-0.9650845673341252,0.28971930658659173,1.3218697299586373,1.1488353546999077,55.06833074516797,20.641349428048624,1.2,0.8686772933041469
7.9,normal,-3.162225924876706,-0.9807246413519326,0.2812038147480168,1.2986227627601765,1.1551818118655093,55.27897831084575,20.79652956955478,1.2,0.8209735920521993
7.95,normal,-3.155563486530462,-0.99636471536974,0.273007203710407,1.27299979335857,1.1659895658337558,55.4388808088392,20.95068117023076,1.2,0.7233372963526172
8.0,normal,-3.1489010481842183,-1.0120047893875477,0.2656963960303386,1.2457939760787475,1.1795628303378838,55.554824349902205,21.103538938306055,1.2,0.6046788804260185
8.05,normal,-3.142238609837974,-1.0276448634053554,0.26003804010943177,1.217966734421121,1.1841100048126845,55.647334371161136,21.254749290397207,1.2,0.499258707014956
8.1,normal,-3.1355761714917305,-1.0432849374231625,0.2565325325988632,1.1904535628625408,1.187325379189673,55.735794566975954,21.40393621857427,1.2,0.514276500979034
8.15,normal,-3.1289137331454864,-1.0589250114409705,0.25488272298892345,1.1640390259084434,1.1917610326381984,55.83175539666918,21.550740976896112,1.2,0.5757383837295932
8.200000000000001,normal,-3.1222512947992422,-1.0745650854587783,0.2543189473063191,1.1393049366942534,1.1969670001323784,55.943067570578,21.694690642316317,1.2,0.5907763168838652
8.25,normal,-3.115588856452999,-1.0902051594765854,0.2542262415352439,1.1166480103041883,1.178805732580463,56.11480106995452,21.8353042535375,1.2,0.7395637990245836
8.3,normal,-3.108926418106755,-1.1058452334943931,0.25412180529757933,1.0962558551585402,1.1623112317962343,56.37629140882537,21.97267482889348,1.2,0.89538186527748
8.35,normal,-3.102263979760511,-1.1214853075122002,0.25360560885519673,1.0780758946045919,1.1537872984510615,56.71949263242734,22.107388248434066,1.2,1.0036830258258225
8.4,normal,-3.095601541414267,-1.1371253815300082,0.25241252035815526,1.0618755385131198,1.1536612153843735,57.08235194001753,22.240153280515308,1.2,1.0250211034112844
8.450000000000001,normal,-3.0889391030680233,-1.152765455547816,0.2504807463816152,1.0473226907232782,1.1611124994972255,57.38699905708055,22.371693826343616,1.2,0.9634234744489494
8.5,normal,-3.082276664721779,-1.168405529565623,0.24791209097570607,1.0340512420236623,1.1743161291593283,57.593491813384375,22.502305292949217,1.2,0.8424847688603065
8.55,normal,-3.075614226375535,-1.1840456035834308,0.24492485836046624,1.0216842963692911,1.1825532339902207,57.72017959718421,22.631933353838367,1.2,0.692727134861994
8.6,normal,-3.068951788029292,-1.199685677601238,0.24177325475389955,1.0098305451283807,1.1792910948668622,57.815623921810996,22.760344505480212,1.2,0.5469417389178552
8.65,normal,-3.0622893496830472,-1.2153257516190459,0.23869933454775163,0.9980843051898529,1.175137517444707,57.922576958196274,22.88732090078259,1.2,0.5741687066949633
8.700000000000001,normal,-3.0556269113368035,-1.2309658256368539,0.23591446600904722,0.9860551588982585,1.1694317320208794,58.058161308418946,23.012820185175578,1.2,0.7029460327527515
8.75,normal,-3.04896447299056,-1.2466058996546607,0.23358069707360674,0.9734312822346047,1.1681634409332633,58.20507305618371,23.136754235887807,1.2,0.733994619452808
8.8,normal,-3.042302034644316,-1.2622459736724687,0.23177773875945165,0.9600245723520826,1.1711764672224372,58.34396473987547,23.259134350063665,1.2,0.6997793568992894
8.85,normal,-3.035639596298072,-1.2778860476902758,0.230506936375036,0.9458389864568921,1.1778191714619677,58.45653444738526,23.380149167095873,1.2,0.6140359583833979
8.9,normal,-3.028977157951828,-1.2935261217080836,0.22972826893846282,0.9310681097521727,1.1871032647109943,58.544734431074254,23.499849466373387,1.2,0.5403768939610761
8.950000000000001,normal,-3.022314719605584,-1.3091661957258915,0.22933640251841886,0.9160408381621512,1.1971318639877695,58.95073893074863,23.618150297670137,1.2,0.9633931959275032
9.0,normal,-3.01565228125934,-1.3248062697436986,0.22898521100687516,0.9061886710638989,1.2001882209216208,59.313188801076095,23.73673784680647,1.2,0.9049009242147994
9.05,normal,-3.0089898429130963,-1.3404463437615064,0.22868087296517622,0.9016432077441952,1.202174495529066,59.635306194638936,23.856767006492785,1.2,0.8377891667522391
9.1,normal,-3.002327404566852,-1.356086417779314,0.2285386666624516,0.9024574635508429,1.205182083297757,59.895342183967045,23.978826813759078,1.2,0.7303255448085865
9.15,normal,-2.9956649662206085,-1.3717264917971213,0.22879049785814448,0.9085374508135977,1.1925416252624466,60.08932993321793,24.102738058693376,1.2,0.6214088616395702
9.200000000000001,normal,-2.989002527874365,-1.3873665658149292,0.22965417475241687,0.9195967255849635,1.1719298523877553,60.24408831297515,24.22807159993791,1.2,0.574327014225179
9.25,normal,-2.9823400895281207,-1.403006639832736,0.23131900263045152,0.9352024382762032,1.1589788551318168,60.49245874150168,24.348559393334348,1.2,0.7298780894269364
9.3,normal,-2.9800000000000004,-1.419528984598337,0.574151589212206,0.9497564618745822,1.1543572975137206,61.428718796041515,24.457228769728612,1.2,1.8703448149412345
9.35,normal,-2.98,-1.4365289845983369,0.5764513052123114,0.9599981294007629,1.1576930514154105,62.29919023667465,24.557412795846293,1.2,1.8094602379460087
9.4,normal,-2.9799999999999995,-1.4535289845983368,0.5757906947729977,0.9659432019536627,1.1675126554293105,63.04469806004793,24.652844691177265,1.2,1.665099898246441
9.450000000000001,normal,-2.98,-1.4705289845983371,0.5724254898088397,0.9676662632362676,1.1816558778094706,63.655362221597464,24.747797487757655,1.2,1.4785946553124938
9.5,normal,-2.98,-1.487528984598337,0.566525606010758,0.9652698910363815,1.1949667922993552,64.16191590976503,24.846458073363213,1.2,1.301747429999383
9.55,normal,-2.98,-1.504528984598337,0.5581854555631104,0.9588695124990159,1.1890868775945311,64.60387580528055,24.951299861511497,1.2,1.2128248187158053
9.600000000000001,normal,-2.9799999999999995,-1.521528984598337,0.5474645923410011,0.9486045503740079,1.1858843441675653,65.00654526768439,25.063238248598005,1.2,1.1949118642952858
9.65,normal,-2.98,-1.5385289845983368,0.5344306642848331,0.9346673764509212,1.185743664731839,65.37642980421585,25.182436814937258,1.2,1.1684949833813238
9.700000000000001,normal,-2.98,-1.555528984598337,0.5191883175213554,0.9173323376403983,1.1870203887780613,65.86170783136485,25.307138087698544,1.2,1.282720242919014
9.75,normal,-2.9799999999999995,-1.572528984598337,0.5029023705902959,0.9019780818888425,1.18109242713796,66.28694253120462,25.438144745450785,1.2,1.1995680113204346
9.8,normal,-2.98,-1.5895289845983367,0.48573404420688693,0.8888265244376812,1.1763279404553053,66.64652309414645,25.57574969604618,1.2,1.0946795923865744
9.850000000000001,normal,-2.98,-1.6065289845983373,0.4679386297465838,0.8781790608755247,1.173069152714212,66.93306961974575,25.7197404640776,1.2,0.965138581276997
9.9,normal,-2.9799999999999995,-1.6235289845983372,0.44984229487216787,0.8703281238351284,1.1714993536908638,67.14006273993411,25.869420636543087,1.2,0.8025592619386355
9.950000000000001,normal,-2.9800000000000004,-1.6405289845983368,0.43181123338794236,0.8654410188809643,1.171678013270953,67.28200945483181,26.023735162975555,1.2,0.662184769338001
10.0,normal,-2.98,-1.657528984598337,0.4142915047596822,0.8635168350158366,1.161498870482331,67.39613846450942,26.18165270979705,1.2,0.6377339276008193
10.05,normal,-2.98,-1.6745289845983373,0.397713116551942,0.8643642801943408,1.1463368618552787,67.51949251615363,26.34255997714651,1.2,0.6595353506405748
10.100000000000001,normal,-2.9799999999999995,-1.6915289845983372,0.3824637783465147,0.8675848281968848,1.1358848578457468,67.67369244148712,26.506126726718616,1.2,0.686231707035913
10.15,normal,-2.98,-1.7085289845983371,0.36888778862014193,0.8727252056072587,1.1311044025301638,67.85522163528032,26.671022958681394,1.2,0.6900172685594879
10.200000000000001,normal,-2.98,-1.7255289845983368,0.35736638149215977,0.8793897732498452,1.1322334127281928,68.04742075761786,26.83607765499766,1.2,0.7215298918258117
10.25,normal,-2.9800000000000004,-1.7425289845983372,0.3479589440603047,0.8868044843689042,1.1388878586231748,68.26842871395196,26.999168803081417,1.2,0.7954520742589758
10.3,normal,-2.98,-1.7595289845983373,0.3404704984319685,0.8934787744565325,1.1475049202698726,68.57195148758753,27.158166278874734,1.2,0.9226585796178928
10.350000000000001,normal,-2.98,-1.776528984598337,0.3345824592472849,0.8978840990897914,1.135946466012047,68.98872486995697,27.311703167574244,1.2,1.0467712682462817
10.4,normal,-2.98,-1.7935289845983369,0.3298668407034181,0.8987579671538892,1.1354611824654177,69.4628252161314,27.460619632364065,1.2,1.1032259198307361
10.450000000000001,normal,-2.98,-1.8105289845983374,0.3259290148748314,0.8955418302066329,1.1450885401788562,69.87964383334925,27.608444540959464,1.2,1.1032864555029356
10.5,normal,-2.9800000000000004,-1.8275289845983371,0.3225732059903529,0.8886645631524965,1.1624528536085108,70.17756395979139,27.757205658395183,1.2,1.0236864303086501
10.55,normal,-2.9799999999999995,-1.8445289845983373,0.31984722319884884,0.8794058697489395,1.1846259583942578,70.38690610170232,27.905644723258106,1.2,0.9071079823278356
10.600000000000001,normal,-2.9800000000000004,-1.8615289845983374,0.31796551481742624,0.8694401805406649,1.2049761292440848,70.57129518018799,28.05175645852348,1.2,0.8252461432940883
10.65,normal,-2.98,-1.878528984598337,0.31720425969419364,0.8603824724287792,1.2046726347590193,70.77149572499,28.193848973467585,1.2,0.8105280847710308
10.700000000000001,normal,-2.98,-1.8955289845983372,0.31785231291936045,0.8535207943796337,1.2040084149375776,70.99137061411996,28.330854210624473,1.2,0.9004904215560936
10.75,normal,-2.98,-1.9125289845983366,0.32014282160090424,0.8497237570018419,1.1986376469269604,71.55118194039576,28.458634168701078,1.2,1.2629271048215542
10.8,normal,-2.9799999999999995,-1.9295289845983372,0.3235922493679212,0.8492942132429133,1.1889801621231755,72.09101709966608,28.57782603818075,1.2,1.2150435685310614
10.850000000000001,normal,-2.98,-1.9465289845983376,0.32792519021447275,0.8517572721126028,1.1756824872489238,72.62797921684529,28.689321836805895,1.2,1.1689248939900725
10.9,normal,-2.9800000000000004,-1.9635289845983372,0.3326431495993083,0.8283528446375512,1.1604142885037538,73.11365350331089,28.794525805087247,1.2,1.0901537481800876
10.950000000000001,normal,-2.9800000000000004,-1.9805289845983376,0.3373076824708155,0.8095826394517536,1.1455358964856175,73.56487953287481,28.89475158159255,1.2,1.077028136880608
11.0,normal,-2.98,-1.9975289845983368,0.34165029951648795,0.7945908741836278,1.133490426783895,74.0409761015506,28.991423184449612,1.2,1.1384738886799686
11.05,normal,-2.9799999999999995,-2.014528984598337,0.3455728950910208,0.7824235461774762,1.126208374516834,74.55987614847744,29.08708864359448,1.2,1.1862378696788167
11.100000000000001,normal,-2.9799999999999995,-2.0315289845983373,0.3491156575544659,0.7721800386388942,1.124591318755438,75.0786888009003,29.18512055147057,1.2,1.1843519438840857
11.15,normal,-2.98,-2.048528984598337,0.35238151707203036,0.76321936732585,1.1285141503780205,75.54793363592414,29.28970042679491,1.2,1.1451403594049872
11.200000000000001,normal,-2.98,-2.065528984598337,0.35547050600984886,0.7553187111876991,1.137107248619696,75.95381281339579,29.40322167315506,1.2,1.0883191416017794
11.25,normal,-2.98,-2.0825289845983366,0.3584440914092285,0.7487012136863351,1.1485549670569875,76.2790742146625,29.52571501093905,1.2,0.9888976992621561
11.3,normal,-2.98,-2.0995289845983374,0.3612726153990957,0.7439335514700274,1.1608623843242565,76.5693066324765,29.656722573175013,1.2,0.8927808272051175
11.350000000000001,normal,-2.98,-2.1165289845983373,0.3638262874053437,0.7417252375164982,1.1603373101348733,77.15258743707511,29.791059946990018,1.2,1.3549321046438076
11.4,normal,-2.9799999999999995,-2.133528984598337,0.36470969009448095,0.7427499778511084,1.1639268600644836,77.65424444914893,29.928709000159845,1.2,1.3077276069628723
11.450000000000001,normal,-2.98,-2.150528984598337,0.3637600170485488,0.7475390791208647,1.1724967652141058,78.08252533020195,30.069251249510113,1.2,1.2252581155622502
11.5,normal,-2.98,-2.167528984598337,0.3608641911927053,0.7564366894757004,1.1848775688595312,78.44981429119309,30.21186022276218,1.2,1.106106652040688
11.55,normal,-2.9800000000000004,-2.1845289845983373,0.3560003783468792,0.7695912528381852,1.1947126349800368,78.82566954923344,30.356754574832262,1.2,1.1048974486255607
11.600000000000001,normal,-2.9800000000000004,-2.2015289845983377,0.3504701606624894,0.786808821953052,1.1956894233089566,79.1592963375303,30.500691554976036,1.2,1.0462725370002084
11.65,normal,-2.98,-2.218528984598337,0.3449085603425567,0.8066739493655872,1.1959139779322416,79.46078113436073,30.643469062752168,1.2,0.9992460040470073
11.700000000000001,normal,-2.98,-2.2355289845983375,0.33947190750631995,0.8287216677719216,1.1953612028973628,79.73238487330217,30.784807741051843,1.2,0.9620389999011154
11.75,normal,-2.98,-2.252528984598337,0.3344614937732421,0.8525312183396672,1.1940693555736113,79.97654101739717,30.924564677650196,1.2,0.932647612917649
11.8,normal,-2.98,-2.269528984598337,0.3304377756167692,0.877722816148889,1.1921364897557378,80.239031853343,31.05824595116519,1.2,0.9604605288879773
11.850000000000001,normal,-2.98,-2.2865289845983376,0.3272382041709524,0.9039526373091917,1.1897133778047855,80.47558788161169,31.187968144555615,1.2,0.9058823850913335
11.9,normal,-2.98,-2.303528984598337,0.32624661431020313,0.9309074885946023,1.1903888705243337,80.82028830607776,31.311291953105986,1.2,1.0486269176131895
11.950000000000001,normal,-2.98,-2.320528984598337,0.3268573421568163,0.9370951451283744,1.1935475721853697,81.15542885045357,31.428770144562936,1.2,1.0301774566681872
12.0,normal,-2.98,-2.337528984598337,0.32734282195568953,0.934516573373565,1.1983807967612703,81.47600124440434,31.541093203862015,1.2,1.0080448802044968
12.05,normal,-2.98,-2.3545289845983373,0.32671779312710153,0.9289208449056152,1.2040200646945851,81.77858204157877,31.649168996931493,1.2,0.9803411768757408
12.100000000000001,normal,-2.98,-2.371528984598337,0.3245893628295156,0.9204330622250749,1.2096487000917469,82.06094828715858,31.753920949508522,1.2,0.9468799491134264
12.15,normal,-2.98,-2.388528984598337,0.32083434136289835,0.9093084257293904,1.2145773415555785,82.35536125950101,31.85501003065847,1.2,0.9617595164816308
12.200000000000001,normal,-2.98,-2.4055289845983374,0.3166819552918728,0.900934778087179,1.2180589803382325,82.63906145211988,31.953668568625602,1.2,0.932580271271703
12.25,normal,-2.98,-2.422528984598337,0.3121334240863194,0.8952721472686844,1.2122695003013575,82.90406936217477,32.05097887168813,1.2,0.8872499688263185
12.3,normal,-2.98,-2.4395289845983372,0.3072310359482042,0.8921559825382337,1.2048081553914285,83.14576261688883,32.14772559776806,1.2,0.8461563942195995
12.350000000000001,normal,-2.98,-2.4565289845983376,0.302047420269114,0.8913219386461559,1.1965907075193776,83.3636931422528,32.24437395940794,1.2,0.8212925785936525
12.4,normal,-2.98,-2.4735289845983366,0.29667869434963695,0.8924372042368622,1.1886318144800159,83.5687236971331,32.34069868602906,1.2,0.8394511570994835
12.450000000000001,normal,-2.98,-2.4905289845983374,0.29127766718508336,0.895144415852833,1.1819256657851307,83.7856732377134,32.43604476950107,1.2,0.907705511693857
12.5,normal,-2.98,-2.507528984598337,0.2860178875017619,0.8991179638071265,1.1772375228776362,84.0279857889969,32.53074324237305,1.2,0.9694858022133135
12.55,normal,-2.98,-2.5245289845983367,0.28104916577339784,0.9041201099199132,1.175005381216204,84.29242384706957,32.62731480414898,1.2,1.003966117992344
12.600000000000001,normal,-2.98,-2.5415289845983375,0.2765033786809413,0.9100423966603743,1.175304738419094,84.54584584318988,32.72795024764983,1.2,0.9679577198542345
12.65,normal,-2.98,-2.558528984598337,0.2724225937450518,0.9169191013909437,1.177886664924969,84.7575420431187,32.83335053743343,1.2,0.8582682777665485
12.700000000000001,normal,-2.98,-2.575528984598337,0.26874585656998773,0.9249088003286188,1.1741450941402247,85.1131965356999,32.939149076750866,1.2,1.061306766792713
12.75,normal,-2.98,-2.5925289845983364,0.26405236172116037,0.9291804868198588,1.157631224338027,85.43443787638141,33.04613698852055,1.2,1.0873957603152435
12.8,normal,-2.98,-2.609528984598337,0.25820737824784445,0.9303797363814814,1.1472498892863854,85.76124054223853,33.15483637871727,1.2,1.1145656867120362
12.850000000000001,normal,-2.9799999999999995,-2.6265289845983375,0.25110404906464223,0.9292464715346587,1.144127932475057,86.09759483174149,33.26554267032494,1.2,1.0997818228059875
12.9,normal,-2.98,-2.643528984598337,0.24271466387388568,0.9264961488184411,1.148196372325872,86.40395918991553,33.37830545980927,1.2,1.0316821224274242
12.950000000000001,normal,-2.98,-2.660528984598337,0.2331432673377724,0.9075113436431939,1.1583287919648697,86.83538126588167,33.491776167215235,1.2,1.219735728463864
13.0,normal,-2.9799999999999995,-2.6775289845983363,0.2239492096295484,0.8901438535826773,1.1727349063672048,87.30327827612797,33.609583908445764,1.2,1.231080077346729
13.05,normal,-2.9800000000000004,-2.6945289845983367,0.21665026597048706,0.8769541227386535,1.1894431829719725,87.70375269927587,33.73330858951298,1.2,1.0529177018552616
13.100000000000001,normal,-2.98,-2.7115289845983375,0.21146510145456263,0.8678827907003388,1.1867345693518652,87.8956791369774,33.857959184570454,1.2,0.6503545929469818
13.15,normal,-2.98,-2.7285289845983365,0.20736466140487644,0.862902214812467,1.1798713994251777,88.0440988728867,33.983222394625855,1.2,0.6104737474907633
13.200000000000001,normal,-2.98,-2.7455289845983373,0.20465148873869446,0.8618991383189838,1.171946545208185,88.16679695787596,34.10877361294903,1.2,0.587976205760148
13.25,normal,-2.9799999999999995,-2.7625289845983367,0.2035199145425149,0.8646795300960999,1.1591895573807183,88.27611639952254,34.23416633067709,1.2,0.5857025259434459
13.3,normal,-2.9800000000000004,-2.779528984598337,0.20368968902441176,0.8709756766539045,1.1460252991724247,88.39286727317239,34.35909262987174,1.2,0.64540043191203
13.350000000000001,normal,-2.98,-2.7965289845983374,0.20487196361294666,0.8804626104023894,1.136094308824508,88.52678676291879,34.48366575646136,1.2,0.6897404432768146
13.4,normal,-2.98,-2.8135289845983364,0.20713551590186366,0.8927797401848256,1.1300482869351982,88.68668734627263,34.608034994459274,1.2,0.735375382270702
13.450000000000001,normal,-2.98,-2.830528984598337,0.21070673150539093,0.9075630473440766,1.1280039862366609,88.86496207971611,34.73226701146851,1.2,0.7657058390172258
13.5,normal,-2.9799999999999995,-2.8475289845983376,0.21580450078406996,0.9244907592364828,1.131377752517856,89.22998540748482,34.850895667441804,1.2,1.0678442494203364
13.55,normal,-2.98,-2.864528984598337,0.22141638309453499,0.9382533350284594,1.1389190908090066,89.52160860042562,34.96430049807908,1.2,0.9707902786978689
13.600000000000001,normal,-2.98,-2.8815289845983374,0.22747438445980683,0.9488952571810712,1.1492082452288852,89.73063375599772,35.07290420054448,1.2,0.8165913099523665
13.65,normal,-2.9799999999999995,-2.8985289845983364,0.23375142821204173,0.9565917367232859,1.160917165702761,89.87497307462932,35.176993239118566,1.2,0.6436157881797546
13.700000000000001,normal,-2.98,-2.9155289845983368,0.23992497588361478,0.9616157554951408,1.1715063599605857,89.98302556928597,35.27664520259631,1.2,0.540264314536124
13.75,normal,-2.98,-2.932528984598337,0.24565398984759312,0.9642953175454823,1.1812101279888156,90.0798913865745,35.37177947051974,1.2,0.5501287148449485
13.8,normal,-2.98,-2.949528984598337,0.2506358893648084,0.9649725450422171,1.1903307453921965,90.18214760784267,35.46228351739451,1.2,0.5871732538878197
13.850000000000001,normal,-2.98,-2.966528984598337,0.2546241557377086,0.9639732858524899,1.1982693015504473,90.29677427198759,35.548101224333855,1.2,0.6252198873523147
13.9,normal,-2.98,-2.9835289845983377,0.25744411885920215,0.9615894794529039,1.2045894044567413,90.42351059298822,35.62927728178678,1.2,0.6507518291283353
13.950000000000001,normal,-2.98,-3.000528984598337,0.25900568595713064,0.9580717868145736,1.209019234896003,90.55772781558102,35.70597033260553,1.2,0.6603815428259543
14.0,normal,-2.98,-3.0175289845983375,0.25935328962927845,0.9536285552090584,1.2114419795681082,90.69290141639958,35.778449181460054,1.2,0.6537800268746855
14.05,normal,-2.98,-3.034528984598338,0.25894986130796027,0.9484277601459976,1.2118809670147765,90.82239198510797,35.84708192400502,1.2,0.6318791909808716
14.100000000000001,normal,-2.98,-3.051528984598337,0.2585890248206163,0.9425997562786639,1.2104830324918276,90.94057956489806,35.91232453748464,1.2,0.5963382083414063
14.15,normal,-2.98,-3.0685289845983372,0.2577603310092408,0.9362397595078671,1.2075013959217467,91.04350601988749,35.97471773580347,1.2,0.5493705306291108
14.200000000000001,normal,-2.98,-3.0855289845983367,0.2561152329739107,0.9294097810335256,1.2032777942436934,91.12890079776324,36.03500315837613,1.2,0.48563070172362577
14.25,normal,-2.98,-3.1025289845983375,0.2536701778601617,0.9221402794046794,1.1982999440937998,91.19624645228302,36.09413439041244,1.2,0.43385992142925406
14.3,normal,-2.98,-3.119528984598338,0.25051596151256444,0.9144321695749023,1.1931836807440914,91.46006165403554,36.153284625694226,1.2,0.7271761550157301
14.350000000000001,normal,-2.973471015401663,-3.1299999999999994,1.8912946167893494,0.9112829144901851,1.186330468289893,93.03208454252031,36.231293857964005,1.2,2.2967301576572643
14.4,normal,-2.9564710154016622,-3.1299999999999994,1.8676351592004832,0.9150856457287884,1.1779002307113022,94.60347989141914,36.33322836509947,1.2,2.292117934716013
14.450000000000001,normal,-2.939471015401662,-3.1299999999999994,1.8383781239285035,0.9258902518294814,1.1618000879045707,96.17632907951784,36.46024268611254,1.2,2.302284432075438
14.5,normal,-2.922471015401663,-3.1300000000000003,1.8036452326135766,0.9437590118692238,1.1430204131934818,97.75329291275118,36.61375737826664,1.2,2.324682150342718
14.55,normal,-2.9054710154016625,-3.1300000000000003,1.7657191739779505,0.9686020034022607,1.1251085542643842,99.28173172998449,36.78965547945949,1.2,2.3414246473218725
14.600000000000001,normal,-2.888471015401663,-3.13,1.7300414236202855,1.000250747621138,1.1101641590048095,100.70136725532801,36.98156165317176,1.2,2.2995503984088237
14.65,normal,-2.8714710154016627,-3.13,1.6930819907441184,1.0385725728924313,1.098294442234546,102.15467212403402,37.18722388612927,1.2,2.3053183583072063
14.700000000000001,normal,-2.854471015401662,-3.13,1.655447348708656,1.0836969909764598,1.0819759537131681,103.71906656607516,37.401858466351456,1.2,2.300424391388959
14.75,normal,-2.8374710154016625,-3.13,1.6186137802892275,1.1311550774548407,1.0633787435091528,105.28323022709394,37.62134397405637,1.2,2.356236442778472
14.8,normal,-2.820471015401662,-3.13,1.5833080228350607,1.1786547668034146,1.0455543019003277,106.77978085575357,37.84542486370379,1.2,2.3161620489934753
14.850000000000001,normal,-2.8034710154016618,-3.13,1.5496743688773613,1.2261350183539288,1.0283701310139055,108.1633881067524,38.07367728204724,1.2,2.2372505300170444
14.9,normal,-2.7864710154016628,-3.13,1.5177805291123847,1.2735628324697674,1.0116978429171724,109.42532294720911,38.29970148334051,1.2,2.145439674746579
14.950000000000001,normal,-2.769471015401662,-3.13,1.4866592428995211,1.3209250835630433,0.9954450550353773,110.55483048835262,38.52330939135388,1.2,2.036491562212808
15.0,normal,-2.7524710154016625,-3.13,1.4562939932605792,1.3682196614562012,0.9795586512147205,111.57287195534711,38.7444114849004,1.2,1.9343083529903402
15.05,normal,-2.735471015401662,-3.13,1.426676931214561,1.4154503505517655,0.9639855729440143,112.46012118214743,38.963815308841184,1.2,1.7563880890475154
15.100000000000001,normal,-2.7184710154016622,-3.13,1.3976963839513883,1.462623793959213,0.9486746913194658,113.244586182044,39.18237020952336,1.2,1.5775201144009792
15.15,normal,-2.7014710154016623,-3.13,1.3692483970455231,1.5097476145104067,0.9335773739899325,113.94704919896357,39.40078958925794,1.2,1.4364111928423582
15.200000000000001,normal,-2.684471015401662,-3.13,1.3412354377495006,1.5568292032257387,0.918647460428081,114.60035335649647,39.61960756630666,1.2,1.374479568209915
15.25,normal,-2.6674710154016625,-3.13,1.3135325010456316,1.6038749288051142,0.9038411290773745,115.26119514277843,39.838345997213736,1.2,1.43865508802079
15.3,normal,-2.650471015401662,-3.13,1.2859406906997617,1.6508896445506258,0.8891169278841355,115.95214111989893,40.05596190534742,1.2,1.5172950577867357
15.350000000000001,normal,-2.633471015401662,-3.13,1.2582507665410674,1.6783056134904306,0.8744360718885017,116.66797055478585,40.271682779468435,1.2,1.5534937090372536
15.4,normal,-2.6164710154016624,-3.13,1.23036397412595,1.705564366367201,0.859763033217406,117.3900517674486,40.48500290211789,1.2,1.5458433988830134
15.450000000000001,normal,-2.5994710154016625,-3.13,1.2022721365841273,1.7344030583167773,0.8450664203678827,118.09155918669687,40.69571732835299,1.2,1.484556626667554
15.5,normal,-2.5824710154016626,-3.13,1.1739917660659818,1.7643790486284063,0.8306968360112028,118.73833408313148,40.90403054912499,1.2,1.3071710876518523
15.55,normal,-2.5654710154016622,-3.13,1.1453418998879834,1.7947593896782335,0.8170052754826143,119.36635509492547,41.11030036485683,1.2,1.3242178284041242
15.600000000000001,normal,-2.548471015401662,-3.13,1.1161956703537057,1.8248242730596422,0.804190299164237,119.99664676339106,41.31506929666811,1.2,1.3784394662583752
15.65,normal,-2.531471015401662,-3.13,1.0865111944102972,1.8539139880242044,0.7926950811595784,120.63167993144548,41.51857648066744,1.2,1.4040627858511183
15.700000000000001,normal,-2.514471015401662,-3.13,1.0564024251599293,1.8814724681861879,0.7827264307552145,121.26308677345558,41.72119285997163,1.2,1.3954009202781985
15.75,normal,-2.4974710154016626,-3.13,1.0260162661179915,1.9070932154209215,0.7742469781187936,121.87893189740385,41.92328341144248,1.2,1.3578985034501883
15.8,normal,-2.4804710154016627,-3.13,0.9955166398128034,1.930550536100897,0.7670182537101987,122.47174537366739,42.125033805333416,1.2,1.3020091778605016
15.850000000000001,normal,-2.463471015401662,-3.13,0.9650837213638889,1.9517971457352112,0.7606661391959519,123.04673085988355,42.32634386094478,1.2,1.2525651599951317
15.9,normal,-2.4464710154016625,-3.13,0.9349161708992761,1.9709182210065592,0.7547867970582837,123.62391185343031,42.526689009099826,1.2,1.25424159961539
15.950000000000001,normal,-2.429471015401662,-3.13,0.9052539746877646,1.988054528121731,0.7490936654763309,124.2277593211123,42.725400027963985,1.2,1.3172395030181145
16.0,normal,-2.412471015401662,-3.13,0.8763336995694854,2.0033267360288676,0.7437567565250236,124.86639253166341,42.92170339720754,1.2,1.3879620767253233
16.05,normal,-2.3954710154016627,-3.13,0.8483651086566308,2.0167931067011837,0.7391055566832132,125.53570713914837,43.1149655774256,1.2,1.4463950956868037
16.1,normal,-2.378471015401662,-3.13,0.8215012171272609,2.028450040779191,0.7355178605898021,126.22091246019887,43.304829613866914,1.2,1.4800418628582872
16.150000000000002,normal,-2.3614710154016616,-3.13,0.7958265565253587,2.038261428778598,0.7338260613121639,126.90625266228804,43.49090347979675,1.2,1.4901729693425922
16.2,normal,-2.344471015401663,-3.13,0.7713550892333542,2.0461947661882336,0.734899723853318,127.5888191711316,43.672794033568685,1.2,1.4942054267062543
16.25,normal,-2.3274710154016622,-3.13,0.7480706352665301,2.052239976785768,0.7395004490977348,128.27456651626537,43.850207035133934,1.2,1.499212106783943
16.3,normal,-2.3104710154016623,-3.13,0.7259243050020109,2.056409966220584,0.7482010056689249,128.96357621539445,44.02302586926113,1.2,1.5011648839569829
16.35,normal,-2.293471015401662,-3.13,0.7048428212256101,2.058731364575526,0.7613579328216423,129.64845269391003,44.19081484193437,1.2,1.495255358244156
16.400000000000002,normal,-2.2764710154016616,-3.13,0.6848151033258387,2.059234488233608,0.7791162932833199,130.31909812921916,44.35364387810763,1.2,1.4769195702145221
16.45,normal,-2.259471015401663,-3.13,0.6657925507109981,2.0579447010851677,0.8014410196956787,130.96303215939187,44.511918565340935,1.2,1.441900618615657
16.5,normal,-2.242471015401663,-3.13,0.6477037462986396,2.0548760347921284,0.8281563054222959,131.57297714763817,44.66600053300864,1.2,1.3964955554800242
16.55,normal,-2.2254710154016624,-3.13,0.6304963262610125,2.0500264085851265,0.8589870571781654,132.14538427440198,44.81624652416248,1.2,1.3450248412305195
16.6,normal,-2.208471015401662,-3.13,0.6141411433102091,2.043374854334944,0.8936004008994353,132.681300017704,44.963388820468445,1.2,1.2932808441784283
16.650000000000002,normal,-2.1914710154016617,-3.13,0.5986311732712531,2.034882281075098,0.931646470989303,133.18560758919088,45.11222027861291,1.2,1.2459285150921475
16.7,normal,-2.1744710154016627,-3.1299999999999994,0.5839753979464016,2.0244979224767228,0.9727964553783368,133.66477440385353,45.264160688397695,1.2,1.2045724362917554
16.75,normal,-2.157471015401663,-3.13,0.5702078062286271,2.0121729847183794,1.0167732390704647,134.12397451504333,45.41905117145328,1.2,1.168365255070965
16.8,normal,-2.1404710154016624,-3.1299999999999994,0.5573782430345001,1.9978804736878313,1.0633683340534692,134.5651076576824,45.57673048183765,1.2,1.1372726706548402
16.85,normal,-2.123471015401662,-3.13,0.5455243905779732,1.9816369846181916,1.1124406805904274,134.9872699943556,45.73701157801055,1.2,1.1137757688235037
16.900000000000002,normal,-2.106471015401662,-3.13,0.5346672015309124,1.9635198207713576,1.1424678695725343,135.3522217870762,45.89963037527606,1.2,1.0612511168540504
16.95,normal,-2.089471015401663,-3.13,0.5247085576019392,1.9436730434797342,1.1460889513687973,135.6597180289225,46.060694287331536,1.2,0.9643136121167293
17.0,normal,-2.072471015401663,-3.13,0.5147799004129874,1.9222998060002874,1.152832907430016,136.12034231845155,46.217693113124724,1.2,1.1754886468923174
17.05,normal,-2.0554710154016624,-3.13,0.5043566441659847,1.8996780202964694,1.1620306215815894,136.66956448984757,46.369516500649176,1.2,1.2594695842693795
17.1,normal,-2.038471015401662,-3.13,0.4932226129981497,1.8761429965059102,1.1723847897340256,137.15885308962308,46.516584921023146,1.2,1.2057879942404532
17.150000000000002,normal,-2.0214710154016617,-3.13,0.48146763604630427,1.8520501195023067,1.1806841672335546,137.59923792508897,46.66003719832088,1.2,1.165522629383807
17.2,normal,-2.004471015401663,-3.13,0.4691865648282955,1.8277339554945973,1.1865369903344194,137.9955224264135,46.8023848386313,1.2,1.116320624853871
17.25,normal,-1.9874710154016628,-3.13,0.4564787765671422,1.8034838837267804,1.1949289000600043,138.3499022992948,46.94491625614029,1.2,1.055144770015265
17.3,normal,-1.9704710154016625,-3.13,0.44343757374238296,1.7795350844391413,1.2051675717031,138.66623905242625,47.08770155721858,1.2,0.9898596555398012
17.35,normal,-1.953471015401662,-3.13,0.4301363695813481,1.7560701055292844,1.2158413445860297,138.95089105737975,47.230510407982145,1.2,0.9317467921261819
17.400000000000002,normal,-1.9364710154016618,-3.13,0.41662043989636866,1.7332260625842484,1.2215019877353412,139.2109488515788,47.373027813460816,1.2,0.8893328592546809
17.45,normal,-1.9194710154016636,-3.13,0.4029098662351228,1.7111037808668235,1.2263513132556851,139.4522467952111,47.51492749574657,1.2,0.8641482600079122
17.5,normal,-1.9024710154016629,-3.13,0.38901294919597534,1.6897766379240087,1.2305266055019266,139.67842509770819,47.65591158537182,1.2,0.849579672649253
17.55,normal,-1.8854710154016627,-3.13,0.37494465575221303,1.6692980008359874,1.2340533823490123,139.89044439074016,47.79575063609863,1.2,0.8340095942848202
17.6,normal,-1.8684710154016624,-3.13,0.3607262689180595,1.6497192307082098,1.2368529642467194,140.083550222084,47.934315342919106,1.2,0.8015687937698536
17.650000000000002,normal,-1.8514710154016618,-3.13,0.3464416386110368,1.6310937488740327,1.238896362753015,140.25800769889645,48.07148180426438,1.2,0.7666864009001451
17.7,normal,-1.8344710154016637,-3.13,0.3322427875756209,1.6134545533136937,1.2401979198032642,140.4145603188341,48.2071287831114,1.2,0.7305372550628777
17.75,normal,-1.817471015401663,-3.13,0.3183800306842709,1.596813470309485,1.228986145809592,140.53683791076443,48.34114081863915,1.2,0.6601610178617088
17.8,normal,-1.8004710154016628,-3.13,0.30525168959894683,1.5811613805102545,1.2074745831150222,140.63425037228802,48.47289039539982,1.2,0.5976580020700254
17.85,normal,-1.7834710154016622,-3.13,0.2932729517102968,1.5664693081101684,1.188558950877331,140.73504961707175,48.601726660155094,1.2,0.6006706547030026
17.900000000000002,normal,-1.766471015401662,-3.13,0.28254388032484795,1.5526841392907025,1.173964067769466,140.8674847478979,48.727117559729415,1.2,0.6646189084432094
17.95,normal,-1.7494710154016633,-3.13,0.27292046590428704,1.5397223977722285,1.1649712059225956,141.04220433906298,48.848796835685334,1.2,0.7351146166525674
18.0,normal,-1.732471015401663,-3.13,0.26428733510819435,1.5274630996028222,1.1621009093465746,141.23998879064035,48.9668786110196,1.2,0.7657106694202092
18.05,normal,-1.7154710154016626,-3.13,0.25661677219206924,1.5157414170949146,1.1649991861720657,141.42212670679314,49.081844883366465,1.2,0.7363879174803103
18.1,normal,-1.6984710154016622,-3.13,0.24990673845964007,1.5043459172409828,1.172594932905533,141.5583790617802,49.19438824460629,1.2,0.6538531698748601
18.150000000000002,normal,-1.681471015401662,-3.1300000000000003,0.24414134706958998,1.493022754026401,1.18341701574583,141.64540473623404,49.305216405915495,1.2,0.5438818557151366
18.2,normal,-1.6644710154016624,-3.1299999999999994,0.23929563044013574,1.481489913699755,1.1959096339953288,141.70192313145313,49.4149354394603,1.2,0.4480697138646619
18.25,normal,-1.6474710154016632,-3.13,0.2353569999904115,1.4694630693809538,1.1908867607071378,141.7519846559659,49.52403138164244,1.2,0.41627137546719295
18.3,normal,-1.6304710154016626,-3.13,0.23232252383967297,1.4566915022219262,1.1877445239538618,141.811844819805,49.63287438854264,1.2,0.4331592634432706
18.35,normal,-1.6134710154016623,-3.13,0.23014581035930098,1.4429981383556234,1.1870942827166608,141.8859440462608,49.74153673020539,1.2,0.4823812697279399
18.400000000000002,normal,-1.596471015401662,-3.13,0.22869684925467143,1.4283137083115758,1.1889269891118592,141.9698807049922,49.85018329582531,1.2,0.5145841077029892
18.45,normal,-1.5794710154016625,-3.13,0.22774472954343442,1.4126942675535805,1.1928083480648597,142.0529153591957,49.95906091106978,1.2,0.515394577120322
18.5,normal,-1.5624710154016632,-3.13,0.22705391354185492,1.3963348457150675,1.1981162140357635,142.13471785901575,50.06883601340833,1.2,0.5030668631413524
18.55,normal,-1.5454710154016627,-3.13,0.22634244056522937,1.379503825820112,1.1722408780698232,142.2477508734559,50.1798182409038,1.2,0.5724653506533108
18.6,normal,-1.5284710154016625,-3.13,0.22541624624905482,1.3624954000216802,1.1514521549008965,142.4408306224271,50.29236837566588,1.2,0.7100418914355954
18.650000000000002,normal,-1.5114710154016622,-3.13,0.22412343832846515,1.3455890764715202,1.1380204151530828,142.73101038229368,50.40672389289493,1.2,0.8741276101621
18.7,normal,-1.4944710154016625,-3.13,0.22238542315945747,1.3290239130392076,1.132693935793601,143.07995789944934,50.522878277951556,1.2,0.9772118455141374
18.75,normal,-1.4774710154016621,-3.13,0.22021542438185046,1.3129883974907157,1.1349657692369604,143.42001728577722,50.640645647199776,1.2,0.9996083027137741
18.8,normal,-1.4604710154016627,-3.13,0.21773856859176172,1.2976208826600926,1.1431866111253752,143.71101819000404,50.75969683288896,1.2,0.9591947636262775
18.85,normal,-1.4434710154016628,-3.13,0.21514935134978458,1.2830137410297655,1.1484247058816566,143.9748289832397,50.87975924571631,1.2,0.9162580522321593
18.900000000000002,normal,-1.426471015401662,-3.13,0.21258900047242396,1.2692163233471079,1.141827827717319,144.2528242335395,51.0008025221975,1.2,0.9165816347892761
18.95,normal,-1.4094710154016625,-3.13,0.2100683561113203,1.2562353247030538,1.142759388478918,144.54297313409475,51.1229965632423,1.2,0.9158366001595143
19.0,normal,-1.3924710154016624,-3.13,0.20756665326304075,1.2440340429877044,1.1509628557764267,144.79755426984022,51.24644030749441,1.2,0.8526013393739952
19.05,normal,-1.3754710154016627,-3.13,0.20521260598484278,1.232530963231667,1.1651165633236602,144.97372334235436,51.37081045405255,1.2,0.7095453781198415
19.1,normal,-1.3584710154016624,-3.13,0.20334962358135691,1.221593773994893,1.1833162260667045,145.07292440951124,51.4954851461435,1.2,0.5460716968156889
19.150000000000002,normal,-1.341471015401662,-3.13,0.20234542017373433,1.2110604592179222,1.1907459479750244,145.12623178088828,51.61973089175385,1.2,0.4142967261677275
19.200000000000003,normal,-1.3244710154016621,-3.13,0.20234672560663025,1.2007507800952995,1.1932772131414697,145.16768613457947,51.74283886005511,1.2,0.37967916630875403
19.25,normal,-1.307471015401662,-3.13,0.20319548916563918,1.1904821742953626,1.1964246651947963,145.22038849620048,51.86416650312832,1.2,0.44527693296938164
19.3,normal,-1.2904710154016628,-3.13,0.20454057292640618,1.1800893459191946,1.1934019436742214,145.29318385048094,51.983060132768884,1.2,0.50894374109096
19.35,normal,-1.2734710154016626,-3.13,0.2059700920996157,1.1694453268058056,1.191705591793366,145.37250241896788,52.09930442506519,1.2,0.5262647397346842
19.400000000000002,normal,-1.256471015401662,-3.13,0.2072302520840635,1.1584803000650261,1.1915277341340633,145.44919137227544,52.21292286173467,1.2,0.5177757329188196
19.450000000000003,normal,-1.2394710154016617,-3.13,0.20818470454363255,1.147193818694369,1.1928347446382312,145.5202217631149,52.323981714188434,1.2,0.4951753630032517
19.5,normal,-1.2224710154016623,-3.13,0.208759772044536,1.1356569537430563,1.195442450730268,145.58287733648245,52.43252977118644,1.2,0.45722165462705033
19.55,normal,-1.2054710154016621,-3.13,0.20892837738152759,1.1240033597465577,1.1990494206883622,145.63621317003765,52.538635112546956,1.2,0.4088613384414028
19.6,normal,-1.1884710154016622,-3.13,0.20869138859458625,1.1124112684215803,1.2032819304609912,145.6809878226154,52.64238483799628,1.2,0.3571112319231668
19.650000000000002,normal,-1.171471015401662,-3.13,0.2080673947577786,1.1010806276083898,1.2070958936341392,145.71919525225914,52.743885404737455,1.2,0.3149811396582218
19.700000000000003,normal,-1.154471015401662,-3.13,0.2070858329458345,1.0902101360350318,1.2056425539886861,145.75277647366556,52.84330118384877,1.2,0.29818170887447376
19.75,normal,-1.1374710154016623,-3.13,0.2057805911822465,1.0799779100144327,1.2039334061986886,145.7826957955036,52.94095888887333,1.2,0.29747764300989854
19.8,normal,-1.120471015401662,-3.13,0.20418216020124488,1.070527765924026,1.201780519324059,145.8112376497411,53.03716113393699,1.2,0.30567096978341
19.85,normal,-1.1034710154016625,-3.13,0.2023245229869209,1.0619504826353212,1.2004157500263224,145.840815207888,53.132093267208944,1.2,0.32069244875349406
19.900000000000002,normal,-1.0864710154016621,-3.13,0.2002427911822538,1.0542613779235213,1.1989001656041778,145.87201697212618,53.22593438917656,1.2,0.33067357099513617
19.950000000000003,normal,-1.0694710154016616,-3.13,0.1979631447830948,1.0474215734493342,1.1976967418655977,145.90363288258445,53.3188341305431,1.2,0.3291692694569126
20.0,normal,-1.0524710154016625,-3.13,0.19550665728775624,1.0413480746124888,1.1968739094036367,145.9332625591683,53.4108947620757,1.2,0.31299094979697706
20.05,normal,-1.035471015401662,-3.13,0.19289382681079675,1.0359274551367141,1.1964603083899188,145.95836718341948,53.50216445541492,1.2,0.28282233779618954
20.1,normal,-1.0184710154016618,-3.13,0.19014823863669578,1.031030417646527,1.1964451552742508,145.9773799828053,53.59264196058422,1.2,0.24438699359360214
20.150000000000002,normal,-1.0014710154016622,-3.13,0.1872982464902277,1.0265251601475247,1.196782832134333,145.99038302608326,53.68228905278023,1.2,0.20791024913447048
20.200000000000003,normal,-0.9844710154016617,-3.13,0.18437641976948166,1.0222885865107905,1.1974014161200992,145.9990314651339,53.77104609195122,1.2,0.1788251893626826
20.25,normal,-0.9674710154016624,-3.13,0.18141745053309746,1.0182153942809766,1.1982139248341985,146.0057915288179,53.85884673785555,1.2,0.15705650505711807
20.3,normal,-0.9504710154016618,-3.13,0.17845598516099645,1.0142254399422814,1.1991303384621128,146.01290564776792,53.94562921292452,1.2,0.1567857151425273
20.35,normal,-0.9334710154016619,-3.13,0.1755266495482707,1.0102694167115924,1.1985162347716216,146.02148771502291,54.03126251991989,1.2,0.17383141351497233
20.400000000000002,normal,-0.9164710154016622,-3.13,0.1726862777029603,1.0063322107909625,1.1983773830739128,146.03466049481995,54.11541744799901,1.2,0.2181551044896027
20.450000000000003,normal,-0.8994710154016621,-3.13,0.17007649782237855,1.00243282090758,1.1993962351244678,146.0561495982132,54.19782418664134,1.2,0.27453171572888213
20.5,normal,-0.8824710154016624,-3.13,0.16799760665410818,0.998619787661406,1.201422113010689,146.08670907039064,54.27833071799064,1.2,0.31254227428845993
20.55,normal,-0.8654710154016619,-3.13,0.16710552514632804,0.9949539580663631,1.20218927370793,146.12391745301767,54.35696807851477,1.2,0.32790996498220204
20.6,normal,-0.8484710154016617,-3.13,0.1675127144853496,0.991501639785993,1.2006009145836078,146.16302158290748,54.433976138240354,1.2,0.3237031252230606
20.650000000000002,normal,-0.8314710154016625,-3.13,0.16832084440288156,0.9883354151730201,1.2017199141248138,146.19880795220024,54.509735590568624,1.2,0.3068163974676019
20.700000000000003,normal,-0.8144710154016621,-3.13,0.1690857936754307,0.9855233485378587,1.2031709872947094,146.2279933086379,54.58466000255815,1.2,0.28671979588380375
20.75,normal,-0.7974710154016625,-3.13,0.16974242347582508,0.9831207183981039,1.2012474924982353,146.25042037551904,54.659064602651384,1.2,0.26385117425846005
20.8,normal,-0.7804710154016623,-3.13,0.17033781880181414,0.9811435030572522,1.1988266782727999,146.2683419471419,54.73315819372559,1.2,0.2504759044279482
20.85,normal,-0.7634710154016618,-3.13,0.17093893074440003,0.979581438877186,1.1975476047360367,146.28452368782285,54.807064147980356,1.2,0.25222982691400336
20.900000000000002,normal,-0.7464710154016614,-3.13,0.1715941454847918,0.9784018468804829,1.1975458676048387,146.30074266224068,54.880857270198746,1.2,0.2510688722620089
20.950000000000003,normal,-0.7294710154016619,-3.13,0.17231926882981174,0.9775543426201965,1.1988044592331577,146.31734475435394,54.95459287092781,1.2,0.24191506901600207
21.0,normal,-0.7124710154016627,-3.13,0.17310011014709784,0.9769764273047279,1.2004716326278662,146.33371340674097,55.02832369008358,1.2,0.23070576511930746
21.05,normal,-0.6954710154016623,-3.13,0.1739039506620382,0.9765990902497554,1.2002846506490639,146.34827086115132,55.10207722410758,1.2,0.2194434257159891
21.1,normal,-0.678471015401662,-3.13,0.17469657183354922,0.9763518250657313,1.2003544509836448,146.36014796055412,55.17586187806617,1.2,0.20401594017017102
21.150000000000002,normal,-0.6614710154016614,-3.13,0.17545228895025206,0.9761667544776471,1.20070443780927,146.37026935609296,55.24971906319277,1.2,0.19062688671944533
21.200000000000003,normal,-0.6444710154016621,-3.13,0.17615158746729795,0.975981806329016,1.2013245793946543,146.3796816097624,55.32372096544992,1.2,0.18192884185267216
21.25,normal,-0.6274710154016625,-3.13,0.17678139081369304,0.9757430404294514,1.202173492944068,146.38924106373358,55.39796381654239,1.2,0.18106329495835155
21.3,normal,-0.6104710154016619,-3.13,0.1773339938592422,0.9754062696186585,1.203185068879584,146.39940767150836,55.47255995089354,1.2,0.18688302882525187
21.35,normal,-0.5934710154016618,-3.13,0.17780519729399247,0.9749380677544186,1.2022126131532016,146.41017548875726,55.547630821444194,1.2,0.1925056873112597
21.400000000000002,normal,-0.5764710154016612,-3.13,0.17819211865304613,0.9743161675084946,1.2011113965752505,146.42114150333467,55.623301488097745,1.2,0.19276728294954965
21.450000000000003,normal,-0.5594710154016613,-3.13,0.17849113111686898,0.9735291929189178,1.200729652323407,146.4316891040679,55.699696114629845,1.2,0.1860340059937383
21.5,normal,-0.5424710154016626,-3.13,0.17869632219415948,0.972575698896385,1.2010413974965968,146.44122971818481,55.77693391313031,1.2,0.17626803437779176
21.55,normal,-0.5254710154016622,-3.13,0.17879874232228027,0.971462606708221,1.2019591447043143,146.44913730273782,55.85507108127703,1.2,0.1647769472499384
21.6,normal,-0.5084710154016618,-3.13,0.17879394031676626,0.9702032785133201,1.2033481395094727,146.4554168860113,55.934140921997674,1.2,0.15037528258679803
21.650000000000002,normal,-0.4914710154016615,-3.13,0.17867754475394454,0.9688155786345238,1.2050445302025323,146.46043286657044,56.014164016565445,1.2,0.13511965367184645
21.700000000000003,normal,-0.47447101540166103,-3.13,0.17844557013183304,0.9673202657530442,1.2068745952404754,146.46473972311583,56.09515037398947,1.2,0.12451843647141989
21.75,normal,-0.45747101540166274,-3.13,0.1780959632507731,0.9657399371209541,1.2080096891394325,146.4689157897954,56.177101912036136,1.2,0.12151740079516597
21.8,normal,-0.4404710154016624,-3.13,0.17762986151339283,0.9640985526406578,1.2062165477553417,146.47340712188057,56.26001476601175,1.2,0.12307577337090163
21.85,normal,-0.423471015401662,-3.13,0.1770523436116292,0.9624213825358323,1.2040321686389843,146.47842548906692,56.343880882979526,1.2,0.1280956077488208
21.900000000000002,normal,-0.40647101540166164,-3.13,0.1763726141653112,0.9607351143054152,1.2023600609338556,146.4839211981458,56.428688565169374,1.2,0.13446362384970267
21.950000000000003,normal,-0.3894710154016613,-3.13,0.17560367278959693,0.9590678494943472,1.201288543870801,146.4896290960632,56.51442197663663,1.2,0.13738688101733088
22.0,normal,-0.37247101540166244,-3.13,0.1747615507505101,0.957448801860215,1.200854696141644,146.49516807590942,56.60105993774077,1.2,0.1345625862056842
22.05,normal,-0.35547101540166254,-3.13,0.17386418449692026,0.9559076319594608,1.201043447813044,146.50016171191118,56.68857447108954,1.2,0.1257601854114157
22.1,normal,-0.3384710154016622,-3.13,0.17292999299473663,0.9544734711671548,1.2017920117104561,146.50434318576578,56.776929521721286,1.2,0.11179981297039247
22.150000000000002,normal,-0.32147101540166173,-3.13,0.17197627548981226,0.9531737669216764,1.2029988388328638,146.50761476881343,56.86608013546477,1.2,0.09445670963839664
22.200000000000003,normal,-0.3044710154016614,-3.13,0.17101763816137106,0.9520331084171016,1.2042439788968697,146.5100497080777,56.955972233546674,1.2,0.08564075537347679
22.25,normal,-0.2874710154016627,-3.13,0.1700647357714118,0.9510721751303404,1.2045003638136664,146.511845241016,57.04654301358032,1.2,0.07837652084241516
22.3,normal,-0.27047101540166235,-3.13,0.16912361324820507,0.9503069077572011,1.2049082176667951,146.51325042638834,57.137721936279306,1.2,0.07268766121248345
22.35,normal,-0.25347101540166184,-3.13,0.16819582522820703,0.9497479529837234,1.205425172762958,146.5144961513681,57.229432208039356,1.2,0.06769484456291756
22.400000000000002,normal,-0.2364710154016615,-3.13,0.1672793322908987,0.949400396291677,1.2060003122886171,146.51574789369118,57.32159263531067,1.2,0.06559175589372035
22.450000000000003,normal,-0.21947101540166114,-3.13,0.1663699980557797,0.9492637788717757,1.2065795479390644,146.51708960801196,57.41411971029918,1.2,0.06748351969374296
22.5,normal,-0.2024710154016628,-3.13,0.16546341951402158,0.949332394922318,1.2071109006171223,146.5185351268906,57.50692978938997,1.2,0.06912072056240622
22.55,normal,-0.18547101540166244,-3.13,0.16455685957156296,0.9495958758518315,1.2075491171618238,146.52005563406928,57.59994123699869,1.2,0.07015927386727054
22.6,normal,-0.1684710154016621,-3.13,0.1636512410332278,0.9500400756998291,1.2076936646460168,146.52160959065372,57.693076415365375,1.2,0.07088414495461684
22.650000000000002,normal,-0.15147101540166164,-3.13,0.16275360231403505,0.9506482653866517,1.2079120927897378,146.52316438289458,57.78626339871779,1.2,0.0711035612567558
22.700000000000003,normal,-0.1344710154016613,-3.13,0.16188156066981002,0.9514026153509667,1.208019006741168,146.5247048680016,57.87943728529152,1.2,0.07094710852751467
22.75,normal,-0.11747101540166305,-3.13,0.16107475883343275,0.9522858984376137,1.2078641712429172,146.52623024851647,57.97254099079265,1.2,0.0708866657759795
22.8,normal,-0.10047101540166259,-3.13,0.1604242751749138,0.953283288304456,1.2075706059834734,146.52774494351203,58.065525449611165,1.2,0.07094294971976547
22.85,normal,-0.08347101540166224,-3.13,0.16008098736634424,0.9543840799380046,1.2071643525316318,146.52925010222555,58.15834922929584,1.2,0.07056870859258092
22.900000000000002,normal,-0.06647101540166189,-3.13,0.1600573842123179,0.9555831353174327,1.2066784237638806,146.53074035457297,58.250977662417895,1.2,0.06944058388385144
22.950000000000003,normal,-0.04947101540166143,-3.13,0.1601875471004534,0.9568818701061363,1.2061496888786838,146.53220675376284,58.34338168493779,1.2,0.06789520251847012
23.0,normal,-0.03247101540166275,-3.13,0.16037032635087772,0.9582886473086234,1.2056156725144154,146.53364351234933,58.43553660830094,1.2,0.06719249933757918
23.05,normal,-0.015471015401662402,-3.13,0.16057902423434028,0.9598185208810168,1.205111514028814,146.53505447679277,58.52742102789858,1.2,0.06695698822558907
23.1,normal,0.0015289845983380568,-3.13,0.16081434061287192,0.9614923586288973,1.204667313227031,146.536455728081,58.61901599339101,1.2,0.06587303457055795
23.150000000000002,normal,0.018528984598338072,-3.13,0.16108443449067827,0.9633354504167428,1.2043060550087707,146.537872664632,58.71030446738626,1.2,0.06506441643494201
23.200000000000003,normal,0.03552898459833842,-3.13,0.16139738554733926,0.9653757606337448,1.2040422553704364,146.5393323587936,58.80127101413832,1.2,0.06776683394720108
23.25,normal,0.052528984598337214,-3.13,0.16175803355075816,0.9676420072123999,1.2038814061254337,146.54085388883894,58.891901615178355,1.2,0.06966190561041433
23.3,normal,0.06952898459833756,-3.13,0.16216672901926138,0.9701617457073544,1.2038202210326017,146.5424401360048,58.982183511632556,1.2,0.07093807462523097
23.35,normal,0.08652898459833791,-3.13,0.16261914741182035,0.9729596137949454,1.2038476107059013,146.54407405228372,59.07210501335741,1.2,0.07232355636133618
23.400000000000002,normal,0.10352898459833831,-3.13,0.16310676144037953,0.9760558583184917,1.2039462480339564,146.54572088345148,59.16165527228301,1.2,0.0738094804165085
23.450000000000003,normal,0.12052898459833866,-3.13,0.16361770067648618,0.9794652312893124,1.2040945387974358,146.54733580292023,59.25082406894775,1.2,0.07408796726514753
23.5,normal,0.13752898459833696,-3.13,0.164137793137182,0.9831963074857499,1.2042687890261126,146.54887457502232,59.33960168985353,1.2,0.0729341636757539
23.55,normal,0.15452898459833825,-3.13,0.16465163980688868,0.9872512458197658,1.2044453620594975,146.5503038767839,59.42797897110415,1.2,0.07075773824429409
23.6,normal,0.1715289845983377,-3.13,0.16514362650680528,0.99162598886461,1.2046026408068045,146.55160811830362,59.51594755320921,1.2,0.0681314776706553
23.650000000000002,normal,0.1885289845983389,-3.13,0.16559882146364732,0.996310868738189,1.2047226482751598,146.55279089984086,59.603500343566154,1.2,0.06552653597603213
23.700000000000003,normal,0.20552898459833852,-3.13,0.16600373611431934,1.0012915624172471,1.2047922252071537,146.55387109437322,59.69063213183094,1.2,0.06320702276768153
23.75,normal,0.2225289845983381,-3.13,0.1663469411993205,1.0065503162178486,1.2048037115200896,146.55487523796597,59.7773402636057,1.2,0.06124816500086651
23.8,normal,0.23952898459833727,-3.13,0.16661953428390727,1.0120673395028474,1.2047551235809812,146.55582886912484,59.86362525979183,1.2,0.05955631244635255
23.85,normal,0.2565289845983388,-3.13,0.1668154541463481,1.0178222542694617,1.2046498592445514,146.55674944743777,59.94949127631899,1.2,0.0579167851762165
23.900000000000002,normal,0.2735289845983379,-3.13,0.16693163678916076,1.0237954827311748,1.2044959953926302,146.55764264264576,60.03494632883085,1.2,0.056095132271608825
23.950000000000003,normal,0.29052898459833754,-3.13,0.1669680100656758,1.0299694611742318,1.204305267607045,146.55850251739247,60.120002251096466,1.2,0.05391898211439925
24.0,normal,0.30752898459833716,-3.13,0.16692732999623816,1.0363295856885693,1.2040918381267434,146.55931490298457,60.20467440344409,1.2,0.051301652597892745
24.05,normal,0.3245289845983383,-3.13,0.16681487113203528,1.0428648225791406,1.2038709661020692,146.5600624646678,60.28898118753203,1.2,0.04823688084203482
24.1,normal,0.3415289845983378,-3.13,0.1666379941395994,1.0495679504361424,1.2036576932891816,146.56072974941836,60.37294344822701,1.2,0.044799953928125226
24.150000000000002,normal,0.35852898459833904,-3.13,0.16640562396916533,1.05643543786277,1.2034656490336972,146.56130686154472,60.45658384878554,1.2,0.04116290531975807
24.200000000000003,normal,0.37552898459833856,-3.13,0.16612767941334333,1.0634669961458394,1.2033060615641633,146.5617911038214,60.53992629343627,1.2,0.03760348499050261
24.25,normal,0.39252898459833774,-3.13,0.16581449795116923,1.0706648754872394,1.2031870398189821,146.56218666475684,60.62299544728553,1.2,0.03444737366717822
24.3,normal,0.4095289845983373,-3.13,0.16547629778318448,1.0780329936239048,1.2031131634285517,146.56250297271632,60.70581637456925,1.2,0.031836222457591296
24.35,normal,0.4265289845983385,-3.13,0.16512271222215968,1.0855759950409005,1.2030853905812742,146.56275254126916,60.78841428971802,1.2,0.02952204431701152
24.400000000000002,normal,0.4435289845983381,-3.13,0.16476242138854164,1.0932983373524776,1.203101266838289,146.56294901022966,60.87081439660806,1.2,0.027156685755201294
24.450000000000003,normal,0.46052898459833924,-3.13,0.16440289435554117,1.1012034899601177,1.2031553947239135,146.56310577002526,60.953041782159886,1.2,0.02459814302667205
24.5,normal,0.47752898459833676,-3.13,0.16405024351512462,1.1092933109610805,1.203240105753014,146.5632352121805,61.03512133091592,1.2,0.02192751958680037
24.55,normal,0.49452898459833805,-3.13,0.1637091836887524,1.1175676442410367,1.203346264474943,146.5633484129031,61.11707763517575,1.2,0.019470840433081497
24.6,normal,0.5115289845983375,-3.13,0.16338308245301367,1.1260241527246957,1.2034641285319614,146.56345498928553,61.19893488734576,1.2,0.0192305578934061
24.650000000000002,normal,0.5285289845983387,-3.13,0.16307408563924294,1.1346583787489328,1.20358418956572,146.56356294527663,61.280716753780524,1.2,0.02021403484966747
24.700000000000003,normal,0.5455289845983383,-3.13,0.16278330273985786,1.1434640009384756,1.2036979265745384,146.56367847063106,61.36244623951752,1.2,0.021312790063873384
24.75,normal,0.5625289845983379,-3.13,0.1625110403991871,1.1524332406677718,1.2037984152028234,146.56380578343186,61.444145559020654,1.2,0.022403972781902877
24.8,normal,0.5795289845983373,-3.13,0.16225707762991073,1.161557361299744,1.2038807522981143,146.5639471553397,61.525836028791595,1.2,0.02345058801296649
24.85,normal,0.5965289845983387,-3.13,0.1620209834617769,1.17082720023118,1.2039422734856013,146.5641032141547,61.607537994150945,1.2,0.02447502601105512
24.900000000000002,normal,0.6135289845983378,-3.13,0.16180248621520685,1.172665831905363,1.2039825608503774,146.56427351001753,61.689270796124404,1.2,0.02547779418726301
24.950000000000003,normal,0.6305289845983393,-3.13,0.1616019125189665,1.1689438139992312,1.2040032563479048,146.5644572144379,61.77105277698968,1.2,0.026405186932573287
25.0,normal,0.647528984598337,-3.13,0.16142071746134135,1.165458892024505,1.2040077126122286,146.5646537501221,61.85290131631031,1.2,0.027187175300451217
25.05,normal,0.6645289845983381,-3.13,0.16126210040371608,1.1622160007445237,1.2040005249859862,146.56486315670224,61.9348328844405,1.2,0.027777672085264972
25.1,normal,0.6815289845983374,-3.13,0.1611315721229026,1.159219164396961,1.2039869958782392,146.56508608160607,62.01686309823076,1.2,0.028165556881719057
25.150000000000002,normal,0.6985289845983388,-3.13,0.1610369781014896,1.156471524497583,1.2039725845463718,146.5653234139857,62.09900676415226,1.2,0.028368106803656222
25.200000000000003,normal,0.7155289845983382,-3.13,0.16098694569885152,1.153975397690775,1.2039623922769664,146.56557570370646,62.18127789695951,1.2,0.028421935131595723
25.25,normal,0.7325289845983378,-3.13,0.16098706027632137,1.1517323556244459,1.203960725435192,146.5658425807499,62.26368970661962,1.2,0.02838876435194294
25.3,normal,0.7495289845983372,-3.13,0.1610358196426742,1.149743317531703,1.203970768104166,146.56612238709076,62.34625455161615,1.2,0.028565414893743507
25.35,normal,0.7665289845983385,-3.13,0.16112453884634087,1.1480086458549703,1.2039943834144453,146.56641215610898,62.428983861902104,1.2,0.02953776616867131
25.400000000000002,normal,0.7835289845983379,-3.13,0.16124139588535574,1.1465282358050144,1.204032049568201,146.56670795333844,62.51188803889115,1.2,0.030480142553248442
25.450000000000003,normal,0.8005289845983391,-3.13,0.16137539684074284,1.145301591100848,1.2040829242487925,146.56700547096256,62.594976342395526,1.2,0.031175623426523892
25.5,normal,0.8175289845983369,-3.1300000000000003,0.16151793242809176,1.1443278801357069,1.204145020569331,146.56730068918768,62.67825677518235,1.2,0.031609920195568235
25.55,normal,0.834528984598338,-3.1299999999999994,0.16166265739398583,1.1436059692731895,1.2042154696349874,146.56759040567383,62.76173597502732,1.2,0.0318013952908002
25.6,normal,0.8515289845983376,-3.1300000000000003,0.1618048729011384,1.1431344326785564,1.2042908395467808,146.5678724895434,62.845419122261795,1.2,0.03178240494630661
25.650000000000002,normal,0.8685289845983387,-3.1299999999999994,0.16194096713799144,1.142911540788129,1.2043674783671972,146.56814581531174,62.92930986841225,1.2,0.03158807785732791
25.700000000000003,normal,0.8855289845983383,-3.1300000000000003,0.16206803918257773,1.1429352319545067,1.2044418490966107,146.56840993705757,63.01341028915113,1.2,0.03124649913944757
25.75,normal,0.9025289845983376,-3.13,0.16218368174929393,1.1432030737242593,1.2045108278052805,146.56866463798698,63.097720862784,1.2,0.03077229509607287
25.8,normal,0.9195289845983372,-3.13,0.16228587184891616,1.143712221394213,1.2045719413248441,146.56890951306073,63.182240474047205,1.2,0.030165584904956133
25.85,normal,0.9365289845983382,-3.13,0.16237292624332264,1.144459381810944,1.2046235278046815,146.56914371101678,63.2669664420529,1.2,0.029416292692167223
25.900000000000002,normal,0.9535289845983378,-3.13,0.16244349131203864,1.1454407897823984,1.2046648113602831,146.56936589427735,63.35189457064888,1.2,0.028511701107636383
25.950000000000003,normal,0.9705289845983389,-3.13,0.1624965475644033,1.1466522030275532,1.2046958902872524,146.56957439853318,63.43701921909169,1.2,0.02744434690713975
26.0,normal,0.9875289845983367,-3.13,0.16253141684332023,1.1480889194710813,1.204717646161942,146.56976751499894,63.52233339064474,1.2,0.026218063279985142
26.05,normal,1.004528984598338,-3.13,0.1625477658114788,1.1497458181485327,1.2047315879082965,146.56994379397133,63.60782883647326,1.2,0.0248511608564465
26.1,normal,1.0215289845983375,-3.13,0.16254560312167818,1.1516174223253968,1.2047396499960419,146.57010228051448,63.69349617204718,1.2,0.023376442861724696
26.150000000000002,normal,1.0385289845983388,-3.13,0.16252527012514578,1.1536979809607022,1.2047439669358408,146.57024263119106,63.779325003240736,1.2,0.021837604618974653
26.200000000000003,normal,1.055528984598338,-3.13,0.16248742634849309,1.1559815626424297,1.2047466469611374,146.57036510722108,63.865304059465856,1.2,0.020281141253455932
26.25,normal,1.0725289845983377,-3.13,0.1624330315224545,1.1584621548045135,1.2047495662840337,146.5704704771945,63.95142133146921,1.2,0.018744694068116536
26.3,normal,1.0895289845983371,-3.13,0.16236332591266617,1.161133760533752,1.2047542018627897,146.57055988066395,64.03766421177383,1.2,0.017248430892047046
26.35,normal,1.1065289845983384,-3.13,0.16227981029981034,1.1639904856216734,1.2047615156878122,146.57063470060965,64.12401963603558,1.2,0.01579732011289574
26.400000000000002,normal,1.1235289845983378,-3.13,0.16218422635249422,1.1670266096463544,1.2047718977707031,146.57069647375891,64.21047422370722,1.2,0.014392171781141652
26.450000000000003,normal,1.140528984598339,-3.13,0.1620785374357303,1.1702366366320616,1.2047851689446327,146.57074684323985,64.29701441630817,1.2,0.013041524216408789
26.5,normal,1.1575289845983368,-3.13,0.16196490913677647,1.1736153230162265,1.2048006388650134,146.5707875381921,64.38362661132254,1.2,0.011772663136393921
26.55,normal,1.1745289845983378,-3.13,0.16184568795126922,1.1771576830027615,1.2048172097588763,146.5708203562748,64.4702972893995,1.2,0.010640414378188542
26.6,normal,1.1915289845983374,-3.13,0.16172337562481207,1.1808589736404895,1.2048335128960685,146.57084712874217,64.55701313227168,1.2,0.009710319302995265
26.650000000000002,normal,1.2085289845983387,-3.13,0.16160059561078785,1.1847146638997936,1.204848062673026,146.57086966027538,64.64376112879287,1.2,0.009011234974070128
26.700000000000003,normal,1.2255289845983381,-3.13,0.161480047160814,1.1887203934398989,1.2048594126747882,146.57088965067598,64.73052866683383,1.2,0.008534339053257648
26.75,normal,1.2425289845983376,-3.13,0.16136444216012996,1.1928719275373978,1.2048662990277565,146.5709086164104,64.81730360948303,1.2,0.008256565354359719
26.8,normal,1.259528984598337,-3.13,0.16125642074796165,1.1971651147301219,1.2048677585646441,146.57092783277642,64.90407435499867,1.2,0.00817601931992622
26.85,normal,1.2765289845983383,-3.13,0.1611584450085921,1.2015958531391766,1.2048632124928584,146.57094831164713,64.99082988109136,1.2,0.008397873552799884
26.900000000000002,normal,1.2935289845983378,-3.13,0.1610726761850893,1.206160070252403,1.2048525100310568,146.5709708181924,65.07755977518775,1.2,0.008893407630452575
26.950000000000003,normal,1.310528984598339,-3.13,0.16100084915165494,1.210853719325519,1.2048359304779763,146.57099591747175,65.16425425314902,1.2,0.00944497192379068
27.0,normal,1.3275289845983385,-3.13,0.16094416523477822,1.215672793660819,1.2048141460366733,146.5710240330676,65.25090416937098,1.2,0.009990821904916788
27.05,normal,1.344528984598338,-3.13,0.16090322625475753,1.220613358054259,1.204788151109288,146.5710554979036,65.33750102123507,1.2,0.010521162457782422
27.1,normal,1.3615289845983374,-3.13,0.16087802553130465,1.2256715948560295,1.2047591664381234,146.57109058228258,65.4240369505628,1.2,0.011028426975164578
27.150000000000002,normal,1.3785289845983386,-3.13,0.1608679970019822,1.2308438605441525,1.2047285282128688,146.57112949367593,65.51050474416358,1.2,0.011506073225451777
27.200000000000003,normal,1.395528984598338,-3.13,0.16087210812262587,1.236126747607573,1.2046975729954688,146.57117235318748,65.59689783490276,1.2,0.011952409750246008
27.25,normal,1.4125289845983375,-3.13,0.1608889733320174,1.2415171459697552,1.2046675290303672,146.5712191612634,65.68321030407986,1.2,0.012370773108609004
27.3,normal,1.429528984598337,-3.1299999999999994,0.16091696566316874,1.2470122981964904,1.2046394232942959,146.57126976785452,65.76943688538702,1.2,0.012769163992245041
27.35,normal,1.4465289845983382,-3.13,0.1609543119199032,1.2526098433056283,1.2046140116598139,146.57132385957723,65.85557297034131,1.2,0.013159930419316925
27.400000000000002,normal,1.4635289845983377,-3.1299999999999994,0.16099916639896517,1.2583078450605605,1.2045917370236916,146.57138097001007,65.94161461483814,1.2,0.013549566005714466
27.450000000000003,normal,1.480528984598339,-3.1300000000000003,0.16104966529830608,1.2641048020663412,1.204572717445612,146.57144051168086,66.02755854630587,1.2,0.013918491262765792
27.5,normal,1.4975289845983384,-3.13,0.16110396733115134,1.2699996386468813,1.2045567635265042,146.5715018221333,66.11340217080563,1.2,0.014230489636182935
27.55,normal,1.5145289845983378,-3.13,0.16116028634136714,1.2759916771963182,1.2045434216865545,146.57156421343927,66.1991435792795,1.2,0.01446044827565037
27.6,normal,1.5315289845983373,-3.13,0.1612169202755218,1.282080594300553,1.2045320378992384,146.57162701507673,66.28478155200062,1.2,0.014599465736545645
27.650000000000002,normal,1.5485289845983385,-3.13,0.16127227890068285,1.2882663642664964,1.2045218349610278,146.57168960345754,66.37031556014266,1.2,0.0146482868281825
27.700000000000003,normal,1.565528984598338,-3.13,0.16132491087337528,1.2945491946590901,1.2045119956186294,146.57175141604105,66.45574576330195,1.2,0.014611811278831427
27.75,normal,1.5825289845983375,-3.13,0.16137352946328937,1.3009294589538716,1.2045017438553702,146.57181195228264,66.54107300181558,1.2,0.014496061942869686
27.8,normal,1.5995289845983387,-3.13,0.1614170354692738,1.307407631437253,1.2044904173047117,146.57187076643268,66.62629878284861,1.2,0.014306851780029203
27.85,normal,1.6165289845983382,-3.13,0.1614545355762804,1.3139842290465393,1.2044775250020139,146.57192745793594,66.711425259479,1.2,0.014049538368004877
27.900000000000002,normal,1.6335289845983374,-3.13,0.1614853544942911,1.3206597639985334,1.2044627863523014,146.5719816641274,66.79645520236663,1.2,0.013729377015831929
27.950000000000003,normal,1.6505289845983386,-3.13,0.16150903959285579,1.327434709904906,1.2044461491032934,146.57203305781394,66.88139196401278,1.2,0.013352019564899
28.0,normal,1.667528984598338,-3.13,0.16152535730169792,1.334309482733338,1.2044277860838468,146.5720813500549,66.96623943604543,1.2,0.012923772214632284
28.05,normal,1.6845289845983378,-3.13,0.1615342811998252,1.3412844365755496,1.2044080723228576,146.57212629673532,67.05100200035263,1.2,0.012451368351003422
28.1,normal,1.701528984598339,-3.13,0.1615359723812641,1.3483598728553994,1.2043875457513198,146.57216770671553,67.1356844751916,1.2,0.011941257172106142
28.150000000000002,normal,1.7185289845983385,-3.13,0.16153075329320274,1.355536060468215,1.204366855894086,146.5722054494187,67.2202920576006,1.2,0.011398732596309264
28.200000000000003,normal,1.735528984598338,-3.13,0.1615190767333033,1.362813263480221,1.2043467057023967,146.57223946036476,67.30483026353136,1.2,0.01082743270714048
28.25,normal,1.7525289845983372,-3.13,0.16150149202493863,1.3701917724987775,1.2043277919318855,146.57226974396806,67.38930486710971,1.2,0.010229560532311574
28.3,normal,1.7695289845983395,-3.1299999999999994,0.16147861053862284,1.3776719356807605,1.2043107492449676,146.57229637354806,67.47372184034467,1.2,0.009606697965502554
28.35,normal,1.786528984598339,-3.13,0.1614510726909873,1.3852541855733742,1.2042961025620682,146.57231948879922,67.55808729446136,1.2,0.008960763032370488
28.400000000000002,normal,1.8035289845983384,-3.13,0.16141951834349985,1.3929390585413186,1.204284231186565,146.57233929097265,67.64240742385732,1.2,0.008294730561356746
28.450000000000003,normal,1.8205289845983377,-3.13,0.16138456217105385,1.4007272043603727,1.2042753469912957,146.57235603589655,67.7266884534891,1.2,0.007613000639201778
28.5,normal,1.8375289845983374,-3.13,0.16134677511546625,1.4086193845628443,1.2042694876016344,146.57237002490004,67.81093659030014,1.2,0.006921520253491057
28.55,normal,1.8545289845983368,-3.13,0.16130667252644687,1.4166164592055306,1.2042665241659842,146.57238159381654,67.89515797910852,1.2,0.00622791263055712
28.6,normal,1.8715289845983396,-3.13,0.1612647090689156,1.4247193627942496,1.204266182085541,146.57239110052905,67.9793586631881,1.2,0.005542105089282751
28.650000000000002,normal,1.8885289845983393,-3.13,0.16122127998319974,1.4329290710464406,1.2042680720796772,146.57239891186782,68.06354454960217,1.2,0.004878945377388288
28.700000000000003,normal,1.9055289845983387,-3.13,0.1611767278589729,1.441246560926636,1.2042717282636561,146.57240539092948,68.14772137918753,1.2,0.004310608660611053
28.75,normal,1.9225289845983382,-3.13,0.16113135375085527,1.449672766892877,1.2042766495527404,146.5724108859228,68.23189470094331,1.2,0.004108176745501031
28.8,normal,1.9395289845983374,-3.13,0.1610854312387154,1.4582085365157147,1.204282340689174,146.5724157214146,68.31606985045742,1.2,0.004025292500134985
28.85,normal,1.9565289845983374,-3.13,0.16103922192374975,1.46685458857275,1.2042883494923622,146.5724201924039,68.4002519319081,1.2,0.004028525550412157
28.900000000000002,normal,1.9735289845983401,-3.13,0.16099299084729402,1.475611476403566,1.2042942975071722,146.57242456112354,68.48444580311336,1.2,0.004085312254716441
28.950000000000003,normal,1.9905289845983394,-3.13,0.16094702040994885,1.4844795587767396,1.2042999019996197,146.57242905601245,68.56865606306982,1.2,0.004179961833864194
29.0,normal,2.007528984598339,-3.13,0.160901621535288,1.4934589798324047,1.2043049881401136,146.572433872045,68.65288704142533,1.2,0.00430863623532205
29.05,normal,2.0245289845983385,-3.13,0.16085714104421478,1.5025496588898906,1.2043094911354046,146.57243917159695,68.73714278936615,1.2,0.004471995243504416
29.1,normal,2.041528984598338,-3.13,0.1608139644634583,1.5117512901218986,1.2043134489393743,146.57244508524408,68.82142707146718,1.2,0.004668786978576126
29.150000000000002,normal,2.0585289845983374,-3.13,0.1607725137711008,1.5210633513619787,1.2043169869193424,146.57245171223002,68.90574335814752,1.2,0.004890694310840615
29.200000000000003,normal,2.075528984598337,-3.13,0.16073323987879323,1.530485120688766,1.20432029642462,146.57245912068657,68.99009481848657,1.2,0.005123694807021754
29.25,normal,2.0925289845983364,-3.13,0.16069660997064333,1.540015698962473,1.2043236095632635,146.5724673479326,69.0744843132817,1.2,0.005353894623608191
29.3,normal,2.1095289845983394,-3.13,0.16066309017687538,1.5496540362041398,1.2043271726278275,146.57247640125985,69.1589143883557,1.2,0.00557084204831134
29.35,normal,2.126528984598339,-3.13,0.16063312446974165,1.545794897831176,1.2043312205279197,146.57248625953554,69.24338726824297,1.2,0.005767556543660201
29.400000000000002,normal,2.1435289845983383,-3.13,0.16060711112691664,1.5352589563722518,1.2043359543109173,146.57249687576186,69.32790485048773,1.2,0.005939573834948914
29.450000000000003,normal,2.1605289845983378,-3.13,0.16058537857562188,1.524812492216106,1.2043415234211654,146.57250818050912,69.41246870086762,1.2,0.0060841792777235944
29.5,normal,2.177528984598337,-3.13,0.16056816282270867,1.5144561492784252,1.2043480138111609,146.57252008595768,69.49708004990642,1.2,0.006200095698027102
29.55,normal,2.1945289845983367,-3.13,0.16055558886462512,1.5041906574167627,1.2043554424297518,146.5725324901895,69.5817397910561,1.2,0.006287993272304742
29.6,normal,2.2115289845983397,-3.13,0.1605476583250584,1.4940168373183877,1.2043637580266433,146.57254528137946,69.66644848091254,1.2,0.006354765895610656
29.650000000000002,normal,2.228528984598339,-3.13,0.16054424501281042,1.483935599662348,1.2043728476795104,146.5725583416255,69.75120634178137,1.2,0.006430958277455543
29.700000000000003,normal,2.2455289845983386,-3.13,0.16054509916915355,1.4739479393862855,1.2043825480115464,146.57257155028395,69.83601326683778,1.2,0.006521461674822209
29.75,normal,2.262528984598338,-3.13,0.1605498600550131,1.4640549261205948,1.2043926597536427,146.5725847867997,69.92086882803252,1.2,0.0065873870034338245
29.8,normal,2.2795289845983375,-3.13,0.16055807546888143,1.4542576919729902,1.2044029641337464,146.57259793310422,70.00577228679431,1.2,0.006617975970320397
29.85,normal,2.296528984598337,-3.13,0.16056922602860563,1.4445574178614184,1.204413239549712,146.57261087568955,70.09072260747378,1.2,0.0066117919077948615
29.900000000000002,normal,2.31352898459834,-3.13,0.16058275173153444,1.434955319516908,1.204423277091451,146.5726235074544,70.17571847337587,1.2,0.0065693710540803375
29.950000000000003,normal,2.3305289845983395,-3.13,0.16059807842290802,1.4254526341306055,1.2044328937026187,146.57263572938334,70.26075830513929,1.2,0.006492020085000742
30.0,normal,2.347528984598339,-3.13,0.16061464223256156,1.4160506084243119,1.2044419420821812,146.5726474520767,70.34584028115147,1.2,0.006381537380347027
30.05,normal,2.3645289845983384,-3.13,0.1606319106192695,1.4067504887050652,1.2044503167875675,146.57265859711802,70.43096235963628,1.2,0.006240110001048085
30.1,normal,2.381528984598338,-3.13,0.16064939924310928,1.3975535132436256,1.2044579563777287,146.57266909824824,70.51612230202116,1.2,0.006070240258797562
30.150000000000002,normal,2.3985289845983377,-3.13,0.16066668437625142,1.3884609071122656,1.2044648417919064,146.57267890231424,70.60131769718024,1.2,0.0058746655975654635
30.200000000000003,normal,2.4155289845983403,-3.13,0.16068341092608934,1.379473879442439,1.2044709914685572,146.57268796996166,70.68654598615727,1.2,0.005656265939576267
30.25,normal,2.432528984598336,-3.13,0.16069929638709363,1.3705936229257478,1.2044764539457944,146.57269627604563,70.77180448699511,1.2,0.005417965710616495
30.3,normal,2.4495289845983392,-3.13,0.16071413118444342,1.3618213152850605,1.2044812988353173,146.57270380973216,70.85709041933207,1.2,0.005162644770938067
30.35,normal,2.4665289845983387,-3.13,0.16072777595203083,1.3531581223851112,1.2044856071203585,146.5727105742626,70.94240092846759,1.2,0.004893074856294013
30.400000000000002,normal,2.483528984598338,-3.13,0.1607401563230173,1.3446052026283366,1.2044894616976356,146.5727165863557,71.0277331086456,1.2,0.004611895973757203
30.450000000000003,normal,2.5005289845983376,-3.13,0.16075125581823962,1.336163712284789,1.2044929389740997,146.57272187523475,71.1130840253519,1.2,0.004321642301908631
30.5,normal,2.5175289845983375,-3.13,0.1607611074046717,1.3278348114263534,1.204496102158098,146.5727264812905,71.19845073646877,1.2,0.0040248236136021884
30.55,normal,2.5345289845983365,-3.13,0.16076978426689087,1.3196196701670406,1.2044989966719983,146.57273045442363,71.28383031217527,1.2,0.0037240712523268433
30.6,normal,2.551528984598339,-3.13,0.16077739029074695,1.3115194749457864,1.2045016478819928,146.57273385214546,71.36921985352188,1.2,0.003422371746725683
30.650000000000002,normal,2.568528984598339,-3.13,0.16078405070154683,1.3035354346208035,1.2045040611130025,146.57273673754236,71.45461650964648,1.2,0.003123436096887159
30.700000000000003,normal,2.585528984598339,-3.13,0.16078990323093761,1.2956687861720468,1.2045062237124347,146.57273917722483,71.54001749362877,1.2,0.002832264560987369
30.75,normal,2.6025289845983375,-3.13,0.16079509011023477,1.2879207998299724,1.2045081087622755,146.57274123937526,71.62542009700792,1.2,0.0025558947122143773
30.8,normal,2.6195289845983374,-3.13,0.16079975110693262,1.2802927834656328,1.2045096799259152,146.57274299198613,71.71082170300797,1.2,0.002304999983341958
30.85,normal,2.6365289845983373,-3.13,0.16080401773999714,1.2727860860917284,1.2045108968599036,146.57274450134554,71.79621979852969,1.2,0.0021175089943658997
30.900000000000002,normal,2.65352898459834,-3.13,0.16080800873268178,1.2654021003398728,1.2045117206216347,146.57274583078814,71.88161198497595,1.2,0.002062576945667508
30.950000000000003,normal,2.670528984598339,-3.13,0.16081182669315147,1.2581422637992974,1.204512118556671,146.5727470396963,71.96699598797917,1.2,0.002054926247437886
31.0,normal,2.6875289845983388,-3.13,0.16081555595633096,1.251008059129273,1.2045120682447537,146.572748182715,72.05236966609624,1.2,0.0020664543123547446
31.05,normal,2.7045289845983387,-3.13,0.16081926147727024,1.2440010128932237,1.2045115602090768,146.57274930913667,72.13773101852755,1.2,0.002093780145589611
31.1,normal,2.7215289845983373,-3.13,0.16082298863765007,1.2371226931069748,1.2045105992351057,146.57275046241932,72.22307819190564,1.2,0.00213601154465392
31.150000000000002,normal,2.738528984598337,-3.13,0.16082676381240768,1.2303747055453493,1.204509204288714,146.57275167981516,72.30840948618467,1.2,0.0021919436702097193
31.200000000000003,normal,2.75552898459834,-3.13,0.16083059554116758,1.223758688907513,1.2045074071554533,146.5727529921046,72.39372335964717,1.2,0.0022595427605011306
31.25,normal,2.7725289845983356,-3.13,0.16083447615677493,1.2172763089980105,1.2045052500321747,146.5727544234453,72.47901843303113,1.2,0.002336035100723205
31.3,normal,2.7895289845983386,-3.13,0.1608383837377885,1.2109292521326662,1.204502782380924,146.5727559913522,72.56429349276738,1.2,0.0024180657922395314
31.35,normal,2.8065289845983385,-3.13,0.1608422842703337,1.204719218021595,1.2045000573982951,146.5727577068245,72.64954749330826,1.2,0.002501952965573824
31.400000000000002,normal,2.8235289845983385,-3.13,0.16084613392429115,1.1986479124111664,1.2044971284602768,146.57275957462684,72.73477955852212,1.2,0.002584104268890795
31.450000000000003,normal,2.840528984598337,-3.13,0.16084988136735415,1.1927170397794862,1.204494045875384,146.57276159372046,72.81998898212507,1.2,0.002661418312661352
31.5,normal,2.857528984598337,-3.13,0.1608534700562044,1.1869282963737924,1.2044908542228439,146.572763757826,72.90517522712338,1.2,0.0027314963561745594
31.55,normal,2.8745289845983364,-3.13,0.16085684045626725,1.1812833638527536,1.2044875904753014,146.57276605608934,72.9903379242435,1.2,0.0027926775902098306
31.6,normal,2.8915289845983394,-3.13,0.16085993214999886,1.1757839037533029,1.2044842830157316,146.57276847381462,73.07547686933506,1.2,0.0028440211204909882
31.650000000000002,normal,2.9085289845983384,-3.13,0.1608626857989975,1.1704315529432787,1.2044809515653447,146.57277099322678,73.16059201974295,1.2,0.002885372370224936
31.700000000000003,normal,2.9255289845983383,-3.13,0.16086504492830594,1.1652279201520472,1.2044776079519504,146.57277359422818,73.24568348965681,1.2,0.0029176454625731004
31.75,normal,2.942528984598338,-3.13,0.16086695750334165,1.1601745835966537,1.2044742575742649,146.5727762551211,73.33075154446206,1.2,0.002943238189110766
31.8,normal,2.959528984598337,-3.13,0.16086837727208636,1.1552730896465802,1.204470901362686,146.57277895327553,73.41579659413094,1.2,0.0029652146333264094
31.85,normal,2.9765289845983367,-3.13,0.16086926484862643,1.1505249524014853,1.204467538004799,146.57278166573067,73.50081918570935,1.2,0.002983734383244668
31.900000000000002,normal,2.9935289845983393,-3.13,0.16086958851954627,1.1459316539985123,1.2044641661955677,146.57278436972743,73.58581999497017,1.2,0.0029953104953392854
31.950000000000003,normal,3.010528984598339,-3.13,0.1608693247623938,1.141494645422902,1.2044607866867527,146.57278704317494,73.670799817319,1.2,0.002996624801749413
32.0,normal,3.027528984598338,-3.13,0.16086845847534592,1.1372153475706177,1.204457403944629,146.57278966505785,73.7557595580511,1.2,0.0029860061841328563
32.050000000000004,normal,3.044528984598338,-3.13,0.1608669829287699,1.1330951523057138,1.2044540272748516,146.57279221579265,73.84070022206913,1.2,0.002962890843256083
32.1,normal,3.0615289845983376,-3.13,0.1608648994617158,1.1291354232680297,1.2044506713327963,146.5727946775399,73.92562290317929,1.2,0.002927282127273905
32.15,normal,3.0785289845983366,-3.13,0.16086221695839523,1.1253374962166822,1.2044473560006776,146.57279703447577,74.01052877308874,1.2,0.0028794841978891273
32.2,normal,3.0955289845983405,-3.13,0.16085895115025367,1.1217026787388071,1.2044441056733064,146.57279927302272,74.09541907022839,1.2,0.0028199865150831567
32.25,normal,3.112528984598339,-3.13,0.16085512379719916,1.1182322492070484,1.2044409480471359,146.57280138203532,74.18029508852388,1.2,0.002749414570928552
32.300000000000004,normal,3.129528984598339,-3.13,0.1608507618060147,1.1149274549289585,1.204437912547987,146.57280335293405,74.26515816623291,1.2,0.002668507861403875
32.35,normal,3.1465289845983384,-3.13,0.16084589634446875,1.1117895094920087,1.2044350285587122,146.57280517977998,74.35000967495911,1.2,0.002578107854827828
32.4,normal,3.163528984598338,-3.13,0.16084056200579785,1.1088195893649524,1.2044323236176604,146.5728068592844,74.434851008943,1.2,0.002479148475493981
32.45,normal,3.1805289845983373,-3.13,0.16083479607046142,1.1060188298658638,1.204429821752387,146.57280839074969,74.51968357471827,1.2,0.0023726463353046087
32.5,normal,3.1975289845983363,-3.13,0.16082863790080526,1.1033883206464028,1.204427542092229,146.57280977594348,74.60450878120866,1.2,0.0022596904366625945
32.550000000000004,normal,3.2145289845983402,-3.13,0.16082212849052008,1.100929100868643,1.2044254978709203,146.57281101891186,74.68932803032578,1.2,0.0021414323990632056
32.6,normal,3.231528984598339,-3.13,0.16081531017564885,1.0986421542643194,1.204423695890016,146.57281212574173,74.77414270811494,1.2,0.0020190788107648603
32.65,normal,3.2485289845983387,-3.13,0.16080822649860158,1.0965284042667944,1.2044221364696222,146.572813104285,74.85895417648115,1.2,0.0018938871856152145
32.7,normal,3.265528984598338,-3.13,0.16080092220252734,1.0945887093945113,1.2044208138689547,146.5728139638584,74.9437637655151,1.2,0.0017671661941442533
32.75,normal,3.2825289845983376,-3.13,0.16079344332144557,1.0928238590431807,1.2044197171194426,146.57281471493286,75.02857276642686,1.2,0.0016402792568003955
32.800000000000004,normal,3.29952898459834,-3.13,0.16078583732284063,1.091234569814803,1.2044188311806687,146.57281536882286,75.11338242508553,1.2,0.0015146482359273679
32.85,normal,3.3165289845983366,-3.13,0.16077815325448697,1.0898214824776706,1.2044181383067967,146.57281593738617,75.19819393615498,1.2,0.0013917513339545512
32.9,normal,3.333528984598336,-3.13,0.1607704418464673,1.08858515961543,1.2044176194995808,146.57281643273936,75.28300843781011,1.2,0.0012731086211697333
32.95,normal,3.3505289845983386,-3.13,0.16076275552266908,1.0875260839877143,1.2044172559239057,146.57281686699406,75.36782700701468,1.2,0.0011602721027487318
33.0,normal,3.3675289845983385,-3.13,0.16075514828307483,1.0866446575919912,1.2044170301723578,146.5728172520162,75.45265065534026,1.2,0.0010934268378644068
33.050000000000004,normal,3.384528984598338,-3.13,0.16074767542837062,1.0859412013878418,1.2044169272849041,146.57281759921023,75.53748032530603,1.2,0.0010787492837519362
33.1,normal,3.4015289845983374,-3.13,0.16074039311089103,1.085415955622045,1.2044169354561982,146.5728179193294,75.62231688722146,1.2,0.0010702061683032413
33.15,normal,3.418528984598337,-3.13,0.16073335770972685,1.0850690806762504,1.204417046393504,146.57281822231337,75.7071611365167,1.2,0.0010679931413232146
33.2,normal,3.43552898459834,-3.13,0.16072662504192214,1.0849006583487457,1.2044172553199666,146.57281851715476,75.79201379154954,1.2,0.0010719282389383754
33.25,normal,3.45252898459834,-3.13,0.16072024943504473,1.0849106934775536,1.204417560648073,146.5728188117949,75.8768754918817,1.2,0.0010814251210301102
33.300000000000004,normal,3.4695289845983384,-3.13,0.16071428269807178,1.085099115813151,1.204417963374281,146.5728191130504,75.96174679702104,1.2,0.0010956114530291912
33.35,normal,3.4865289845983383,-3.13,0.16070877303675518,1.0854657820546139,1.2044184662658957,146.5728194265703,76.0466281856296,1.2,0.0011134919128334307
33.4,normal,3.5035289845983377,-3.13,0.16070376396573466,1.0860104779719222,1.2044190729241158,146.57281975682284,76.13152005519949,1.2,0.0011340613252977358
33.45,normal,3.520528984598337,-3.13,0.16069929327234544,1.0867329205485436,1.2044197868121107,146.57282010711106,76.2164227221997,1.2,0.0011563351272985943
33.5,normal,3.5375289845983366,-3.13,0.1606953920861537,1.0876327600912388,1.2044206103341515,146.572820479614,76.30133642269621,1.2,0.0011793361570810873
33.550000000000004,normal,3.5545289845983397,-3.13,0.16069208410382707,1.0887095822675072,1.2044215440419705,146.57282087545076,76.38626131344641,1.2,0.0012020968835807415
33.6,normal,3.5715289845983396,-3.13,0.16068938501137398,1.0899629100444748,1.204422586028968,146.5728212947633,76.47119747346495,1.2,0.0012237058220188415
33.65,normal,3.588528984598338,-3.13,0.16068730213554114,1.0913922055157832,1.2044237315533066,146.5728217368138,76.55614490605416,1.2,0.001243388810175327
33.7,normal,3.605528984598338,-3.13,0.16068583434400702,1.09299687161476,1.2044249729092924,146.57282220009225,76.64110354128621,1.2,0.0012606088747898316
33.75,normal,3.6225289845983375,-3.13,0.16068497220068334,1.0947762537224952,1.2044262995446104,146.5728226824296,76.72607323891884,1.2,0.0012751965176389486
33.800000000000004,normal,3.6395289845983405,-3.13,0.16068469836888316,1.0967296411882508,1.204427698400922,146.57282318111356,76.81105379171908,1.2,0.0012875568608273246
33.85,normal,3.6565289845983395,-3.13,0.16068498824221228,1.0988562687866787,1.2044291544384649,146.5728236930026,76.89604492916396,1.2,0.0012989137494826756
33.9,normal,3.673528984598336,-3.13,0.16068581077158117,1.1011553181415585,1.2044306512928995,146.57282421463702,76.98104632148097,1.2,0.0013109311176640265
33.95,normal,3.6905289845983393,-3.13,0.16068712944752256,1.1036259191490494,1.2044321720053819,146.5728247423444,77.0660575839858,1.2,0.0013238261714941372
34.0,normal,3.707528984598338,-3.13,0.1606889033904905,1.1062671514347975,1.2044336997649667,146.5728252723387,77.15107828167115,1.2,0.0013356055486492301
34.050000000000004,normal,3.724528984598338,-3.13,0.16069108849840202,1.1090780458785654,1.2044352186056901,146.57282580081264,77.23610793399733,1.2,0.0013440577914203065
34.1,normal,3.7415289845983373,-3.13,0.16069363860050506,1.1120575862374427,1.2044367140084482,146.57282632402286,77.32114601983388,1.2,0.001347872609186999
34.15,normal,3.7585289845983367,-3.13,0.1606965065694655,1.115204710894248,1.204438173369043,146.5728268383676,77.40619198250106,1.2,0.001346455711029419
34.2,normal,3.7755289845983397,-3.13,0.160699645349154,1.1185183147515956,1.2044395863073416,146.5728273404568,77.49124523486167,1.2,0.0013396104179481138
34.25,normal,3.792528984598339,-3.13,0.1607030088633402,1.1219972512845955,1.20444094480709,146.5728278271738,77.57630516441496,1.2,0.0013273564646474076
34.300000000000004,normal,3.809528984598339,-3.13,0.1607065527797397,1.1256403347566053,1.2044422431902237,146.572828295728,77.66137113834876,1.2,0.0013098398608304958
34.35,normal,3.8265289845983377,-3.13,0.16071023511391352,1.1294463425933194,1.2044434779423943,146.57282874369804,77.74644250850864,1.2,0.0012872864017534368
34.4,normal,3.8435289845983376,-3.13,0.16071401666756585,1.1334140179012477,1.204444647416908,146.57282916906414,77.83151861624877,1.2,0.0012599756345314291
34.45,normal,3.860528984598337,-3.13,0.1607178613052349,1.137542072107881,1.2044457514516644,146.57282957022977,77.9165987971326,1.2,0.0012282250162854967
34.5,normal,3.8775289845983365,-3.13,0.16072173608157625,1.1418291876930187,1.204446790937655,146.57282994603182,78.00168238545731,1.2,0.0011923796967392229
34.550000000000004,normal,3.8945289845983395,-3.13,0.16072561123801274,1.146274020974412,1.2044477673780465,146.5728302957403,78.08676871858043,1.2,0.0011528058376107605
34.6,normal,3.911528984598339,-3.13,0.1607294600921721,1.1508752049064157,1.2044486824741019,146.5728306190476,78.17185714103096,1.2,0.0011098864967552177
34.65,normal,3.928528984598339,-3.13,0.16073325884614395,1.155631351848028,1.204449537768676,146.57283091604856,78.25694700839213,1.2,0.0010640196323881263
34.7,normal,3.9455289845983375,-3.13,0.1607369863402772,1.1605410562567244,1.2044503343704396,146.57283118721287,78.34203769094556,1.2,0.0010156180532836046
34.75,normal,3.9625289845983374,-3.13,0.16074062377809953,1.1656028972668062,1.2044510727731776,146.57283143335087,78.4271285770701,1.2,0.0009651113101142829
34.800000000000004,normal,3.9795289845983404,-3.13,0.1607441544453776,1.1708154411154614,1.2044517527752527,146.57283165557448,78.51221907639028,1.2,0.0009129496940715028
34.85,normal,3.99652898459834,-3.13,0.16074756344263608,1.1761772433860458,1.2044523734955146,146.57283185525446,78.59730862267163,1.2,0.000859610822819596
34.9,normal,4.013528984598336,-3.13,0.16075083744605703,1.1816868510458336,1.2044529334741938,146.57283203397574,78.68239667646093,1.2,0.0008056101521524497
34.95,normal,4.030528984598339,-3.13,0.16075396450698365,1.1873428042640986,1.2044534308412636,146.5728321934912,78.76748272747014,1.2,0.000751519838392742
35.0,normal,4.047528984598339,-3.13,0.1607569338956096,1.1931436380053655,1.204453863530698,146.5728323356759,78.85256629670387,1.2,0.0006980150025216901
35.050000000000004,normal,4.064528984598338,-3.13,0.16075973599012766,1.1990878834013778,1.204454229517206,146.57283246248227,78.9376469383296,1.2,0.0006460666774114959
35.1,normal,4.081528984598337,-3.13,0.16076236220898793,1.2051740689133057,1.204454527052307,146.57283257589677,79.02272424129075,1.2,0.0005986429559374264
35.15,normal,4.098528984598336,-3.13,0.16076480498097956,1.2114007213024358,1.2044547548788267,146.5728326778999,79.10779783066215,1.2,0.0005706705492534249
35.2,normal,4.115528984598339,-3.13,0.16076705774582453,1.2177663664327758,1.2044549124066868,146.57283277042907,79.19286736874851,1.2,0.000557377525187572
35.25,normal,4.132528984598339,-3.13,0.16076911497678079,1.2242695299323954,1.2044549998377367,146.57283285534567,79.27793255592562,1.2,0.0005476868204746277
35.300000000000004,normal,4.149528984598339,-3.13,0.16077097221636868,1.230908737741859,1.2044550182328504,146.57283293440656,79.36299313122572,1.2,0.0005404243435869875
35.35,normal,4.166528984598338,-3.13,0.16077262611668128,1.2376825165778649,1.204454969520035,146.5728330092403,79.44804887266845,1.2,0.0005352977270712704
35.4,normal,4.183528984598337,-3.13,0.16077407447660094,1.2445893943383064,1.2044548564474045,146.57283308132838,79.53309959734008,1.2,0.0005320158582245414
35.45,normal,4.200528984598341,-3.13,0.16077531626956904,1.251627900471788,1.2044546824891598,146.57283315199106,79.61814516122489,1.2,0.0005302608359795815
35.5,normal,4.217528984598337,-3.13,0.1607763516571059,1.2587965663304101,1.204454451715877,146.5728332223783,79.70318545879408,1.2,0.000529743677923454
35.550000000000004,normal,4.23452898459834,-3.13,0.16077718198490362,1.2660939255198689,1.204454168642296,146.57283329346484,79.78822042235915,1.2,0.0005302366231368481
35.6,normal,4.251528984598339,-3.13,0.16077780975999886,1.2735185142559249,1.2044538380663532,146.57283336604937,79.87325002119829,1.2,0.0005315678415457401
35.65,normal,4.268528984598338,-3.13,0.1607782386089427,1.2810688717314875,1.204453464912502,146.5728334407572,79.95827426046638,1.2,0.0005335905581160792
35.7,normal,4.285528984598337,-3.13,0.16077847321822863,1.2887435404942404,1.204453054090609,146.57283351804605,80.04329317990086,1.2,0.0005361469976544511
35.75,normal,4.302528984598338,-3.13,0.16077851925921535,1.2965410668311625,1.2044526103791207,146.57283359821426,80.12830685233726,1.2,0.0005390507802041691
35.800000000000004,normal,4.31952898459834,-3.13,0.1607783833005176,1.3044600011536183,1.2044521383381346,146.57283368141097,80.21331538205018,1.2,0.000542108683563936
35.85,normal,4.319999999999999,-3.1134710154016596,1.831940698998185,1.3124988983750197,1.2024807681366245,148.14101390839033,80.31794541899148,1.2,2.2520075635950136
35.9,normal,4.319999999999999,-3.0964710154016637,1.814645435559718,1.3270598021240982,1.1985873860824217,149.70934656978582,80.44574289915457,1.2,2.2563134642664173
35.95,normal,4.319999999999999,-3.0794710154016607,1.7918425654064472,1.3480660076539916,1.1887615846985742,151.27995181660938,80.59897173407876,1.2,2.2856530114982334
36.0,normal,4.319999999999999,-3.062471015401661,1.7635875513173418,1.3653787005137783,1.1755428362850666,152.86163186753024,80.7793378642892,1.2,2.3446137693455382
36.050000000000004,normal,4.319999999999999,-3.0454710154016618,1.7300102120187002,1.3856211752989545,1.1556818355611187,154.44777292938497,80.98154276881841,1.2,2.4127065603354936
36.1,normal,4.319999999999999,-3.0284710154016623,1.692709478641552,1.4123320731044262,1.1337424830047358,155.8788263172479,81.19373341769985,1.2,2.343132258707655
36.15,normal,4.319999999999999,-3.0114710154016633,1.6546860875029328,1.442609048616911,1.115434610424177,157.2610132901458,81.41399969570266,1.2,2.303579794299535
36.2,normal,4.319999999999999,-2.99447101540166,1.6170248424159517,1.4754938900535413,1.1043938810682081,158.63732893819017,81.6405673263471,1.2,2.259060487504467
36.25,normal,4.319999999999999,-2.97747101540166,1.5805766509030001,1.5108826086106535,1.1001612798413796,159.8844648864578,81.8730509707868,1.2,2.133551739520476
36.300000000000004,normal,4.319999999999999,-2.960471015401661,1.5454017462658345,1.5485971020644054,1.1023740627655667,160.90915352408607,82.1105509707868,1.2,1.9280339618630205
36.35,normal,4.319999999999999,-2.9434710154016615,1.5114142655464349,1.5882151231499888,1.1003274152672728,161.75240383434408,82.3480509707868,1.2,1.7279619882038297
36.4,normal,4.319999999999999,-2.9264710154016615,1.4778263857703153,1.6293297117185794,1.0945787956202953,162.52593244922545,82.5855509707868,1.2,1.642627118507272
36.45,normal,4.319999999999999,-2.9094710154016585,1.4446639347301176,1.671672180280932,1.0827971859500618,163.25009625358436,82.8230509707868,1.2,1.5782123828384742
36.5,normal,4.319999999999999,-2.892471015401663,1.4119722237593924,1.7150330016753812,1.0711617886597744,163.92999524876163,83.06055097078679,1.2,1.5125111456849236
36.550000000000004,normal,4.319999999999999,-2.87547101540166,1.379802927246954,1.759247191086164,1.0597373951862439,164.5651923720408,83.29805097078679,1.2,1.4231889332512417
36.6,normal,4.319999999999999,-2.8584710154016606,1.348218308069796,1.804182894267403,1.0486717385618392,165.1881353712507,83.53555097078679,1.2,1.3733110373989068
36.65,normal,4.319999999999999,-2.841471015401661,1.3173214728474196,1.8496109413439477,1.0381125873488763,165.82180910527234,83.77217031040442,1.2,1.3676238427923586
36.7,normal,4.319999999999999,-2.8244710154016617,1.2871017972654577,1.8952527211483485,1.0281319065815917,166.5152290170783,84.00680512958493,1.2,1.4122865543033511
36.75,normal,4.319999999999999,-2.807471015401662,1.2575029175504782,1.9408697732185154,1.0187445191850575,167.35526168799095,84.23777943150358,1.2,1.5601971440966587
36.800000000000004,normal,4.319999999999999,-2.790471015401659,1.2286023224236942,1.9862628835354912,1.0099325746948506,168.3475104826477,84.46254993948365,1.2,1.795512552560772
36.85,normal,4.319999999999999,-2.7734710154016593,1.200571646219721,2.0312774329912893,1.0016590471296911,169.43057784724604,84.67909255775875,1.2,1.9431796193892077
36.9,normal,4.319999999999999,-2.75647101540166,1.173434232587961,2.0758148558194076,0.9941001063129753,170.5746544029237,84.88620332258672,1.2,2.0149218542235325
36.95,normal,4.319999999999999,-2.7394710154016604,1.147188686305218,2.119628483761324,0.9874889993517723,171.71509028601062,85.08366778834906,1.2,2.007839735806411
37.0,normal,4.319999999999999,-2.722471015401661,1.1217888383988857,2.16247842572733,0.9820731652221025,172.79093328953354,85.27221109005168,1.2,1.938426361602314
37.050000000000004,normal,4.319999999999999,-2.705471015401658,1.0971748046540832,2.2041678136864666,0.9781077061012315,173.71444389470213,85.45335104006028,1.2,1.7761486191470148
37.1,normal,4.319999999999999,-2.688471015401662,1.0732223528178637,2.2445386752016327,0.9758472716218628,174.49196112891156,85.62908451085653,1.2,1.5892892950817785
37.15,normal,4.319999999999999,-2.671471015401663,1.0497923044988569,2.283465701167514,0.9755395570181186,175.1946469141893,85.8014373476974,1.2,1.4685875724130073
37.2,normal,4.319999999999999,-2.6544710154016595,1.0268126923130974,2.3208469027109153,0.9774215988777111,175.87102274933204,85.9720192460951,1.2,1.416113536057773
37.25,normal,4.319999999999999,-2.63747101540166,1.004259013066968,2.3516656813061374,0.9817180825740778,176.5427123189498,86.14177983896515,1.2,1.3953000546776322
37.300000000000004,normal,4.319999999999999,-2.6204710154016606,0.9821267555717785,2.3669688178016397,0.9886402198554236,177.21630262547822,86.31057833624014,1.2,1.4045133064410358
37.35,normal,4.32,-2.603471015401661,0.9604448037701292,2.3821876938202546,0.9983845462977954,177.89669089367612,86.47792376419788,1.2,1.4403193751655892
37.4,normal,4.3199999999999985,-2.5864710154016617,0.9392030295430726,2.397209808604548,1.0111328951944103,178.57963333341218,86.64347550307507,1.2,1.4642045556441121
37.45,normal,4.319999999999999,-2.5694710154016587,0.9183854882417382,2.411744432048412,1.0270542232386233,179.2644487721994,86.80736526715057,1.2,1.4761917069455526
37.5,normal,4.319999999999999,-2.552471015401659,0.8979952562941655,2.425599223227886,1.046306512841577,179.9513281983038,86.97009856891825,1.2,1.4819684964316464
37.550000000000004,normal,4.319999999999999,-2.5354710154016598,0.8780636228883948,2.4386835649030143,1.0690351465784307,180.6293189136527,87.13234463880241,1.2,1.4664779144607674
37.6,normal,4.319999999999999,-2.5184710154016603,0.8586598369837481,2.4509809653663828,1.0953638986281682,181.28685335861027,87.29465997231186,1.2,1.4241016988938997
37.65,normal,4.319999999999999,-2.501471015401661,0.8398815288105592,2.4625017769288053,1.1253768534258106,181.92043527409055,87.45736476026362,1.2,1.3673585797743057
37.7,normal,4.319999999999999,-2.4844710154016614,0.8218298955501474,2.47323794881754,1.1584906680578058,182.50785622308308,87.62086164457901,1.2,1.2758237405608117
37.75,normal,4.3199999999999985,-2.467471015401662,0.8044689782622327,2.4831368882410354,1.1637852275136864,183.0376425599103,87.78603560253313,1.2,1.1297613446562722
37.800000000000004,normal,4.319999999999999,-2.4504710154016585,0.7871557155109894,2.4920965168978455,1.1676893582966188,183.46571041973016,87.95303003122736,1.2,1.1492378780594255
37.85,normal,4.32,-2.4334710154016594,0.7694768738462504,2.4999722543729455,1.1712712479451497,183.89077653587762,88.12188370701095,1.2,1.2096166727591489
37.9,normal,4.319999999999999,-2.416471015401662,0.7511748700583494,2.4904205764426672,1.174253936776484,184.33334989949532,88.29265493562482,1.2,1.2555957311640646
37.95,normal,4.319999999999999,-2.3994710154016623,0.7321042750502228,2.4484944376002282,1.1767312890430859,184.74950998085063,88.4649903038321,1.2,1.2336323193090533
38.0,normal,4.319999999999999,-2.382471015401663,0.7123018184799861,2.405604934129266,1.1788534542634068,185.13466225097983,88.63860413109694,1.2,1.198387383947433
38.050000000000004,normal,4.319999999999999,-2.36547101540166,0.6918432820156918,2.3619695449563354,1.1806973931922735,185.48135273089707,88.81352524524722,1.2,1.1373517076470046
38.1,normal,4.319999999999999,-2.348471015401664,0.6708058355594272,2.3178370825010743,1.1823812260309179,185.79353228034117,88.99011990432336,1.2,1.0780942546180767
38.15,normal,4.319999999999999,-2.3314710154016645,0.6492651257776477,2.2734487741298626,1.1840744174827291,186.07596283473913,89.16899451208705,1.2,1.0237718379613479
38.2,normal,4.319999999999999,-2.3144710154016614,0.6272999390842402,2.229036308543563,1.18596596294888,186.3331067713294,89.35056730900223,1.2,0.9750430726630862
38.25,normal,4.319999999999999,-2.297471015401662,0.6049903386422282,2.184820292745533,1.1882345901904228,186.5691694480985,89.53487863976727,1.2,0.9327538460399957
38.300000000000004,normal,4.319999999999999,-2.2804710154016625,0.5824156154761353,2.1410088892327748,1.1910243102684925,186.78810203726215,89.72171753715566,1.2,0.8976244735179915
38.35,normal,4.319999999999999,-2.263471015401663,0.5596527000137056,2.097796639433197,1.1944094123697928,186.99307745696044,89.91073493685718,1.2,0.8686535845870177
38.400000000000006,normal,4.319999999999999,-2.24647101540166,0.5367748408740439,2.055363478665279,1.1982661150625018,187.18238251767585,90.10143074679654,1.2,0.8295852206242547
38.45,normal,4.319999999999999,-2.2294710154016606,0.5138648906741226,2.013850019531813,1.2024098256404419,187.3607229005482,90.29325719286666,1.2,0.8027075158570286
38.5,normal,4.319999999999999,-2.212471015401661,0.4910102903088786,1.9733647268888104,1.2066290341554815,187.5331811622327,90.4856696918595,1.2,0.7900866763461216
38.550000000000004,normal,4.319999999999999,-2.1954710154016617,0.4683025090944156,1.9339852343130517,1.2107223637171662,187.70430227658258,90.67816728490425,1.2,0.7892740213163275
38.6,normal,4.319999999999999,-2.178471015401662,0.4458358365463785,1.8957627691418681,1.2096529685835289,187.87601357796208,90.87032140737922,1.2,0.7925286770946819
38.650000000000006,normal,4.319999999999999,-2.161471015401659,0.42371037205503487,1.8587301327020656,1.2061105670139698,188.0448753130615,91.06178886635942,1.2,0.7846158061446584
38.7,normal,4.319999999999999,-2.1444710154016633,0.4020486088823875,1.8229122412430347,1.204418990275456,188.21091568970044,91.25230660491623,1.2,0.7725281934935977
38.75,normal,4.319999999999999,-2.127471015401664,0.3809827327594582,1.788337166777896,1.2045918049943218,188.37365724969249,91.44167090361478,1.2,0.7564050351019296
38.800000000000004,normal,4.319999999999999,-2.110471015401661,0.3606905030718049,1.7550450503694743,1.2064832004572787,188.53163809665307,91.62957725240832,1.2,0.7380657181622992
38.85,normal,4.319999999999999,-2.0934710154016614,0.34327316181509493,1.7230926620553144,1.2098243791018852,188.68633747437315,91.81551708305561,1.2,0.7251715241768321
38.900000000000006,normal,4.319999999999999,-2.076471015401662,0.3332140885827286,1.6925527080152527,1.214273223660335,188.84357484211782,91.99898270489622,1.2,0.723670007107146
38.95,normal,4.319999999999999,-2.0594710154016624,0.32400115566367227,1.663508630017561,1.2084472187559638,189.00791981660225,92.17949488499671,1.2,0.728336355162307
39.0,normal,4.319999999999999,-2.042471015401663,0.3153899815209553,1.6360467962161436,1.2036542540868689,189.1809316969605,92.35664120530043,1.2,0.7323131131978277
39.050000000000004,normal,4.319999999999999,-2.02547101540166,0.30745753138117643,1.6102482072174347,1.2010743523265455,189.35494771653822,92.5300860449344,1.2,0.722044590693957
39.1,normal,4.319999999999999,-2.0084710154016605,0.3002740240979024,1.5861813450318691,1.200693751736125,189.52430006613457,92.69960576604294,1.2,0.7012467787666253
39.150000000000006,normal,4.319999999999999,-1.991471015401661,0.29386928555808156,1.5638970156359688,1.2023691187071055,189.68469887447003,92.86510822289898,1.2,0.6745962125275051
39.2,normal,4.319999999999999,-1.9744710154016616,0.28822702174803794,1.5434253815171144,1.205851408529266,189.83357685523242,93.02667399500376,1.2,0.6463775736605518
39.25,normal,4.319999999999999,-1.9574710154016621,0.2832849480658558,1.5247749329685134,1.2108135695784108,189.96237447690302,93.18485877674941,1.2,0.5866018428360731
39.300000000000004,normal,4.319999999999999,-1.9404710154016627,0.278978560014815,1.5079329457161301,1.2010808152495145,190.0754784537447,93.34020310377227,1.2,0.5329084565814322
39.35,normal,4.319999999999999,-1.9234710154016632,0.2753003837512229,1.4928669409398374,1.1871931580854556,190.18781934505898,93.49267618331103,1.2,0.5653879291314342
39.400000000000006,normal,4.319999999999999,-1.9064710154016602,0.2723107865144162,1.4795090559150155,1.1768191545978435,190.31522450207632,93.64235920918607,1.2,0.64627752519113
39.45,normal,4.319999999999999,-1.8894710154016607,0.2701314261069593,1.4677828781391664,1.170717445682541,190.46227798238516,93.78940545611854,1.2,0.7084360864270213
39.5,normal,4.319999999999999,-1.8724710154016613,0.26895801390413954,1.457606599822547,1.1691258530735038,190.62042788598947,93.9339753587776,1.2,0.7349315118144876
39.550000000000004,normal,4.319999999999999,-1.8554710154016618,0.2689354531764224,1.4488938602454966,1.1717316029481164,190.77422172078207,94.07617091271011,1.2,0.7218486384529089
39.6,normal,4.319999999999999,-1.8384710154016624,0.26995675635479816,1.4415545694042997,1.177760844265065,190.91133982821847,94.21600492745667,1.2,0.6758087294549954
39.650000000000006,normal,4.319999999999999,-1.8214710154016593,0.2716680613321681,1.4354957085933877,1.186152415886163,191.02875433245555,94.35341575132995,1.2,0.6113596458456246
39.7,normal,4.319999999999999,-1.8044710154016634,0.2736599330673439,1.4306221039835163,1.195751335474744,191.13173473321643,94.48830871095149,1.2,0.5574252271176872
39.75,normal,4.319999999999999,-1.787471015401664,0.27559159168871605,1.426837169673472,1.2051819715953445,191.22881327574146,94.62045995419277,1.2,0.5552659373284878
39.800000000000004,normal,4.319999999999999,-1.770471015401661,0.2772219028137039,1.423492727335834,1.1857225694002933,191.35841184330914,94.74939895907787,1.2,0.6656934390256464
39.85,normal,4.319999999999999,-1.7534710154016615,0.27833869616494633,1.419586186978628,1.169087959121493,191.55689388137006,94.87489579415384,1.2,0.8295440081869346
39.900000000000006,normal,4.319999999999999,-1.736471015401662,0.2787717272360113,1.4140849173341294,1.1592018171232812,191.83142392299547,94.99718483256612,1.2,0.9557275767666364
39.95,normal,4.319999999999999,-1.7194710154016626,0.27840996694318854,1.406109564148133,1.156801563525254,192.14340716610735,95.11709693662945,1.2,1.0041999531413541
40.0,normal,4.319999999999999,-1.7024710154016631,0.27719709874999754,1.395157317605771,1.1615139972360229,192.4289001438633,95.23562025999584,1.2,0.9678961012202849
40.050000000000004,normal,4.319999999999999,-1.68547101540166,0.27516297736383677,1.38125324945091,1.1719780691768265,192.6392104196799,95.3534119531803,1.2,0.8585750107169592
40.1,normal,4.319999999999999,-1.6684710154016607,0.272439273348276,1.3649299570952425,1.1862375249508876,192.77360193310403,95.47061844220691,1.2,0.7148712382300539
40.150000000000006,normal,4.319999999999999,-1.6514710154016612,0.2692149468855286,1.3470480111356409,1.1864887314746366,192.86822214141324,95.5870299238982,1.2,0.575118630549509
40.2,normal,4.319999999999999,-1.6344710154016617,0.2656751590827076,1.3285669203903299,1.1804391645551453,192.96306229206778,95.70233721356139,1.2,0.5076336097799263
40.25,normal,4.319999999999999,-1.6174710154016623,0.26198041659269633,1.3103678627625346,1.1772254233015316,193.07983522098493,95.81638858410037,1.2,0.6396131883458702
40.300000000000004,normal,4.319999999999999,-1.6004710154016628,0.2582582475179379,1.2931612431399182,1.1770289196156374,193.217358182156,95.9293706588718,1.2,0.7260138430916522
40.35,normal,4.319999999999999,-1.5834710154016634,0.2545849197652058,1.2774670601416367,1.1767583470942002,193.35420350409586,96.04159209656228,1.2,0.7302319561218671
40.400000000000006,normal,4.319999999999999,-1.5664710154016603,0.2509744065239275,1.263629134639045,1.1788631666472813,193.4726253888845,96.15344995216553,1.2,0.6759868690814348
40.45,normal,4.319999999999999,-1.5494710154016609,0.2474516803814474,1.2517974988817455,1.1828463475335522,193.56311825558282,96.26533351074056,1.2,0.5782501999088704
40.5,normal,4.319999999999999,-1.5324710154016614,0.24405436357636417,1.2419243969062135,1.1880792472736497,193.63264384386576,96.37747718210865,1.2,0.4802585710964319
40.550000000000004,normal,4.3199999999999985,-1.515471015401662,0.24077367349745832,1.2339700044281736,1.1938976161360788,193.69170285477085,96.48995587061452,1.2,0.41134949619754824
40.6,normal,4.319999999999999,-1.4984710154016625,0.23754964659241345,1.2279017132309777,1.1996855749414541,193.7489816229421,96.60271185757783,1.2,0.42353305028673705
40.650000000000006,normal,4.319999999999999,-1.4814710154016595,0.23428310239878963,1.2236892376928141,1.2008007003465073,193.8083838626973,96.71558774245739,1.2,0.454743440227415
40.7,normal,4.319999999999999,-1.46447101540166,0.2308635034922224,1.2212956025198705,1.2005053043150988,193.8691523954859,96.82835376812575,1.2,0.47155917542473313
40.75,normal,4.319999999999999,-1.4474710154016643,0.22720000226365053,1.2206657650479058,1.2002502877374988,193.9280036605918,96.94073132838085,1.2,0.4691594210614241
40.800000000000004,normal,4.319999999999999,-1.430471015401661,0.2232419534117545,1.2217159841814589,1.2000349968440587,193.98006745157267,97.05242482983962,1.2,0.4429874217411049
40.85,normal,4.319999999999999,-1.4134710154016616,0.21899723457570092,1.224238738756763,1.1998445087587704,194.02486533152398,97.16303533854838,1.2,0.4048734045542549
40.900000000000006,normal,4.324714256956137,-1.3974332817954664,0.5999376310478173,1.2279420961447558,1.1992179398985752,194.60234953795637,97.28201610212378,1.2,1.3284330405162934
40.95,normal,4.331376695302381,-1.3817932077776593,0.5820632190956895,1.2325437294861121,1.198114238971769,195.09243017635345,97.4098924431942,1.2,1.2066565442803978
41.0,normal,4.338039133648625,-1.3661531337598523,0.5613359282582475,1.210332831090543,1.1965377260615904,195.49713703317514,97.54704496898286,1.2,1.095920974051777
41.050000000000004,normal,4.34470157199487,-1.350513059742042,0.5381229222303993,1.1781862326151877,1.1945370080260371,195.8242252897038,97.6933728747524,1.2,1.000390065590985
41.1,normal,4.351364010341113,-1.334872985724235,0.5128015304366107,1.1446548868368398,1.1922017353045378,196.08482903446065,97.84820515635073,1.2,0.9067779727643821
41.150000000000006,normal,4.358026448687357,-1.3192329117064279,0.48575430810415854,1.1098061242191235,1.1889731733341684,196.29057199229757,98.00970273112233,1.2,0.8126705755068067
41.2,normal,4.364688887033601,-1.3035928376886208,0.45753933525952073,1.07369994019702,1.183748961877521,196.4540024297036,98.17516635239163,1.2,0.7206799927691508
41.25,normal,4.371351325379845,-1.2879527636708137,0.4288728600582587,1.0364426069330124,1.1779436538476267,196.58930145070778,98.34281621016962,1.2,0.6374821075212175
41.300000000000004,normal,4.378013763726089,-1.2723126896530068,0.4003028507246099,0.9982618928480733,1.172788353708812,196.70519062250864,98.51100054602118,1.2,0.5656582424178463
41.35,normal,4.384676202072332,-1.2566726156351997,0.3723767552591083,0.9594918741620015,1.168327370415004,196.80625004523603,98.67920752928391,1.2,0.505715142307053
41.400000000000006,normal,4.391338640418577,-1.2410325416173895,0.3454576301641012,0.9205443199590602,1.1645630740523694,196.89566069528698,98.84693975777688,1.2,0.4585798314550499
41.45,normal,4.39800107876482,-1.2253924675995822,0.31997296814539,0.8818720163721274,1.1614818913367477,197.35886885052963,99.01066107646372,1.2,0.9206885372033892
41.5,normal,4.404663517111064,-1.209752393581775,0.296254895225018,0.8489723531303741,1.1590839158561743,197.79211167582682,99.17129848286797,1.2,0.8492120672442681
41.550000000000004,normal,4.411325955457308,-1.1941123195639682,0.27415039438070005,0.8219295664629214,1.157736370230642,198.19105665885715,99.32972560446672,1.2,0.8220214962335884
41.6,normal,4.417988393803552,-1.1784722455461611,0.2536181661435628,0.8007264894627901,1.1577305918070515,198.5515429083582,99.487072562821,1.2,0.8206116590365486
41.650000000000006,normal,4.424650832149797,-1.1628321715283507,0.23468869330865605,0.7852745357453919,1.1592532249604612,198.8583298088005,99.64417575635935,1.2,0.8221474945257332
41.7,normal,4.43131327049604,-1.1471920975105436,0.2175541470883841,0.775419341045269,1.1623800108526716,199.1200583673454,99.80173371941794,1.2,0.8215539622287265
41.75,normal,4.437975708842282,-1.13155202349274,0.20286841871885358,0.7709320117739134,1.1670819930933332,199.35456448684116,99.96035389128362,1.2,0.8179380007512318
41.800000000000004,normal,4.4446381471885275,-1.1159119494749297,0.1940113449052349,0.7715126545037114,1.1526292438733194,199.58708145272942,100.12060854479088,1.2,0.8225549857942571
41.85,normal,4.451300585534772,-1.1002718754571226,0.19067333446171167,0.7767992416826321,1.1412048867243152,199.84025506082207,100.28305066171379,1.2,0.8407967084781667
41.900000000000006,normal,4.457963023881015,-1.0846318014393155,0.1897354309497413,0.7863886477490598,1.134542089959117,200.123384146602,100.44770502328394,1.2,0.8922289313620748
41.95,normal,4.464625462227259,-1.0689917274215084,0.19060625032555195,0.7998718644396101,1.1331136607378174,200.4225458201137,100.61435782112329,1.2,0.9421628824745237
42.0,normal,4.471287900573502,-1.0533516534037015,0.1935728445477291,0.8168765988855258,1.1366477549499197,200.7080172653676,100.78259796076523,1.2,0.9516261086508505
42.050000000000004,normal,4.477950338919747,-1.037711579385891,0.19971383527109965,0.8370921587666145,1.1442422320725183,200.95627257479464,100.95176790659585,1.2,0.9173777670263368
42.1,normal,4.4846127772659905,-1.022071505368084,0.21077574036225943,0.8602656720197093,1.1546299311299935,201.16064559396185,101.12087809379899,1.2,0.8516759006727022
42.150000000000006,normal,4.4912752156122355,-1.0064314313502771,0.22943997423248258,0.8861758296063527,1.166472063585581,201.3338451595878,101.28875342581497,1.2,0.7739825213035991
42.2,normal,4.497937653958478,-0.9907913573324698,0.25178898534095173,0.9146002906948281,1.178483273915284,201.49389624158079,101.45425288133502,1.2,0.6929438307148731
42.25,normal,4.504600092304722,-0.9751512833146628,0.27498711349501026,0.945275850626919,1.1939681989616375,201.82630922087722,101.6096956024467,1.2,1.0061275424041163
42.300000000000004,normal,4.511262530650967,-0.9595112092968524,0.29695284378357295,0.9728342107794135,1.1911761245316757,202.24831587351076,101.75264873657733,1.2,1.2043371153671425
42.35,normal,4.517924968997209,-0.9438711352790488,0.3170717475308961,0.9963339292252891,1.1696499054360376,202.84746107244655,101.88063487194015,1.2,1.4415175016222517
42.400000000000006,normal,4.524587407343455,-0.9282310612612386,0.33478732245009296,1.014457092227831,1.1596947719728299,203.62484822203234,101.99913574492058,1.2,1.6288202229626094
42.45,normal,4.531249845689699,-0.9125909872434314,0.34970351683879175,1.0261264188391306,1.1611749141858885,204.42704449944407,102.1116092343624,1.2,1.667940549797395
42.5,normal,4.537912284035942,-0.8969509132256243,0.36173664098219876,1.0312156928759353,1.1730196870507361,205.1575303077274,102.21978353016837,1.2,1.589934729814328
42.550000000000004,normal,4.544574722382186,-0.8813108392078173,0.37097436525682786,1.0297599945547906,1.1896975728820804,205.70550072553362,102.3257300236458,1.2,1.3953518304378534
42.6,normal,4.55123716072843,-0.8656707651900102,0.3776848156886981,1.0228362332475098,1.1875140517785137,206.09980452493804,102.43002413055561,1.2,1.1927594836021584
42.650000000000006,normal,4.557899599074674,-0.8500306911722,0.38213322276797196,1.0118241096203524,1.1868481848558812,206.40343784233852,102.53225082534551,1.2,1.055274198622426
42.7,normal,4.564562037420918,-0.8343906171543928,0.3845330280355271,0.9980694345158652,1.1877561523059683,206.66002390604416,102.63216384693739,1.2,0.9674758819917827
42.75,normal,4.571224475767162,-0.8187505431365857,0.3850662288980627,0.9827069253200194,1.1901912866696494,206.87963224063162,102.73036585755563,1.2,0.8749773054237865
42.800000000000004,normal,4.577886914113406,-0.8031104691187787,0.3838941787484435,0.966173036000286,1.1940153188275773,207.07072768012569,102.82717837181215,1.2,0.8076915104876861
42.85,normal,4.58454935245965,-0.7874703951009717,0.3812124660982999,0.9487818114828641,1.1808214766612237,207.25153673000938,102.9227504280783,1.2,0.8166517843072153
42.900000000000006,normal,4.591211790805894,-0.7718303210831613,0.37722823447773157,0.9308787443868192,1.1669706520542964,207.44319778990615,103.01727672642055,1.2,0.869108232788278
42.95,normal,4.597874229152136,-0.7561902470653575,0.37214183770076054,0.9128231966856752,1.1612187748451201,207.98577167642304,103.11050553362762,1.2,1.2482197384660227
43.0,normal,4.6045366674983805,-0.7405501730475506,0.36702850403498666,0.899247888919483,1.1634449360952979,208.51093846058913,103.2056267397445,1.2,1.2025432755711156
43.050000000000004,normal,4.611199105844625,-0.7249100990297401,0.36193207433083036,0.8902273859956777,1.173057315598883,209.01448559418938,103.30566575920338,1.2,1.1427460648262326
43.1,normal,4.61786154419087,-0.7092700250119331,0.35693939183933854,0.8860322585359557,1.1888632857532357,209.46721892291583,103.4127710661837,1.2,1.0654553935252737
43.150000000000006,normal,4.624523982537113,-0.693629950994126,0.35213751541776894,0.8869032593243369,1.197737466256614,209.79532075526632,103.52756634789125,1.2,0.938695469927338
43.2,normal,4.631186420883356,-0.6779898769763191,0.3474863360080446,0.8925296767019244,1.1950363475200112,210.0093817262273,103.64956604988794,1.2,0.7949228212247303
43.25,normal,4.6378488592296,-0.662349802958512,0.34290495596726756,0.9023377376384638,1.155536048547874,210.10879415712574,103.77494624551304,1.2,0.5695913718182167
43.300000000000004,normal,4.644511297575845,-0.6467097289407017,0.3384227102508447,0.9149169234587626,1.1169293036466155,210.32283263329842,103.89976871656347,1.2,0.8385377397733793
43.35,normal,4.651173735922088,-0.6310696549228979,0.3340421719299199,0.9283572342393307,1.0917074101122741,211.0905163087927,104.02329043114466,1.2,1.389607155546583
43.400000000000006,normal,4.657836174268333,-0.6154295809050875,0.32930211308775814,0.9381883216531108,1.0795596181646705,211.81578230970808,104.14798342431192,1.2,1.3353237621226453
43.45,normal,4.664498612614576,-0.5997895068872805,0.32415390015828394,0.9440688940854982,1.0801526207472931,212.50068238221667,104.27423955529423,1.2,1.278412359913268
43.5,normal,4.67116105096082,-0.5841494328694734,0.31861619831787497,0.9457171264588451,1.0931351047056888,213.14847976855728,104.40249045608921,1.2,1.220900573346094
43.550000000000004,normal,4.677823489307063,-0.5685093588516664,0.31276854113090025,0.9429152585504732,1.1181404671173831,213.76257061809542,104.53428735129262,1.2,1.1654066637451888
43.6,normal,4.6844859276533075,-0.5528692848338593,0.30673469402606535,0.9354969294679312,1.154329578715063,214.29702161005497,104.67258093606202,1.2,1.0681747255820828
43.650000000000006,normal,4.6911483659995525,-0.537229210816049,0.3007348789839545,0.9234837166130532,1.194646159678233,214.40575187240023,104.81394641574319,1.2,0.5674939132199864
43.7,normal,4.697810804345796,-0.5215891367982419,0.29503559297199683,0.9089382116085423,1.1771630591409477,214.76097532175476,104.95111685484626,1.2,0.8793831439293462
43.75,normal,4.704473242692039,-0.5059490627804348,0.2909501119177742,0.8985268092379521,1.1688755414325438,215.26084883334863,105.08557547324703,1.2,1.075345347514597
43.800000000000004,normal,4.711135681038283,-0.4903089887626278,0.2883654360887694,0.8925683485030749,1.1696865380086865,215.7890545107469,105.21934719747995,1.2,1.101635504913664
43.85,normal,4.717798119384527,-0.4746689147448207,0.2871119128409588,0.8910246290960611,1.178982879735581,216.29462845256296,105.354076109327,1.2,1.0274806108231054
43.900000000000006,normal,4.724460557730772,-0.45902884072701045,0.2871275332185893,0.8940421424337908,1.1950776507307757,216.69520947170693,105.49015999329163,1.2,0.9069523492523327
43.95,normal,4.731122996077014,-0.4433887667092066,0.2882188869484462,0.9014439203174589,1.2112655499893443,216.9787177728041,105.62731612047993,1.2,0.7731997876860472
44.0,normal,4.737785434423258,-0.42774869269139965,0.29011179356608663,0.9128480215093586,1.2117926589855066,217.17013333317507,105.76514526444753,1.2,0.7261128334791167
44.050000000000004,normal,4.744447872769503,-0.4121086186735892,0.29255203135431096,0.927803522248835,1.2035289635092326,217.34572560458548,105.89738433646684,1.2,0.6888646711432215
44.1,normal,4.751110311115747,-0.39646854465578224,0.29420103157319993,0.9403803440712899,1.188335054939837,217.56733201996786,106.02383506337247,1.2,0.6985607882464157
44.150000000000006,normal,4.75777274946199,-0.38082847063797515,0.2949511182059587,0.9498415828920947,1.1783863805732013,217.8213155263698,106.14475706015942,1.2,0.6768149547690288
44.2,normal,4.7644351878082345,-0.365188396620168,0.29476927423996424,0.955659761636847,1.1745586574959952,218.0961898834849,106.26099316924231,1.2,0.7347146322783455
44.25,normal,4.771097626154478,-0.3495483226023611,0.29365782926098044,0.9575233939419356,1.1770292595355727,218.36702767682624,106.37348144547639,1.2,0.771856549034106
44.300000000000004,normal,4.777760064500723,-0.33390824858455065,0.2916474253498166,0.9554225882357856,1.1852256814967883,218.60435866739982,106.48326565606125,1.2,0.7635291014705505
44.35,normal,4.784422502846967,-0.31826817456674367,0.28877825855385614,0.9496581921983291,1.1979917948133185,218.79157360358755,106.59122390867354,1.2,0.720847549906284
44.400000000000006,normal,4.79108494119321,-0.3026281005489366,0.2850985641494307,0.9407703055722536,1.1972796689079164,218.93092683542147,106.6977566452081,1.2,0.6668160962602914
44.45,normal,4.797747379539454,-0.2869880265311296,0.2806680955381773,0.9294256417754638,1.1968900063264496,219.03606487731452,106.80280359580357,1.2,0.6166546935645567
44.5,normal,4.8044098178856975,-0.2713479525133225,0.2755601015141608,0.9163117901860389,1.1986615780775647,219.27526092656734,106.90491238696865,1.2,0.8168740204762706
44.550000000000004,normal,4.811072256231941,-0.2557078784955155,0.2710080705801369,0.907092174325524,1.2019896101180523,219.5352364392485,107.00566804108598,1.2,0.8377546094184197
44.6,normal,4.817734694578186,-0.24006780447770837,0.2670407949743875,0.9019444531531504,1.19958141888828,219.78314823833205,107.10655030797807,1.2,0.8117123208365223
44.650000000000006,normal,4.82439713292443,-0.22442773045989797,0.26367429154832955,0.9008044289706818,1.197830499261276,220.00627017108008,107.20849412759597,1.2,0.7602066930304349
44.7,normal,4.831059571270673,-0.20878765644209102,0.26094423768574704,0.9035616163459321,1.1969925539443156,220.18202610918172,107.31178218539003,1.2,0.6695495714296584
44.75,normal,4.837722009616918,-0.1931475824242839,0.2588606104110757,0.9098877928185818,1.197222866328447,220.2977653354937,107.41613430237679,1.2,0.5419038092905035
44.800000000000004,normal,4.844384447963161,-0.17750750840647692,0.25739727525394657,0.9192026372866207,1.1884989016503438,220.36206513488597,107.520932667446,1.2,0.40904967917502794
44.85,normal,4.851046886309405,-0.1618674343886698,0.2565072658943164,0.9307353167376036,1.1750956176886849,220.60397436921485,107.62028663234832,1.2,0.6982748089050564
44.900000000000006,normal,4.85770932465565,-0.14622736037085954,0.254976510230086,0.9385626240144127,1.1686769664747587,220.88712536976553,107.71451703650646,1.2,0.7688354415908811
44.95,normal,4.864371763001892,-0.13058728635305572,0.25280322459649157,0.942244518645853,1.169480097846986,221.17208164734407,107.80458203864941,1.2,0.7811384824350246
45.0,normal,4.871034201348136,-0.11494721233524859,0.24998144163117933,0.9417173100943532,1.1768492240825026,221.412228551696,107.89189956935219,1.2,0.7322229852752276
45.050000000000004,normal,4.877696639694381,-0.09930713831743834,0.24649620266981417,0.9373141362700654,1.1894212148264998,221.58283045887364,107.97774932331025,1.2,0.6371042455254029
45.1,normal,4.8843590780406245,-0.08366706429963121,0.24232431846345642,0.92967172190233,1.2051899040262979,221.67508187083877,108.06268039364788,1.2,0.5070897791995799
45.150000000000006,normal,4.891021516386869,-0.06802699028182424,0.23751807867870975,0.9197146172231425,1.2115132677099363,221.88412996044016,108.14624805378381,1.2,0.6711271338225007
45.2,normal,4.897683954733112,-0.052386916264017126,0.2333450756578767,0.9134446570140171,1.2079286812905488,222.13813322794522,108.22993625799599,1.2,0.731661344122408
45.25,normal,4.904346393079356,-0.03674684224621016,0.22982351063883164,0.9112572016289311,1.208337612666198,222.39594983685387,108.31502801637686,1.2,0.7316414266777413
45.300000000000004,normal,4.911008831425601,-0.021106768228399752,0.22695461574131817,0.9132499175407172,1.209294774697831,222.61678540039276,108.4022420491066,1.2,0.6708328926688908
45.35,normal,4.917671269771844,-0.005466694210592785,0.22471990014309678,0.9192412020833394,1.2012771072153148,222.77570752667975,108.49183707345534,1.2,0.5708985946309262
45.400000000000006,column,4.931057969196675,0.0,1.8830689849494298,0.928785643876727,1.189682523802711,224.03460708147034,108.59673330010986,1.2,2.00880840272623
45.45,column,4.9480579691966735,0.0,1.8597289826106465,0.9269874026838618,1.179225734207659,225.2715368117746,108.72000231804444,1.2,1.9782324662834074
45.5,column,4.965057969196674,0.0,1.832274614015202,0.9036859686194672,1.1712957722171415,226.50492939579053,108.86414044018483,1.2,1.9801991333472357
45.550000000000004,column,4.982057969196673,0.0,1.8010126039169854,0.874833725002339,1.166896446901734,227.74581155079943,109.03021093446638,1.2,2.0021940435200536
45.6,column,4.999057969196673,0.0,1.7661294600191915,0.8406318271286397,1.1664867176417302,228.99491815557792,109.21587463413492,1.2,2.0188268371353657
45.650000000000006,column,5.016057969196675,0.0,1.7283783718936774,0.803876620088954,1.167812750548145,230.2512733598098,109.41352498175263,1.2,2.0244249782451997
45.7,column,5.033057969196674,0.0,1.6894799538018983,0.7674556348720996,1.1560247288038161,231.5165498976606,109.6153053897923,1.2,2.0258640023374155
45.75,column,5.050057969196674,0.0,1.6511972047381782,0.7313266135841119,1.1443383035191128,232.78233522702908,109.82132770544621,1.2,2.020821800284523
45.800000000000004,column,5.067057969196673,0.0,1.6136033863767156,0.6954445953224568,1.1337767041460654,234.03343257233675,110.03120782789091,1.2,2.0052865244476825
45.85,column,5.084057969196673,0.0,1.5766936698978775,0.6597964481264538,1.1244874296201044,235.2601096782874,110.24407058035192,1.2,1.9632545769198508
45.900000000000006,column,5.101057969196676,0.0,1.5403921636882196,0.6244158353790232,1.1165834139774413,236.46886546448795,110.45868372691523,1.2,1.8947014290702302
45.95,column,5.118057969196675,0.0,1.504588104332671,0.5893826228620562,1.1101243282278233,237.67264469350647,110.67389238457815,1.2,1.8620785708478174
46.0,column,5.135057969196672,0.0,1.4691958665615246,0.5548616360552889,1.1051398102578325,238.88488246969945,110.88874928446819,1.2,1.9207838064599971
46.050000000000004,column,5.152057969196675,0.0,1.434225832917329,0.5210876561068802,1.1016797626907213,240.06194464812484,111.10244523071205,1.2,1.920706986061719
46.1,column,5.1690579691966745,0.0,1.3998195953325034,0.4882851821264762,1.0997809467106867,241.18272833510875,111.31445022650942,1.2,1.9052308953814332
46.150000000000006,column,5.186057969196674,0.0,1.366192073963748,0.45668399023533346,1.0994518141851695,242.25810336690722,111.52451256227305,1.2,1.895676284153978
46.2,column,5.203057969196673,0.0,1.3335650007605435,0.4265207311578767,1.1006682555222866,243.30238355119243,111.73224384100753,1.2,1.879581559429638
46.25,column,5.220057969196673,0.0,1.3020797613240649,0.3980388530469037,1.1033776173112995,244.31695237623097,111.93689470020026,1.2,1.845051372187804
46.300000000000004,column,5.237057969196676,0.0,1.2716808372724455,0.37148679609199764,1.1075760260758165,245.30567522038794,112.1390429324596,1.2,1.807125719483532
46.35,column,5.254057969196675,0.0,1.2420988490279854,0.346922115348103,1.1132975009346375,246.26179427795358,112.33950120140362,1.2,1.7465339129236959
