time,mode,center_x,center_y,center_z,formation_error,min_obstacle_clearance,min_agent_distance,energy,path_length,max_height,avg_force_norm,min_pair_distance
0.0,column,-5.4,0.0,1.2,0.794399688893766,2.448321791298265,0.8037115436470766,1.8297747946611065,0.03192920950978327,1.2,2.5543367607826637,0.8037115436470766
0.05,column,-5.3790000000000004,0.0,1.2,0.7818599783314818,2.440952460573273,0.8112512198552672,3.6443565364542945,0.09520640168923385,1.2,2.5080064508932245,0.8112512198552672
0.1,column,-5.3580000000000005,0.0,1.2,0.7639558679078702,2.4262014912126677,0.8227956765170197,5.447756112092668,0.18912676435165637,1.2,2.4521503644349516,0.8227956765170197
0.15000000000000002,column,-5.337000000000001,0.0,1.2,0.7409588975049533,2.4040481419696462,0.8385848960807839,7.249152591968789,0.313442188036091,1.2,2.433424301053245,0.8385848960807839
0.2,column,-5.316,0.0,1.2,0.7136773255448887,2.3744694503737236,0.8589238689801285,9.04987653977326,0.4680191255843129,1.2,2.424065706795692,0.8589238689801285
0.25,column,-5.295000000000001,0.0,1.2,0.6844444537054463,2.3374678334741317,0.8854356419640214,10.850134660185141,0.652497242645268,1.2,2.414369980149732,0.8854356419640214
0.30000000000000004,column,-5.274000000000001,0.0,1.2,0.6550757549730497,2.293047024743914,0.9190508287831572,12.45011898705313,0.8633293776514502,1.2,2.3091409957441007,0.9190508287831572
0.35000000000000003,column,-5.253,0.0,1.2,0.6258325660314613,2.241212392538487,0.9591112047682178,13.941886879975119,1.080282851183023,1.2,2.381175444284099,0.9591112047682178
0.4,column,-5.232000000000001,0.0,1.2,0.5980485323150376,2.1893614461447672,1.0058985902703834,15.604284305585056,1.30447414014216,1.2,2.540619253784224,1.0058985902703834
0.45,column,-5.211,0.0,1.2,0.572195770240738,2.1375139555219134,1.0584503001914571,17.424560312723365,1.535419543790743,1.2,2.6528080192151453,1.0584503001914571
0.5,column,-5.19,0.0,1.2,0.5487816056343365,2.0856752447315356,1.1163316960330867,18.817819502982367,1.7737047269526318,1.2,2.1817933052634735,1.1163316960330867
0.55,column,-5.1690000000000005,0.0,1.2,0.5280388199229427,2.033850417683862,1.1781609781033684,20.072895263743682,2.01926406846331,1.2,2.0993942486313024,1.1781609781033684
0.6000000000000001,column,-5.148000000000001,0.0,1.2,0.5100930850466314,1.9820436948701972,1.2129401611739776,21.566056370460316,2.270496926603538,1.2,2.2654813828621174,1.2129401611739776
0.65,column,-5.127000000000001,0.0,1.2,0.49411872949683333,1.9302578069002096,1.1936695376669664,23.229442778995537,2.524400520075703,1.2,2.5191343403100914,1.1936695376669664
0.7000000000000001,column,-5.114245496083076,-0.01276266761574945,1.2,0.48350634419517025,1.8782721665138704,1.1877364389225311,25.029826739821686,2.775418528828676,1.2,2.647185593042015,1.1877364389225311
0.75,column,-5.105613740207689,-0.03190666903937388,1.2,0.4785068892119084,1.826117631488991,1.1946608423986396,26.4281832992231,3.0213379977903823,1.2,2.2636048741572043,1.1946608423986396
0.8,column,-5.096981984332304,-0.05105067046299835,1.2,0.48030594687780626,1.7737297420273068,1.2134484915835202,27.800448272193304,3.2624070136551397,1.2,2.235028348001819,1.2134484915835202
0.8500000000000001,column,-5.088350228456917,-0.07019467188662283,1.2,0.49130206296985685,1.7212359954599337,1.2424459650747663,29.367865663206622,3.4929668239840077,1.2,2.4602285691892205,1.2424459650747663
0.9,column,-5.079718472581532,-0.08933867331024725,1.2,0.5073260318589655,1.6746360203512136,1.283375557058357,30.90726776281148,3.7133829924630577,1.2,2.43214255199652,1.283375557058357
0.9500000000000001,column,-5.071086716706145,-0.10848267473387174,1.2,0.5269415223308697,1.633792784033734,1.2928740157903964,32.42052483454762,3.924039373916729,1.2,2.4049163940251894,1.2928740157903964
1.0,column,-5.062454960830758,-0.12762667615749615,1.2,0.5502036694947747,1.5985384749943985,1.2899512861488875,33.910468639475226,4.125337890943081,1.2,2.37956186261986,1.2899512861488875
1.05,column,-5.053823204955372,-0.14677067758112064,1.2,0.5765833786638104,1.5686776646349436,1.263879148832869,35.380678387537216,4.317708797012032,1.2,2.3568893981431396,1.263879148832869
1.1,column,-5.045191449079986,-0.1659146790047451,1.2,0.6057364419266669,1.5439904746454873,1.2327743609530462,36.79790557108665,4.502123850959634,1.2,2.2980088465236954,1.2327743609530462
1.1500000000000001,column,-5.0365596932046,-0.1850586804283696,1.2,0.6372874831978551,1.5237516370319875,1.198165967027253,37.71245910349914,4.680460541313561,1.2,1.7295950891926324,1.198165967027253
1.2000000000000002,column,-5.027927937329213,-0.204202681851994,1.2,0.6701617340888808,1.5065656765714635,1.1621152377305524,38.56661103492705,4.857061777033747,1.2,1.5629362212206186,1.1621152377305524
1.25,column,-5.019296181453829,-0.22334668327561846,1.2,0.7042762565573766,1.4904926346965013,1.127105845639536,39.44043952404685,5.037793234877191,1.2,1.5991995889184807,1.127105845639536
1.3,column,-5.01066442557844,-0.24249068469924295,1.2,0.7394838045192479,1.4728730579460567,1.0950185959120367,40.394463626548905,5.224865239935422,1.2,1.7430393592353473,1.0950185959120367
1.35,column,-5.002032669703055,-0.26163468612286744,1.2,0.7756413577398017,1.451999091986294,1.0657246492495416,41.45895328004913,5.4151453224914645,1.2,1.9426826791130183,1.0657246492495416
1.4000000000000001,column,-4.993400913827668,-0.2807786875464919,1.2,0.8116723031416339,1.428097954832762,1.0391819349720166,42.85284037469546,5.606078096793345,1.2,2.2210929662042194,1.0391819349720166
1.4500000000000002,column,-4.984769157952282,-0.29992268897011637,1.2,0.8464271905947358,1.4014000999625482,1.0153147933992932,44.24975332043905,5.798009922799555,1.2,2.2129372431144363,1.0153147933992932
1.5,column,-4.976137402076897,-0.31906669039374075,1.2,0.8795758193735406,1.3721373179935856,0.99399018578552,45.654852377792636,5.991591500130032,1.2,2.2113352051691137,0.99399018578552
1.55,column,-4.96750564620151,-0.33821069181736524,1.2,0.9108235586862102,1.3405417545269451,0.975043648217336,47.08245503971911,6.188170325223187,1.2,2.23440779766758,0.975043648217336
1.6,column,-4.9588738903261245,-0.35735469324098973,1.2,0.9398435000945853,1.3068451354101192,0.9579831107369082,48.2890400648008,6.389505856833378,1.2,2.0642148323527674,0.9579831107369082
1.6500000000000001,column,-4.950242134450738,-0.3764986946646142,1.2,0.9666053164989178,1.271278221328644,0.9425987586032403,49.502604306243384,6.597563106921349,1.2,2.0648352315012493,0.9425987586032403
1.7000000000000002,column,-4.941610378575351,-0.39564269608823865,1.2,0.9907688979938006,1.2340727769683855,0.9286907333250222,50.72533301696153,6.814124800659405,1.2,2.0633193195259074,0.9286907333250222
1.75,column,-4.932978622699965,-0.4147866975118631,1.2,1.0120700736518393,1.1954602504910254,0.9160742511859951,51.95030405017353,7.040430032596734,1.2,2.0542952417524676,0.9160742511859951
1.8,column,-4.924346866824579,-0.4339306989354875,1.2,1.0303353855004689,1.1556709559249083,0.9045845186963613,53.16854490385597,7.277040610057911,1.2,2.034565112316437,0.9045845186963613
1.85,column,-4.915715110949192,-0.453074700359112,1.2,1.0454853092345169,1.1149337781865163,0.8940818264982701,54.36382254512514,7.519785937788984,1.2,1.9954573487002107,0.8940818264982701
1.9000000000000001,column,-4.907083355073807,-0.4722187017827365,1.2,1.058351524655731,1.0734764431171566,0.8866875728417628,55.45316937016184,7.766273628123487,1.2,1.8381524014851087,0.8866875728417628
1.9500000000000002,column,-4.898451599198419,-0.491362703206361,1.2,1.0685589768476818,1.0315264172978165,0.8822157883424542,56.52829582708898,8.014506608163146,1.2,1.819185120509124,0.8822157883424542
2.0,column,-4.889819843323034,-0.5105067046299853,1.2,1.0764229123254347,0.9893126770817169,0.8804823791043791,57.590967629296316,8.26075427556146,1.2,1.8013179519391744,0.8804823791043791
2.0500000000000003,column,-4.881188087447647,-0.52965070605361,1.2,1.0826047526617937,0.9470667790816056,0.8763662547373824,59.04728948631207,8.501376868755543,1.2,2.233895833018847,0.8763662547373824
2.1,column,-4.8725563315722615,-0.5487947074772342,1.2,1.0858928464118809,0.9102336906619353,0.8704327142397263,60.46631965992725,8.737564086942038,1.2,2.1972608810846355,0.8704327142397263
2.15,column,-4.863924575696876,-0.5679387089008586,1.2,1.0863243175971522,0.8789487185160394,0.868328395511836,62.246173111088424,8.965870764474904,1.2,2.551435153648019,0.868328395511836
2.2,column,-4.855292819821488,-0.5870827103244832,1.2,1.0829813757069366,0.8533737433179547,0.8710703521903373,64.11249189681386,9.184271546856628,1.2,2.696630352621271,0.8710703521903373
2.25,column,-4.846661063946103,-0.6062267117481076,1.2,1.0767313225966455,0.8336442357117189,0.8797608114336574,65.91984529628036,9.394895900665302,1.2,2.6472800256788434,0.8797608114336574
2.3000000000000003,column,-4.838029308070716,-0.6253707131717321,1.2,1.0676716829394763,0.8198866978739827,0.8955875534597348,67.98524547288011,9.596294055257491,1.2,2.8678184694350666,0.8955875534597348
2.35,column,-4.8293975521953305,-0.6445147145953566,1.2,1.056666601330485,0.8122839696107789,0.9197633258268143,70.13072947978075,9.785178033504097,1.2,2.9282326773661165,0.9197633258268143
2.4000000000000004,column,-4.820765796319945,-0.663658716018981,1.2,1.0454068755138544,0.8110713571010941,0.9519314098576505,72.2230192777061,9.965307995496271,1.2,2.890481770211032,0.9519314098576505
2.45,column,-4.812134040444558,-0.6828027174426056,1.2,1.034023825136939,0.8161530798373893,0.9916773708102331,74.2160669633318,10.139333011182451,1.2,2.819289650076134,0.9916773708102331
2.5,column,-4.803502284569172,-0.70194671886623,1.2,1.0227034511614643,0.8266790444542433,1.0392220690488787,76.0624555891192,10.311378343886975,1.2,2.700194834774747,1.0392220690488787
2.5500000000000003,column,-4.794870528693785,-0.7210907202898545,1.2,1.0115718233410758,0.8418713141053153,1.0946875959708429,77.76203889700379,10.486473392747506,1.2,2.545261380701434,1.0946875959708429
2.6,column,-4.786238772818399,-0.7402347217134789,1.2,1.0007647725732158,0.8609997228934385,1.1111185626701752,79.25602573481945,10.667197555996932,1.2,2.3597294535242344,1.1111185626701752
2.6500000000000004,column,-4.777607016943013,-0.7593787231371035,1.2,0.9901017444231721,0.8834123802375413,1.0795534789916392,80.50975695666892,10.850994614218052,1.2,2.1350231008254084,1.0795534789916392
2.7,column,-4.768975261067627,-0.7785227245607279,1.2,0.9801206873244734,0.9095730667457822,1.0544648542362434,81.69038071106601,11.030450597856177,1.2,1.995271558645242,1.0544648542362434
2.75,column,-4.760343505192241,-0.7976667259843522,1.2,0.9717481122009536,0.9416508627345743,1.037632509591968,82.9385291984703,11.208389547073319,1.2,2.018321586307274,1.037632509591968
2.8000000000000003,column,-4.751711749316854,-0.8168107274079769,1.2,0.9649262674277279,0.9791983793040695,1.0302329494238167,83.96662957904094,11.38623372494748,1.2,1.8778761802369996,1.0302329494238167
2.85,column,-4.743079993441468,-0.8359547288316012,1.2,0.959936192580046,1.0192778391754833,1.0331270233594927,84.9936201210276,11.566097700597908,1.2,1.9140988434007178,1.0331270233594927
2.9000000000000004,column,-4.734448237566082,-0.8550987302552258,1.2,0.9568631841090746,1.0611285583264292,1.0471734214431618,86.24930194021391,11.74485714004637,1.2,2.174723247594188,1.0471734214431618
2.95,column,-4.725816481690695,-0.8742427316788501,1.2,0.9548897769763149,1.1040924090290207,1.0712023192546112,87.34221889069607,11.92176921154392,1.2,2.044510599248299,1.0712023192546112
3.0,column,-4.71718472581531,-0.8933867331024745,1.2,0.9531320760109695,1.1476031502249169,1.1021477886749642,88.20221909886891,12.097676932999843,1.2,1.8109669459054167,1.1021477886749642
3.0500000000000003,column,-4.708552969939923,-0.912530734526099,1.2,0.9518850842140868,1.1911747759393152,1.139358689879107,89.16936538564991,12.274983456305536,1.2,1.817714237331419,1.139358689879107
3.1,column,-4.699921214064537,-0.9316747359497235,1.2,0.9511276102977513,1.2343901753498725,1.1767990021365817,90.36263253716324,12.4569718211822,1.2,2.0354720342812778,1.1767990021365817
3.1500000000000004,column,-4.69128945818915,-0.950818737373348,1.2,0.9513170155852098,1.276890819719451,1.210361681781332,91.93110324616705,12.63887604045842,1.2,2.4183406298142898,1.210361681781332
3.2,column,-4.682657702313764,-0.9699627387969725,1.2,0.9505620202775799,1.3183677971647547,1.2288742227714813,93.34265714341073,12.818599865224279,1.2,2.2592219971116902,1.2288742227714813
3.25,column,-4.674025946438379,-0.9891067402205967,1.2,0.9491108834693541,1.3585542689486587,1.2264853522962262,94.79515755148259,12.998191675628117,1.2,2.278620583232141,1.2264853522962262
3.3000000000000003,column,-4.665394190562992,-1.0082507416442215,1.2,0.9469494852274412,1.3972192788942055,1.21425348843317,96.25695454030654,13.180140674746228,1.2,2.2734492132912534,1.21425348843317
3.35,column,-4.6567624346876055,-1.0273947430678458,1.2,0.9441898649813828,1.4341627752451533,1.1933386160591142,97.65641411374791,13.366995309545363,1.2,2.218309691955521,1.1933386160591142
3.4000000000000004,column,-4.648130678812219,-1.0465387444914704,1.2,0.941032406627946,1.4692116755559574,1.169989719741813,98.48568963838264,13.55973207984901,1.2,1.6813560994086671,1.169989719741813
3.45,column,-4.639498922936833,-1.0656827459150946,1.2,0.938633571808477,1.502216801950902,1.14791563016103,99.13097489875607,13.756680535277606,1.2,1.4556315041702743,1.14791563016103
3.5,column,-4.630867167061448,-1.0848267473387192,1.2,0.9377834911048988,1.5330357014289935,1.1310955558704696,99.80252218050552,13.955690114950745,1.2,1.5420398288147685,1.1310955558704696
3.5500000000000003,column,-4.622235411186061,-1.1039707487623436,1.2,0.9394254101595486,1.5616188379399971,1.1216326639662844,100.67751473018691,14.15460462472877,1.2,1.846244877213709,1.1216326639662844
3.6,column,-4.6136036553106745,-1.1231147501859682,1.2,0.94410976707711,1.588087426691616,1.120478186222555,101.86115018574941,14.35207997839021,1.2,2.1206746608569618,1.120478186222555
3.6500000000000004,column,-4.604971899435288,-1.1422587516095926,1.2,0.9515248931650744,1.610987948300958,1.119058954215984,102.9423626102832,14.551625713190983,1.2,1.982952387218743,1.119058954215984
3.7,column,-4.596340143559902,-1.1614027530332172,1.2,0.960901838704822,1.630438300302322,1.1302818352321427,104.30992620152311,14.750259388621329,1.2,2.1954153326194916,1.1302818352321427
3.75,column,-4.587708387684516,-1.1805467544568413,1.2,0.9724823897706495,1.6463842175592842,1.1533994809184325,105.71175489098304,14.944098803361598,1.2,2.321277356196483,1.1533994809184325
3.8000000000000003,column,-4.57907663180913,-1.1996907558804661,1.2,0.9845908422434603,1.6575836461299311,1.1849119731743212,106.60470020679828,15.137582416091757,1.2,1.7700553266484533,1.1849119731743212
3.85,column,-4.5704448759337435,-1.2188347573040903,1.2,0.9967773646572408,1.6639881944445718,1.2211970010132474,107.26742690102868,15.332167280190571,1.2,1.3369887029668608,1.2211970010132474
3.9000000000000004,column,-4.561813120058357,-1.237978758727715,1.2,1.0085211322759264,1.6651392577967052,1.2594063850775954,107.90857949650444,15.527289030480425,1.2,1.294851495720996,1.2594063850775954
3.95,column,-4.55318136418297,-1.2571227601513393,1.2,1.0193531224393249,1.6542300946331658,1.2963151205524097,109.11565525264973,15.714373837115696,1.2,1.9586632417729746,1.2963151205524097
4.0,column,-4.544549608307585,-1.2762667615749637,1.2,1.0282951374832012,1.6441620809271695,1.3300470670599738,110.34574015872803,15.893268084568831,1.2,2.0111027737984095,1.3300470670599738
4.05,column,-4.535917852432199,-1.295410762998588,1.2,1.0355245476297494,1.6346247041657418,1.3637528359385138,111.40349224555291,16.06222009523278,1.2,1.8544625796536462,1.3637528359385138
4.1000000000000005,column,-4.5272860965568125,-1.3145547644222126,1.2,1.0407393223399253,1.613460821341421,1.3953491996551894,112.93399125405335,16.214325861893688,1.2,2.2992458149307313,1.3953491996551894
4.15,column,-4.518654340681426,-1.3336987658458372,1.2,1.045311821089135,1.5927020893133772,1.4250740205748267,114.38319564196615,16.352357329286832,1.2,2.235769121721988,1.4250740205748267
4.2,column,-4.51002258480604,-1.3528427672694614,1.2,1.0495084478594647,1.57227031538531,1.4498737066480036,115.73322817970012,16.485405098137065,1.2,2.151808638729941,1.4498737066480036
4.25,column,-4.501390828930654,-1.371986768693086,1.2,1.0531831537493268,1.5521071026032112,1.453150144635098,116.99792215733567,16.621313128139555,1.2,2.0690868296619973,1.453150144635098
4.3,column,-4.492759073055267,-1.3911307701167104,1.2,1.0562455847776957,1.5321736014714946,1.4184761123529936,118.1904989699792,16.76428659197604,1.2,1.9883686998469012,1.4184761123529936
4.3500000000000005,column,-4.484127317179881,-1.4102747715403352,1.2,1.0586527710534412,1.5124497004802406,1.373202703313915,119.32332476627553,16.917106005714274,1.2,1.910484208451475,1.373202703313915
4.4,column,-4.475495561304495,-1.4294187729639594,1.2,1.0604011493690149,1.492932750275001,1.3246627733762093,120.04705522126241,17.074184596935275,1.2,1.5037473925300993,1.3246627733762093
4.45,column,-4.466863805429108,-1.448562774387584,1.2,1.0632728766524617,1.4736359140416684,1.2727074723617349,120.72820901683025,17.237173151337785,1.2,1.4284150634275599,1.2727074723617349
4.5,column,-4.458232049553723,-1.4677067758112081,1.2,1.0673173995524547,1.4545862322689178,1.2227582536136123,121.38807259599125,17.401899013721497,1.2,1.3795451002399797,1.2227582536136123
4.55,column,-4.449600293678336,-1.4868507772348325,1.2,1.07254746140498,1.4358224844219818,1.1776520100488113,122.14312049391998,17.562194863345326,1.2,1.6033666206141994,1.1776520100488113
4.6000000000000005,column,-4.4409685378029495,-1.5059947786584573,1.2,1.0780003196781245,1.417392923888448,1.1393605664158062,123.28936478775287,17.71630853688477,1.2,1.8848955912064127,1.1393605664158062
4.65,column,-4.432336781927564,-1.5251387800820817,1.2,1.0850182151861367,1.3993529562675748,1.1099020011254408,124.40044151595939,17.867869833505353,1.2,1.8345204384975269,1.1099020011254408
4.7,column,-4.423705026052177,-1.544282781505706,1.2,1.0933834009623955,1.3817628248823313,1.0908725375380668,125.48363049060366,18.01900984686143,1.2,1.7898759739201977,1.0908725375380668
4.75,column,-4.42,-1.564486127478698,1.2,1.1304474005881233,1.36468536133808,1.083829142320384,126.55674795849889,18.17121058156563,1.2,1.7650506595271813,1.083829142320384
4.800000000000001,column,-4.42,-1.5854861274786982,1.2,1.1659682347047997,1.348217678552374,1.0900517406942203,127.62185390468159,18.325480535371003,1.2,1.7446776338532204,1.0900517406942203
4.8500000000000005,column,-4.42,-1.6064861274786988,1.2,1.2016646069745232,1.3324785603399545,1.1078528729579862,128.64742107980274,18.479937690456055,1.2,1.705036824030286,1.1078528729579862
4.9,column,-4.42,-1.6274861274786985,1.2,1.2377386723876527,1.317579538897346,1.1330504030400985,129.53270781311872,18.63310213490645,1.2,1.5879560143004041,1.1330504030400985
4.95,column,-4.419999999999999,-1.6484861274786984,1.2,1.2737427597014723,1.303623288445631,1.1636401432106942,130.32757520259486,18.78192520858959,1.2,1.497044425557899,1.1636401432106942
5.0,column,-4.419999999999999,-1.6694861274786983,1.2,1.3092669123327643,1.2907022880907528,1.1966302829381439,131.3513764511203,18.920561934505113,1.2,1.6755143019613037,1.1966302829381439
5.050000000000001,column,-4.42,-1.6904861274786986,1.2,1.3421347032538875,1.2788977706024436,1.2299351354552612,132.22764551213288,19.051569554099494,1.2,1.5509104460962442,1.2299351354552612
5.1000000000000005,column,-4.42,-1.7114861274786985,1.2,1.3725380503983735,1.2682803969614642,1.2233657737818715,132.98602873873313,19.177101210302748,1.2,1.4433506504618436,1.2233657737818715
5.15,column,-4.42,-1.7324861274786985,1.2,1.400855511445934,1.2590461044881534,1.1994804423056653,133.7494853777933,19.292900833185186,1.2,1.5458802294881704,1.1994804423056653
5.2,column,-4.42,-1.7534861274786986,1.2,1.426465918291504,1.2513782302886578,1.181527495337088,134.6134244141905,19.39955592237658,1.2,1.7290076580006943,1.181527495337088
5.25,column,-4.42,-1.7744861274786983,1.2,1.4491791899753403,1.24543771895836,1.1712779756608547,135.61931259177516,19.499877380128233,1.2,1.892912515734419,1.1712779756608547
5.300000000000001,column,-4.42,-1.7954861274786986,1.2,1.4687240821941825,1.2413537432295116,1.163652339859699,136.84804828605888,19.597761075809803,1.2,2.105880015605379,1.163652339859699
5.3500000000000005,column,-4.42,-1.8164861274786985,1.2,1.4848584909207077,1.2392153641927643,1.1374777276223356,138.24638175719997,19.698248244606546,1.2,2.2627692101502705,1.1374777276223356
5.4,column,-4.42,-1.8374861274786984,1.2,1.4976129528464532,1.239063503695093,1.1244928471856381,139.70960279992465,19.806501950965128,1.2,2.2610479819753064,1.1244928471856381
5.45,column,-4.42,-1.8584861274786983,1.2,1.507051862189631,1.2408832950456004,1.1250882379616245,141.0161969851426,19.91985717878959,1.2,2.044637348557275,1.1250882379616245
5.5,column,-4.42,-1.8794861274786983,1.2,1.514161820540602,1.2446003478763332,1.1386641966220323,142.15457949090154,20.041479532269722,1.2,1.8456104199304737,1.1386641966220323
5.550000000000001,column,-4.42,-1.9004861274786986,1.2,1.5190531024236045,1.2500853724749053,1.162738312538122,142.73671623876083,20.16810042565992,1.2,1.3420772365467877,1.162738312538122
5.6000000000000005,column,-4.42,-1.9214861274786985,1.2,1.5232489555740945,1.2571675093134418,1.192953390800056,143.36377280438012,20.296722421204045,1.2,1.301919057251186,1.192953390800056
5.65,column,-4.42,-1.9424861274786984,1.2,1.5276410864361014,1.2656523472403218,1.22533847329109,143.85665731117928,20.427559117384945,1.2,1.1309488237557825,1.22533847329109
5.7,compressed,-4.42,-1.9634861274786983,1.2,1.506307181416346,1.275339872607261,1.2569711442143103,144.52287337856706,20.563686402579673,1.2,1.4519658808939213,1.2569711442143103
5.75,compressed,-4.42,-1.9844861274786982,1.2,1.5099614297284498,1.2860394480816904,1.2808629955101722,145.12280096010198,20.705810313043486,1.2,1.4271709123641791,1.2808629955101722
5.800000000000001,compressed,-4.42,-2.0054861274786986,1.2,1.5134592696079527,1.297582383390196,1.2823797167987032,145.64862563282867,20.854861080598763,1.2,1.352652884386859,1.2823797167987032
5.8500000000000005,compressed,-4.42,-2.0264861274786985,1.2,1.5166678642721871,1.309834473529894,1.2804799480454019,146.1093013382155,21.01219328927377,1.2,1.274031798687609,1.2804799480454019
5.9,compressed,-4.42,-2.0474861274786984,1.2,1.5195618994798212,1.322700070902009,1.2596424063021923,146.9360006038943,21.168903040530616,1.2,1.6121288084655787,1.2596424063021923
5.95,compressed,-4.42,-2.0684861274786983,1.2,1.5244132938683022,1.3360914243406314,1.231948640965632,147.65022494863075,21.328534185893368,1.2,1.4867308172270532,1.231948640965632
6.0,compressed,-4.42,-2.089486127478698,1.2,1.5311108704154792,1.334500366672448,1.2049864068298017,148.28118718291654,21.493608078291793,1.2,1.3818246085656114,1.2049864068298017
6.050000000000001,compressed,-4.42,-2.1104861274786986,1.2,1.5396185419590793,1.3140897734106372,1.18097873166349,149.20402230354856,21.65787184458834,1.2,1.6471587640507024,1.18097873166349
6.1000000000000005,compressed,-4.42,-2.1314861274786985,1.2,1.5480152880820062,1.2927768787770704,1.1622106736935691,150.12494883046247,21.82390236482682,1.2,1.5921960159215383,1.1622106736935691
6.15,compressed,-4.42,-2.1524861274786984,1.2,1.5563296477350357,1.2708620856729644,1.1498738086761626,151.00646779193943,21.993081983104723,1.2,1.5223141699724527,1.1498738086761626
6.2,compressed,-4.42,-2.1734861274786983,1.2,1.5644850643009511,1.2486152894133449,1.1441912450852458,151.82623512964972,22.16639622301099,1.2,1.451674795730566,1.1441912450852458
6.25,compressed,-4.42,-2.194486127478698,1.2,1.5724014363988763,1.2262605797487651,1.143405370741489,152.6037777051838,22.343630913461702,1.2,1.4157725093611364,1.143405370741489
6.300000000000001,compressed,-4.42,-2.215486127478699,1.2,1.5798926965859614,1.2039680027002324,1.142769859765529,153.34789635938807,22.519351043815313,1.2,1.389806253122665,1.142769859765529
6.3500000000000005,compressed,-4.42,-2.2364861274786985,1.2,1.586264802439973,1.1818561619382337,1.1427798615602163,154.47144138208523,22.695829818847045,1.2,1.8067635564687365,1.1427798615602163
6.4,compressed,-4.42,-2.2574861274786984,1.2,1.593033364035571,1.160006238415243,1.1435658232945982,155.35967645985065,22.87399467834012,1.2,1.5199275377053427,1.1435658232945982
6.45,compressed,-4.42,-2.2784861274786983,1.2,1.6008411949863188,1.1384833678530706,1.1490599441314686,156.2992457492353,23.051419146189602,1.2,1.4773369758165689,1.1490599441314686
6.5,compressed,-4.42,-2.299486127478698,1.2,1.6095543499639913,1.1173582848267845,1.1082076915046382,157.06177794957958,23.23157017688831,1.2,1.3966486307329742,1.1082076915046382
6.550000000000001,compressed,-4.42,-2.3204861274786985,1.2,1.619491635273702,1.0967228566400062,1.0760396850217882,157.50524944046018,23.411686467496942,1.2,1.0740616909484806,1.0760396850217882
6.6000000000000005,normal,-4.42,-2.3414861274786984,1.2,1.510178393367983,1.0766966791883925,1.0522089432620065,158.49667000005803,23.605037568808275,1.2,1.5942321512220126,1.0522089432620065
6.65,normal,-4.42,-2.3624861274786984,1.2,1.5142583496030624,1.0545348056280026,1.0361258776441864,159.47656416483142,23.80588283434973,1.2,1.5888306004784336,1.0361258776441864
6.7,normal,-4.42,-2.3834861274786983,1.2,1.5182908630380063,1.0305509181431352,1.0271955268488244,160.45671542938214,24.014696852515574,1.2,1.6143226924195795,1.0271955268488244
6.75,normal,-4.42,-2.404486127478698,1.2,1.522390186365551,1.0050930200136838,1.0248743701065435,161.4462050688279,24.23165610901053,1.2,1.6451165543606496,1.0248743701065435
6.800000000000001,normal,-4.42,-2.4254861274786985,1.2,1.5265822371050495,0.9784841416301411,1.0266365476320307,162.44892436139435,24.454688195193057,1.2,1.6717903639572267,1.0266365476320307
6.8500000000000005,normal,-4.42,-2.4464861274786984,1.2,1.5306707190078854,0.9510310841016487,1.0269044989525338,163.4644738554068,24.678421824731956,1.2,1.689134059631717,1.0269044989525338
6.9,normal,-4.42,-2.4674861274786988,1.2,1.5341444974195864,0.9230363842918086,1.0269873212339427,164.45234273530653,24.901241022502173,1.2,1.8125350201102546,1.0269873212339427
6.95,normal,-4.42,-2.4884861274786982,1.2,1.5377184447434646,0.900379361150109,1.0274891682659764,165.43679917636425,25.123321929289624,1.2,1.8199302910519695,1.0274891682659764
7.0,normal,-4.42,-2.509486127478698,1.2,1.5410593326007365,0.883154290601035,1.0285220471640248,166.62450857036828,25.345451644560477,1.2,2.024157695632132,1.0285220471640248
7.050000000000001,normal,-4.42,-2.5304861274786985,1.2,1.5435712829324097,0.8714328682507,1.0330803996461904,167.85769602584554,25.566973959487385,1.2,2.0693037120447793,1.0330803996461904
7.1000000000000005,normal,-4.42,-2.5514861274786984,1.2,1.5438003034198249,0.8652531317997503,1.0415864015059142,168.99207590230915,25.789241581514293,1.2,1.963307669896826,1.0415864015059142
7.15,normal,-4.42,-2.5724861274786983,1.2,1.5423070241297627,0.8646088160673975,1.0536334782342958,170.06429229036928,26.014386401356177,1.2,1.841233093525266,1.0536334782342958
7.2,normal,-4.42,-2.5934861274786982,1.2,1.5395069886542603,0.8690983590268448,1.0696277425488767,171.09842770185472,26.24328195367686,1.2,1.810972504964089,1.0696277425488767
7.25,normal,-4.42,-2.614486127478698,1.2,1.5359061915301235,0.8780015356265689,1.0882359393845504,171.71696075440315,26.474723817208456,1.2,1.3927455519307306,1.0882359393845504
7.300000000000001,compressed,-4.42,-2.6354861274786985,1.2,1.7638994626790516,0.8902422715865421,1.1112470777870174,172.26785121838992,26.703671682214488,1.2,1.4545313103152289,1.1112470777870174
7.3500000000000005,compressed,-4.42,-2.6564861274786984,1.2,1.7650845947973797,0.9075952629802368,1.1352112076951866,172.75361972798328,26.933948272476403,1.2,1.2942731311868572,1.1352112076951866
7.4,compressed,-4.42,-2.6774861274786983,1.2,1.766735525303374,0.9288097320261344,1.125226197796318,173.2132553680177,27.16673038485719,1.2,1.2303194700368738,1.125226197796318
7.45,compressed,-4.42,-2.698486127478698,1.2,1.7694674250559743,0.9526535416631638,1.128077861810053,174.02328439187235,27.395156336662023,1.2,1.598895273776957,1.128077861810053
7.5,compressed,-4.42,-2.7194861274786977,1.2,1.774646248790561,0.972704354532981,1.1424011135137382,174.70561509102453,27.61926603021504,1.2,1.474372447199314,1.1424011135137382
7.550000000000001,compressed,-4.42,-2.7404861274786985,1.2,1.7817917237360306,0.9891336777692115,1.1660310868268722,175.99418765469377,27.828589465476462,1.2,2.182435134165344,1.1660310868268722
7.6000000000000005,normal,-4.42,-2.7614861274786984,1.2,1.553074923962035,1.0029420154899433,1.196869016399293,176.66636838908894,28.037620063827788,1.2,1.5458579295656079,1.196869016399293
7.65,normal,-4.42,-2.7824861274786983,1.2,1.557389478034126,1.0123831890361363,1.2172906629223874,177.18869505433491,28.24524271573194,1.2,1.3348440393345975,1.2172906629223874
7.7,normal,-4.42,-2.803486127478698,1.2,1.5610077360197772,1.0188093420719344,1.212020058376116,177.6801221311331,28.45127671096045,1.2,1.339204928781245,1.212020058376116
7.75,normal,-4.42,-2.824486127478698,1.2,1.5636515098087407,1.0233113575807964,1.2039171097633217,178.1900246614794,28.655157868311587,1.2,1.3430989256405974,1.2039171097633217
7.800000000000001,normal,-4.42,-2.8454861274786984,1.2,1.565065843287703,1.026065090744705,1.191616358103018,178.959235858081,28.855629641486743,1.2,1.5665264204091642,1.191616358103018
7.8500000000000005,normal,-4.42,-2.8664861274786984,1.2,1.5672264032346255,1.0272126339995957,1.177014582498594,179.6534450925727,29.05066022006625,1.2,1.4667389737162053,1.177014582498594
7.9,normal,-4.42,-2.8874861274786983,1.2,1.5701698077957424,1.0269035885654838,1.1621144110444468,180.30274654482784,29.241661712384044,1.2,1.4604265887653702,1.1621144110444468
7.95,normal,-4.42,-2.908486127478698,1.2,1.5738256990393882,1.0252930826570745,1.1488836511830212,180.95261506970934,29.430206695032165,1.2,1.4951958432339854,1.1488836511830212
8.0,normal,-4.42,-2.9294861274786976,1.2,1.5781659849332086,1.022539939457249,1.1390783518209284,181.69197683092594,29.617901487540866,1.2,1.583192688070593,1.1390783518209284
8.05,normal,-4.42,-2.9504861274786984,1.2,1.5826676502233408,1.0188049874237977,1.1397894034497704,182.67988541398492,29.802110444423654,1.2,1.8200667457948043,1.1397894034497704
8.1,normal,-4.42,-2.971486127478698,1.2,1.5860073728445425,1.014249506751372,1.1494526571932904,183.59028637836178,29.98295358224247,1.2,1.7107234467332852,1.1494526571932904
8.15,normal,-4.42,-2.9924861274786982,1.2,1.5879594721901342,1.0090338067561608,1.1658674653342955,184.36500523419184,30.16215037030076,1.2,1.538326250712489,1.1658674653342955
8.200000000000001,normal,-4.42,-3.013486127478699,1.2,1.5886939822875532,1.003315929643957,1.188415310201673,185.2846910412741,30.34042471443023,1.2,1.654987815447246,1.188415310201673
8.25,normal,-4.42,-3.034486127478698,1.2,1.589167611017849,0.9972504766106207,1.2129864798351115,185.62640894742157,30.516479815247884,1.2,0.9503077682475182,1.2129864798351115
8.3,normal,-4.42,-3.0554861274786984,1.2,1.5892552573804624,0.9909875525481979,1.228333190665601,186.0815852471714,30.686166576738337,1.2,1.0916308072067704,1.228333190665601
8.35,normal,-4.42,-3.076486127478698,1.2,1.5877110754317154,0.9846718258239031,1.2250920123390983,186.5773001791381,30.85099740303853,1.2,1.1683632789008098,1.2250920123390983
8.4,normal,-4.42,-3.0974861274786982,1.2,1.5846877420178345,0.9784416996902292,1.2245835401479033,187.17668317558483,31.011501778603986,1.2,1.3343368768695285,1.2245835401479033
8.450000000000001,normal,-4.42,-3.1184861274786986,1.2,1.582244748621833,0.9724285918943942,1.227422722095253,187.7232002400618,31.16933684459543,1.2,1.2789702871269155,1.227422722095253
8.5,normal,-4.42,-3.1394861274786985,1.2,1.5806149935791047,0.9667563190010586,1.2239548621835834,188.1874982894634,31.324219092702393,1.2,1.1894019125728519,1.2239548621835834
8.55,normal,-4.42,-3.1604861274786984,1.2,1.5799335415683218,0.9615405818369513,1.2060363298050967,188.5639399229126,31.475806433278546,1.2,1.0778664561759357,1.2060363298050967
8.6,normal,-4.42,-3.181486127478698,1.2,1.5802572314335834,0.956888548319961,1.1861974880017938,188.87089917851955,31.62521552025605,1.2,0.959811441958443,1.1861974880017938
8.65,normal,-4.42,-3.202486127478698,1.2,1.581611284396845,0.9528985297568846,1.1669865176328955,189.15016981522427,31.77363839221013,1.2,0.8634714092203547,1.1669865176328955
8.700000000000001,normal,-4.42,-3.223486127478699,1.2,1.583901157300102,0.949659746490831,1.1495162052624277,189.9110676452618,31.925589392666687,1.2,1.4727178389669426,1.1495162052624277
8.75,normal,-4.42,-3.2444861274786985,1.2,1.5844840842249062,0.9526524217507022,1.1407875870288569,190.65139642865984,32.075246276615985,1.2,1.2328191418599772,1.1407875870288569
8.8,normal,-4.42,-3.2654861274786984,1.2,1.5839681057858939,0.9562667462105265,1.1416335835297688,191.2224602088956,32.223781753996434,1.2,1.0708343823868471,1.1416335835297688
8.85,normal,-4.42,-3.286486127478698,1.2,1.582257201621497,0.9605384142305509,1.152143002675667,191.78831840045328,32.37330423799285,1.2,1.0609785730434163,1.152143002675667
8.9,normal,-4.42,-3.3074861274786977,1.2,1.5795470297174916,0.9654976707253342,1.1714306794915945,192.33784261807307,32.52536618166016,1.2,0.9977624738744781,1.1714306794915945
8.950000000000001,normal,-4.42,-3.3284861274786985,1.2,1.5758827275524487,0.9711694496044885,1.197288579392744,192.76476567693385,32.67945743582287,1.2,0.8808417285160088,1.197288579392744
9.0,normal,-4.42,-3.3494861274786984,1.2,1.572219424214562,0.9775735373264873,1.2253467421893158,193.13329195150283,32.83232292972882,1.2,0.9382389695844136,1.2253467421893158
9.05,normal,-4.42,-3.3704861274786984,1.2,1.568760386128442,0.9847247574937943,1.2529330004320989,193.5575158465234,32.98369910052355,1.2,1.0398803241249803,1.2529330004320989
9.1,normal,-4.42,-3.391486127478698,1.2,1.5653384096881764,0.9926331728347799,1.2784868310527007,194.09500465244622,33.134580746672,1.2,1.165643243822164,1.2784868310527007
9.15,normal,-4.42,-3.412486127478698,1.2,1.5616837992092154,1.0013043013587835,1.3012795405365152,194.78356537612146,33.286470794235,1.2,1.3001412047236585,1.3012795405365152
9.200000000000001,normal,-4.42,-3.4334861274786985,1.2,1.5575041818647795,1.0107393439124015,1.2910532134047663,195.4481468103824,33.44037658037153,1.2,1.2874697606402614,1.2910532134047663
9.25,normal,-4.415513872521302,-3.4499999999999997,1.2,1.546679871589666,1.0209354207868389,1.2752234033442529,196.08799440680878,33.5966638138191,1.2,1.2679982273224517,1.2752234033442529
9.3,normal,-4.394513872521301,-3.4499999999999997,1.2,1.5418728749853088,1.0318404664715708,1.2602906257355044,196.7123727382392,33.755239370371726,1.2,1.2307553036048757,1.2602906257355044
9.35,normal,-4.373513872521302,-3.4499999999999997,1.2,1.5360986043454674,1.0429532149045901,1.2472182015100814,197.336366155934,33.91564735675314,1.2,1.2625116644170553,1.2472182015100814
9.4,normal,-4.3525138725213015,-3.4499999999999997,1.2,1.5295123326678988,1.053646357886927,1.2368735570215188,198.0845490484552,34.06728934486522,1.2,1.4763723576092946,1.2368735570215188
9.450000000000001,normal,-4.331513872521302,-3.4499999999999997,1.2,1.5227617555906177,1.0633601564808837,1.2299195479076628,198.81715619642142,34.210788829658846,1.2,1.4858580617439938,1.2299195479076628
9.5,normal,-4.310513872521302,-3.4499999999999997,1.2,1.5160260688445792,1.0716561022455748,1.2267146852270276,199.5289243312849,34.34706895805823,1.2,1.4704649809297845,1.2267146852270276
9.55,normal,-4.289513872521301,-3.4499999999999997,1.2,1.5094775166369994,1.0782616002528016,1.1968684744981775,200.28907710554074,34.47605326595168,1.2,1.534953624307321,1.1968684744981775
9.600000000000001,normal,-4.268513872521301,-3.4499999999999993,1.2,1.5051342354941895,1.083083313082659,1.1632710997379683,201.1666616847575,34.597581719747616,1.2,1.6443885163567409,1.1632710997379683
9.65,normal,-4.247513872521302,-3.4499999999999997,1.2,1.5072228691656133,1.086142238011688,1.140994061685794,202.37326137780423,34.71459042105353,1.2,2.0246771591157886,1.140994061685794
9.700000000000001,normal,-4.226513872521301,-3.4499999999999997,1.2,1.5094178993794372,1.087474498877718,1.114995948957178,204.0501602348126,34.83486530412477,1.2,2.4440223887651054,1.114995948957178
9.75,normal,-4.205513872521302,-3.4499999999999997,1.2,1.511176113242147,1.0870173259179226,1.089253169476969,205.67620617629345,34.962239310101054,1.2,2.4181611500430775,1.089253169476969
9.8,normal,-4.184513872521301,-3.4499999999999997,1.2,1.5123086402569315,1.084611386588095,1.0700143678311431,207.05170656695248,35.097114080198395,1.2,2.232893470086283,1.0700143678311431
9.850000000000001,normal,-4.1635138725213015,-3.4499999999999997,1.2,1.5121767538828454,1.0800291541309714,1.0552862148868367,208.1472685436993,35.24046651875857,1.2,1.9715036300198971,1.0552862148868367
9.9,normal,-4.142513872521301,-3.4499999999999997,1.2,1.5100794849395585,1.0730139937423435,1.0448749644049649,209.01002970394703,35.39179041266635,1.2,1.6838716084203362,1.0448749644049649
9.950000000000001,normal,-4.121513872521302,-3.4499999999999997,1.2,1.506137165029897,1.0633334247655222,1.0385452480341344,209.76998745556585,35.550549809582904,1.2,1.5284252345096223,1.0385452480341344
10.0,normal,-4.100513872521302,-3.4499999999999993,1.2,1.5005847669776813,1.0508436790918294,1.0355222349748898,210.49665865774696,35.716123896921815,1.2,1.4864833383929612,1.0355222349748898
10.05,normal,-4.079513872521301,-3.4499999999999997,1.2,1.494234628939814,1.0355636666436918,1.032591043324998,211.19751491047595,35.885153359994156,1.2,1.4495642579275518,1.032591043324998
10.100000000000001,normal,-4.058513872521301,-3.4499999999999997,1.2,1.4902153541505758,1.017761600149383,1.0298634418882175,211.8742156335722,36.057471170564725,1.2,1.3983177592190117,1.0298634418882175
10.15,normal,-4.037513872521302,-3.4499999999999993,1.2,1.4911080092724558,0.9979184571981483,1.027458145639006,212.52615123645683,36.23312901257263,1.2,1.3219277217194947,1.027458145639006
10.200000000000001,normal,-4.016513872521301,-3.4499999999999997,1.2,1.4939486134259543,0.9766543086084911,1.0254750574904512,213.16430424162456,36.41194597722363,1.2,1.2615861223141567,1.0254750574904512
10.25,normal,-3.9955138725213017,-3.4499999999999993,1.2,1.497224223733959,0.9546439897482175,1.023976813630365,213.79949500100187,36.59365456745562,1.2,1.2409246622018153,1.023976813630365
10.3,normal,-3.9745138725213014,-3.4499999999999997,1.2,1.5006698429437424,0.9325451289433815,1.022982555388838,215.2654815652584,36.765038593581885,1.2,2.3043319783715734,1.022982555388838
10.350000000000001,normal,-3.953513872521301,-3.4499999999999997,1.2,1.5031449230954173,0.9164534894437539,1.0233965828553486,216.6084634295841,36.92827881832048,1.2,2.2114700667841034,1.0233965828553486
10.4,normal,-3.9325138725213016,-3.45,1.2,1.5033230692690083,0.9063078803450639,1.0264707416973327,217.84784791842827,37.08672803966188,1.2,2.122587013427158,1.0264707416973327
10.450000000000001,normal,-3.9115138725213012,-3.4499999999999997,1.2,1.5012743026166155,0.9018062639199067,1.0334258887380336,218.93313658366586,37.24365378807097,1.2,1.941808687448658,1.0334258887380336
10.5,normal,-3.8905138725213013,-3.45,1.2,1.4975169374812487,0.9024511153459402,1.0457953595964873,219.90791578298044,37.40255559374196,1.2,1.8354508490529367,1.0457953595964873
10.55,normal,-3.8695138725213014,-3.4499999999999997,1.2,1.4922016846699715,0.9075846725943821,1.0648617011597088,220.7866644408416,37.56625028762803,1.2,1.7309649174329667,1.0648617011597088
10.600000000000001,normal,-3.848513872521301,-3.4499999999999997,1.2,1.4855092834140173,0.9164313939478113,1.091662163967667,221.71210949102095,37.731103948814315,1.2,1.8120659077672023,1.091662163967667
10.65,normal,-3.827513872521302,-3.4499999999999997,1.2,1.4765794544596893,0.9281651005243352,1.1268333524931615,222.5873457260225,37.89773828402233,1.2,1.7298678080210101,1.1268333524931615
10.700000000000001,normal,-3.806513872521301,-3.4499999999999997,1.2,1.46559623293264,0.9420091878004151,1.1698140910598234,223.4760684770875,38.06542469633979,1.2,1.6999907323912467,1.1698140910598234
10.75,normal,-3.785513872521302,-3.4499999999999997,1.2,1.4527645871687676,0.9573464920669892,1.180388343025672,224.65454187013995,38.226819700813465,1.2,2.0609083809004893,1.180388343025672
10.8,normal,-3.7645138725213014,-3.45,1.2,1.4372444194528247,0.968317464519515,1.1910408575320954,225.81936646942825,38.3808184785375,1.2,2.060165931898928,1.1910408575320954
10.850000000000001,normal,-3.7435138725213015,-3.4499999999999997,1.2,1.4189139115542126,0.9755109786733629,1.1863439615706899,226.99621013865493,38.528977027509086,1.2,2.086700633376295,1.1863439615706899
10.9,normal,-3.722513872521301,-3.4499999999999997,1.2,1.3974813777700685,0.9798567199771124,1.1932658977531092,228.3527979534241,38.67226837700157,1.2,2.2617722301492273,1.1932658977531092
10.950000000000001,normal,-3.7015138725213017,-3.4499999999999997,1.2,1.3743966410238944,0.9823309472384467,1.2019282402012086,229.55133458539174,38.80825645226134,1.2,2.084132193747404,1.2019282402012086
11.0,normal,-3.6805138725213014,-3.4499999999999997,1.2,1.351785550933026,0.9837836420917387,1.2115406231444397,230.73333094608984,38.9405954737273,1.2,2.0600004015659703,1.2115406231444397
11.05,normal,-3.659513872521302,-3.45,1.2,1.329837197344246,0.9846726943311817,1.210488208458941,231.90821072441784,39.07248645815254,1.2,2.048194701097624,1.210488208458941
11.100000000000001,normal,-3.6385138725213007,-3.4499999999999993,1.2,1.3087455512278119,0.9841104247269594,1.1861501060827024,233.15587652345224,39.206280063228235,1.2,2.1339828343895664,1.1861501060827024
11.15,normal,-3.617513872521302,-3.45,1.2,1.2890401913529579,0.9811174390206554,1.1705202241356878,234.11529883605613,39.33871709141623,1.2,1.8973791806681821,1.1705202241356878
11.200000000000001,normal,-3.596513872521301,-3.4499999999999997,1.2,1.269961910317909,0.9748027837113222,1.1652074058989643,235.10506067846956,39.47287380547643,1.2,1.9195200904333927,1.1652074058989643
11.25,normal,-3.5755138725213023,-3.45,1.2,1.2518448598493992,0.9646611123053994,1.1701779336779767,235.7252243296997,39.6046671144296,1.2,1.4584800525408483,1.1701779336779767
11.3,normal,-3.554513872521301,-3.4499999999999997,1.2,1.234201331137735,0.9508349619291787,1.1836917696942884,236.18940500329433,39.7355551756174,1.2,1.2497503150871865,1.1836917696942884
11.350000000000001,normal,-3.533513872521301,-3.4499999999999993,1.2,1.2172554320515268,0.9341219978456861,1.2023643075090151,236.75408328180322,39.86412009715856,1.2,1.3323273754032543,1.2023643075090151
11.4,normal,-3.5125138725213016,-3.4499999999999997,1.2,1.2016787311048802,0.9212060808114884,1.224215939662496,237.22360627868034,39.99508042924971,1.2,1.2066936625644176,1.224215939662496
11.450000000000001,normal,-3.4915138725213017,-3.45,1.2,1.1871566289062012,0.9129568068982594,1.226301428780494,237.64880268440146,40.13072872902613,1.2,1.1324254168145977,1.226301428780494
11.5,normal,-3.4705138725213014,-3.4499999999999997,1.2,1.173391893177152,0.9100841623581148,1.228198233152086,238.06578453652833,40.27434114006996,1.2,1.0907968227148834,1.228198233152086
11.55,normal,-3.4495138725213015,-3.4499999999999993,1.2,1.1601683612238134,0.9130490952421231,1.2304863874962624,238.49529505810017,40.428481952807715,1.2,1.0757477705765806,1.2304863874962624
11.600000000000001,normal,-3.428513872521301,-3.4499999999999997,1.2,1.147383500710411,0.9220573661167211,1.2328520926632482,238.9273591082387,40.59398157152665,1.2,1.1230354610424442,1.2328520926632482
11.65,normal,-3.4075138725213017,-3.4499999999999997,1.2,1.1352437617949935,0.9368940713799359,1.2349895465312508,239.36388224555773,40.77088303172134,1.2,1.1759123914546037,1.2349895465312508
11.700000000000001,normal,-3.3865138725213013,-3.4499999999999997,1.2,1.1241420937582256,0.9571741196228476,1.236660871256305,239.74336866132674,40.95240632905218,1.2,1.1449622965716828,1.236660871256305
11.75,normal,-3.3655138725213023,-3.4499999999999997,1.2,1.114095815653655,0.9769746320741561,1.2377681526107593,240.19698283414579,41.138176733898185,1.2,1.2315892187459503,1.2377681526107593
11.8,normal,-3.344513872521301,-3.4499999999999997,1.2,1.1063595179007844,0.9955990690138634,1.212833538907764,240.78526697284568,41.32437606741114,1.2,1.3561536314214135,1.212833538907764
11.850000000000001,normal,-3.323513872521301,-3.4499999999999993,1.2,1.1040424670340052,1.0119596198742202,1.1929770842101013,241.75026652708016,41.5014911114629,1.2,1.7758684381483925,1.1929770842101013
11.9,normal,-3.3025138725213017,-3.4499999999999997,1.2,1.1083739258808911,1.0250253834890968,1.1822737047226244,243.2123876402492,41.667934385850224,1.2,2.3104141144142374,1.1822737047226244
11.950000000000001,normal,-3.2815138725213018,-3.4499999999999997,1.2,1.1180526016034058,1.0341082753207367,1.1814825502746324,244.72627594482387,41.82137867112781,1.2,2.373616407885087,1.1814825502746324
12.0,normal,-3.260513872521301,-3.4499999999999993,1.2,1.129762221074096,1.0391400765099736,1.1861168383934275,246.14385110986228,41.964203399171375,1.2,2.2869944409561356,1.1861168383934275
12.05,normal,-3.2395138725213015,-3.4499999999999997,1.2,1.141648769453399,1.0407418657833984,1.158861599530567,247.3928355240445,42.09469166576699,1.2,2.097715785912268,1.158861599530567
12.100000000000001,normal,-3.218513872521301,-3.4499999999999997,1.2,1.1523833347043682,1.040019951910757,1.1295988800320262,248.63259434102946,42.21416313574521,1.2,2.0399664751186846,1.1295988800320262
12.15,normal,-3.197513872521302,-3.4499999999999997,1.2,1.1611973462648293,1.0382351663516511,1.1010836442584748,249.9361615126091,42.32327498471203,1.2,1.9968066381678427,1.1010836442584748
12.200000000000001,normal,-3.176513872521301,-3.4499999999999993,1.2,1.1671435777761328,1.0365323901754246,1.0731066285682147,250.71864365786348,42.42463136708786,1.2,1.4893699959892654,1.0731066285682147
12.25,normal,-3.1555138725213023,-3.4499999999999997,1.2,1.1706809157207108,1.0358033558689816,1.045474714865543,251.41564473438405,42.5203476988475,1.2,1.4517639303538492,1.045474714865543
12.3,normal,-3.1345138725213015,-3.4499999999999997,1.2,1.1718376485556632,1.0366573250061808,1.0180116643694013,252.08739684655404,42.611746099164506,1.2,1.4963031284833939,1.0180116643694013
12.350000000000001,normal,-3.113513872521301,-3.4499999999999993,1.2,1.1709273287753899,1.0389321837434018,0.9905616368273163,252.83030260989193,42.70212959287071,1.2,1.6399997657323517,0.9905616368273163
12.4,normal,-3.0925138725213013,-3.4499999999999993,1.2,1.1684064743579328,1.0419354612575185,0.9629958846873516,253.73096470206838,42.79655425000519,1.2,1.8144075203597239,0.9629958846873516
12.450000000000001,normal,-3.0715138725213014,-3.4499999999999993,1.2,1.1647190014204347,1.0448288783406667,0.935316797241623,254.7781811297226,42.897967305720684,1.2,1.9420143160578989,0.935316797241623
12.5,normal,-3.050513872521302,-3.4499999999999993,1.2,1.160078834786164,1.0468551529721368,0.9158202814951423,255.7389319340641,43.002198027415076,1.2,1.8556813825546157,0.9158202814951423
12.55,normal,-3.0295138725213016,-3.4499999999999997,1.2,1.155655914239186,1.0476220773862577,0.904943397157959,256.9811019790347,43.103245317520475,1.2,2.0827281049070243,0.904943397157959
12.600000000000001,normal,-3.0085138725213008,-3.45,1.2,1.150606146724144,1.0472347167190148,0.9027106941693425,258.20167827226123,43.20538206358863,1.2,2.039491599709995,0.9027106941693425
12.65,normal,-2.9875138725213017,-3.4499999999999993,1.2,1.1446057270284815,1.0457897280291657,0.9085090015530802,259.3956100549848,43.31471892587146,1.2,1.9955081143672668,0.9085090015530802
12.700000000000001,normal,-2.9665138725213014,-3.45,1.2,1.1381770402200329,1.043339434270424,0.9211425302899805,260.5643526526977,43.43634481701055,1.2,1.9593622173189746,0.9211425302899805
12.75,normal,-2.9455138725213024,-3.45,1.2,1.1311164282717279,1.039869995504385,0.9395864719085971,261.48825491433837,43.57111355019788,1.2,1.7555593714528865,0.9395864719085971
12.8,normal,-2.924513872521301,-3.45,1.2,1.1228629760079283,1.0352890934762686,0.9589025423269324,262.38502091209904,43.718882850481506,1.2,1.7190545131214605,0.9589025423269324
12.850000000000001,normal,-2.903513872521301,-3.4499999999999997,1.2,1.113015491393388,1.029622183317796,0.9795642875814096,263.24771638534725,43.87931125629714,1.2,1.673936830481057,0.9795642875814096
12.9,normal,-2.8825138725213013,-3.4499999999999993,1.2,1.1017047562291236,1.0230147017472826,1.0018745603734052,264.0468091562745,44.05131698503807,1.2,1.5908246765445315,1.0018745603734052
12.950000000000001,normal,-2.861513872521302,-3.4499999999999997,1.2,1.089110975818984,1.0153657481019915,1.0260165472039893,264.75405006208655,44.22853532111908,1.2,1.4767518475683121,1.0260165472039893
13.0,normal,-2.840513872521302,-3.4499999999999993,1.2,1.0760833794707203,1.0065278373641853,1.052100406605115,265.41008298702394,44.41013695473423,1.2,1.3934135805318408,1.052100406605115
13.05,normal,-2.8195138725213016,-3.4499999999999993,1.2,1.0626065796834663,0.99653408601722,1.0734344984020348,266.22550056619133,44.5933028646674,1.2,1.5852442642583797,1.0734344984020348
13.100000000000001,normal,-2.798513872521301,-3.45,1.2,1.0486202003668954,0.9855132773232622,1.0904590385791708,267.06595312230303,44.77847571778205,1.2,1.611630944357394,1.0904590385791708
13.15,normal,-2.7775138725213018,-3.4499999999999993,1.2,1.0338699763109085,0.9736828948272482,1.103612347730756,267.9397235262745,44.96639208102228,1.2,1.6190575315337354,1.103612347730756
13.200000000000001,normal,-2.7565138725213014,-3.45,1.2,1.0181094546973966,0.9613966881296341,1.1111535264096797,268.8684220501808,45.15673748563288,1.2,1.6604003714108457,1.1111535264096797
13.25,normal,-2.7355138725213024,-3.4499999999999993,1.2,1.0013241144726233,0.9491684146281152,1.1142478339745143,269.9535063680645,45.35024583895677,1.2,1.8160757826248137,1.1142478339745143
13.3,normal,-2.7145138725213007,-3.4499999999999997,1.2,0.9827678165690863,0.9430338130913192,1.1169005500455598,271.14006689491026,45.544996917160944,1.2,1.8823302974186542,1.1169005500455598
13.350000000000001,normal,-2.6935138725213013,-3.45,1.2,0.9632701447724192,0.9430756003687455,1.120185276221623,272.34811329312504,45.74273100959741,1.2,1.8872667511446575,1.120185276221623
13.4,normal,-2.672513872521302,-3.45,1.2,0.9430209330051756,0.9490666376164576,1.1237775864044768,273.51055991229947,45.944342269652665,1.2,1.8476355571167242,1.1237775864044768
13.450000000000001,normal,-2.6515138725213014,-3.45,1.2,0.9221876879075099,0.9605662384790101,1.1274097216214385,274.5295106612673,46.14381291575375,1.2,1.6861935475298424,1.1274097216214385
13.5,normal,-2.6305138725213015,-3.4499999999999997,1.2,0.9016565791336051,0.9717458066568576,1.13125640871172,275.52465868392864,46.34122001408403,1.2,1.642115019407953,1.13125640871172
13.55,normal,-2.609513872521302,-3.45,1.2,0.8815989705302105,0.9826087851382947,1.1351065143400272,276.4915399035123,46.53665395388847,1.2,1.57120891425646,1.1351065143400272
13.600000000000001,normal,-2.5885138725213013,-3.45,1.2,0.8621913997405951,0.9932815001290323,1.1388066621266104,277.43725928209943,46.73017975425924,1.2,1.4988019563816386,1.1388066621266104
13.65,normal,-2.567513872521302,-3.45,1.2,0.8435743328074649,1.003943572953538,1.1423477915724198,278.3744491010955,46.921811369690836,1.2,1.4863676974791866,1.1423477915724198
13.700000000000001,normal,-2.546513872521301,-3.4499999999999993,1.2,0.8258155344207878,1.014770474260486,1.1457908644510193,279.3147489565797,47.111505509210886,1.2,1.5040967826312734,1.1457908644510193
13.75,normal,-2.525513872521302,-3.4499999999999993,1.2,0.8088869261401241,1.0258977649568763,1.1491829442374468,280.26675911806825,47.298935909567305,1.2,1.5344993658785195,1.1491829442374468
13.8,normal,-2.504513872521301,-3.4499999999999997,1.2,0.7926657306388069,1.0372395945853214,1.1525770425665474,281.23186824731334,47.48379266619365,1.2,1.5605115013811748,1.1525770425665474
13.850000000000001,normal,-2.4835138725213013,-3.45,1.2,0.776966794921492,1.0486641725961907,1.1560276062471995,282.1966489605651,47.666075030428765,1.2,1.553047825809235,1.1560276062471995
13.9,normal,-2.4625138725213014,-3.4499999999999997,1.2,0.7616157254499587,1.060047604789359,1.159583458403746,283.15768204933636,47.84578334806517,1.2,1.5383199716936695,1.159583458403746
13.950000000000001,normal,-2.4415138725213015,-3.4499999999999993,1.2,0.746492400607421,1.071273939210277,1.1633006624158548,284.1136685465296,48.02274038440233,1.2,1.532078589082079,1.1633006624158548
14.0,normal,-2.4205138725213016,-3.4499999999999997,1.2,0.7316314150544706,1.0820101448431172,1.16515001311422,285.06936774854165,48.19676828461961,1.2,1.551012503663054,1.16515001311422
14.05,normal,-2.399513872521302,-3.4499999999999997,1.2,0.7170821247275381,1.0919099571987914,1.1655237182815044,286.0293956902499,48.36777534936622,1.2,1.5758114418350881,1.1655237182815044
14.100000000000001,normal,-2.378513872521301,-3.4499999999999993,1.2,0.7056679418792161,1.1006387149546215,1.1647995469247678,286.9966183707021,48.53586023279874,1.2,1.5998713965651674,1.1647995469247678
14.15,normal,-2.3575138725213023,-3.4499999999999997,1.2,0.697887080568546,1.1079006962617344,1.1629242442236005,287.97086212198997,48.701397572677145,1.2,1.617184697831449,1.1629242442236005
14.200000000000001,normal,-2.3365138725213015,-3.45,1.2,0.6899976829527485,1.1134692679489901,1.160058198880801,288.974454099851,48.86477394594531,1.2,1.6927030139976675,1.160058198880801
14.25,normal,-2.3155138725213025,-3.45,1.2,0.6813410952281412,1.1172128558766063,1.1570075974009344,290.0696557992385,49.02678804795938,1.2,1.836049555354295,1.1570075974009344
14.3,normal,-2.2945138725213017,-3.4499999999999993,1.2,0.671442324946445,1.119063739311751,1.132022846207099,291.3689053633755,49.189534846264294,1.2,2.0299327536987497,1.132022846207099
14.350000000000001,normal,-2.2735138725213013,-3.4499999999999993,1.2,0.6598135633623127,1.118957289371756,1.1100977634107885,292.7936860828112,49.35624742414459,1.2,2.1254930085450043,1.1100977634107885
14.4,normal,-2.2525138725213014,-3.4499999999999997,1.2,0.6462347515912438,1.1167497291530881,1.095733048560498,294.18716716331363,49.52899130461202,1.2,2.117310059206185,1.095733048560498
14.450000000000001,normal,-2.231513872521302,-3.45,1.2,0.6305785312035169,1.1121806827488425,1.0879473126164088,295.52705507217104,49.7087507775727,1.2,2.0929817329486844,1.0879473126164088
14.5,normal,-2.210513872521302,-3.4499999999999997,1.2,0.6130263482929628,1.1048986221178592,1.0856180131362612,296.8377429637351,49.89603505216954,1.2,2.0784200006705578,1.0856180131362612
14.55,normal,-2.189513872521302,-3.4499999999999997,1.2,0.5937644445661548,1.0945248392152374,1.0881524673959808,298.1440408096015,50.091159214124794,1.2,2.072290947263721,1.0881524673959808
14.600000000000001,normal,-2.168513872521301,-3.4499999999999997,1.2,0.5730650961360995,1.0807570059633984,1.0951416497783817,299.45593425640743,50.29431668136791,1.2,2.0664608852207924,1.0951416497783817
14.65,normal,-2.147513872521302,-3.4499999999999997,1.2,0.5513462429463882,1.0635036609694664,1.0907471579026942,300.75834455176994,50.50552259307409,1.2,2.0463993721112352,1.0907471579026942
14.700000000000001,normal,-2.1265138725213015,-3.4499999999999997,1.2,0.5292447018666742,1.0430083923794924,1.0787427456776824,301.7572466431127,50.72065024341882,1.2,1.7877052314194966,1.0787427456776824
14.75,normal,-2.105513872521302,-3.4499999999999997,1.2,0.5091588147438266,1.0199012116348765,1.0693852257278034,302.68083567065696,50.94049219612772,1.2,1.7052615935672786,1.0693852257278034
14.8,normal,-2.0845138725213017,-3.4499999999999997,1.2,0.495267610575726,0.9951374914562683,1.0638846890763387,303.5534426676936,51.165587054569784,1.2,1.6290925858380838,1.0638846890763387
14.850000000000001,normal,-2.063513872521302,-3.4499999999999997,1.2,0.4890590582630304,0.9698440344911226,1.0630461558191184,304.31387060211864,51.39085409812007,1.2,1.4121145237256325,1.0630461558191184
14.9,normal,-2.042513872521302,-3.4499999999999997,1.2,0.48693229465090404,0.9456154062343227,1.06731950728346,305.3345199405789,51.61721436077548,1.2,1.7032683163652886,1.06731950728346
14.950000000000001,normal,-2.0215138725213015,-3.4499999999999997,1.2,0.4866426625389858,0.9281411617561337,1.0768609814595502,306.26314126392435,51.84545077663623,1.2,1.635350170130349,1.0768609814595502
15.0,normal,-2.000513872521302,-3.4499999999999997,1.2,0.4876601846196076,0.9168925736328741,1.0915838170341026,307.1447977992285,52.07618938463663,1.2,1.6592560378915517,1.0915838170341026
15.05,normal,-1.9795138725213022,-3.4499999999999997,1.2,0.4897115479317874,0.911028578662558,1.1103731274674464,308.05665690406653,52.30829422388368,1.2,1.7033872150250708,1.1103731274674464
15.100000000000001,normal,-1.9585138725213014,-3.4499999999999997,1.2,0.49271165286620733,0.9096320971901601,1.132315514683217,309.06351100631395,52.54126366395276,1.2,1.7863383753804727,1.132315514683217
15.15,normal,-1.9375138725213021,-3.4499999999999997,1.2,0.4966946946544044,0.9116958382398743,1.1337952965980822,310.0827815533374,52.77550540054971,1.2,1.7937124844970118,1.1337952965980822
15.200000000000001,normal,-1.9165138725213016,-3.4499999999999997,1.2,0.5018547787813861,0.9164287303408196,1.1369469101984926,310.9866398963899,53.011182015211745,1.2,1.6447072354602603,1.1369469101984926
15.25,normal,-1.8955138725213023,-3.4499999999999997,1.2,0.5085203496417776,0.9234693921175301,1.1463655759502884,311.7973521035609,53.247886532586534,1.2,1.4739074415675615,1.1463655759502884
15.3,normal,-1.874513872521302,-3.4499999999999997,1.2,0.5168623162284713,0.9329114931086491,1.1603252186237316,312.58268477394813,53.48445597438668,1.2,1.5425969245262618,1.1603252186237316
15.350000000000001,normal,-1.8535138725213016,-3.45,1.2,0.5268087365352094,0.9451428946066516,1.1749838307085725,313.32324186564324,53.719433368310675,1.2,1.5011289314067937,1.1749838307085725
15.4,normal,-1.8325138725213017,-3.45,1.2,0.5378386708859603,0.960554806375064,1.1783118437955973,313.9877527200735,53.94579148589389,1.2,1.4476162415381915,1.1783118437955973
15.450000000000001,normal,-1.811513872521302,-3.4499999999999997,1.2,0.5483906992783133,0.9739761231129078,1.1848533885872456,314.57228808343706,54.16263659497534,1.2,1.337362929331724,1.1848533885872456
15.5,normal,-1.790513872521302,-3.45,1.2,0.5577227948144802,0.9860339370430493,1.1938866180635368,315.13230712250044,54.36942330981386,1.2,1.4094126121634267,1.1938866180635368
15.55,normal,-1.7695138725213022,-3.4499999999999997,1.2,0.5652410276964114,0.9973009770170376,1.204415285141963,315.7073432228068,54.565807835134876,1.2,1.482715244428261,1.204415285141963
15.600000000000001,normal,-1.7485138725213012,-3.4499999999999993,1.2,0.5704878581428738,1.00797820347586,1.2153670154962126,316.30754221299674,54.751629298477596,1.2,1.5345960545222312,1.2153670154962126
15.65,normal,-1.7275138725213024,-3.4499999999999997,1.2,0.573134441245338,1.015003741269758,1.2257397954832479,316.87900751070157,54.92770549516357,1.2,1.494477853324286,1.2257397954832479
15.700000000000001,normal,-1.7065138725213012,-3.4499999999999993,1.2,0.5731271802863218,0.9797290841825426,1.2346431349005682,317.40614094040563,55.09492164874626,1.2,1.417143791283399,1.2346431349005682
15.75,normal,-1.6855138725213021,-3.45,1.2,0.5705600671333275,0.9488281793433204,1.2288385500968522,318.1677070524678,55.25368109770123,1.2,1.554264873090702,1.2288385500968522
15.8,normal,-1.6645138725213016,-3.45,1.2,0.5650028185270846,0.9249447056377054,1.2130838696577904,318.8873252070787,55.40603219241514,1.2,1.4506604576259772,1.2130838696577904
15.850000000000001,normal,-1.6435138725213019,-3.45,1.2,0.5567132502220284,0.9083577788371169,1.1976225006742531,319.5899363295335,55.554266666300215,1.2,1.3965521160693122,1.1976225006742531
15.9,normal,-1.6225138725213017,-3.45,1.2,0.5459822188002021,0.899337151329082,1.1837953618644177,320.30792057691264,55.700879425999034,1.2,1.4744315096993144,1.1837953618644177
15.950000000000001,normal,-1.6015138725213018,-3.45,1.2,0.5331173023915483,0.8981086682597741,1.173060316612382,321.07958638543477,55.84839683543267,1.2,1.5940019806189365,1.173060316612382
16.0,normal,-1.580513872521302,-3.45,1.2,0.5184156211032847,0.9048246916947646,1.1667873588047546,321.9409906468586,55.99922168321419,1.2,1.73461370701147,1.1667873588047546
16.05,normal,-1.559513872521302,-3.45,1.2,0.5021345016519715,0.9194903957583069,1.1655598832812126,322.7683474217263,56.15480237235275,1.2,1.7529385225267675,1.1655598832812126
16.1,normal,-1.5385138725213012,-3.4499999999999993,1.2,0.4847323300053278,0.9404682626132914,1.158972488476656,323.6220756395343,56.31631580521549,1.2,1.7327979987929787,1.158972488476656
16.150000000000002,normal,-1.5175138725213013,-3.4499999999999993,1.2,0.46661872655220005,0.9659016586196854,1.155382535542442,324.5166907529476,56.47731597254258,1.2,1.7675812724899167,1.155382535542442
16.2,normal,-1.4965138725213025,-3.45,1.2,0.44959997246928013,0.9884652462859032,1.162270300968009,325.30758513477724,56.638183699064506,1.2,1.627005129283645,1.162270300968009
16.25,normal,-1.4755138725213015,-3.4499999999999993,1.2,0.4338765577555558,1.0075416162993722,1.1691102509571554,325.9331572467928,56.799171391413026,1.2,1.3938749516468225,1.1691102509571554
16.3,normal,-1.4545138725213018,-3.4499999999999993,1.2,0.41945393334523945,1.0235349078832259,1.1727151833375669,326.309936847558,56.958592804645505,1.2,1.0945280056529472,1.1727151833375669
16.35,normal,-1.4335138725213017,-3.4499999999999993,1.2,0.406269998109272,1.037565202905883,1.180006622193787,326.60522784040603,57.11456938766723,1.2,0.8956044068145047,1.180006622193787
16.400000000000002,normal,-1.4125138725213011,-3.4499999999999997,1.2,0.3941159753480221,1.050924538661695,1.1856157107788263,326.9554177850306,57.26587240829508,1.2,0.9119572381575404,1.1856157107788263
16.45,normal,-1.3915138725213019,-3.4499999999999993,1.2,0.38267426308175256,1.0647246561370876,1.1791918629213376,327.39379547879815,57.41279135480976,1.2,1.1390624328011671,1.1791918629213376
16.5,normal,-1.3705138725213024,-3.4499999999999993,1.2,0.3715827439710256,1.0797761293718386,1.181748455286523,327.85583948163384,57.557580398843214,1.2,1.2177817659329362,1.181748455286523
16.55,normal,-1.349513872521302,-3.4499999999999993,1.2,0.3605062477010975,1.0965994122159672,1.1922103644680144,328.24713297774,57.70320552979408,1.2,1.1394310011304607,1.1922103644680144
16.6,normal,-1.3285138725213017,-3.4499999999999997,1.2,0.3492250300248016,1.1152872178021151,1.2084842581587236,328.52767116943204,57.850961902422355,1.2,0.9734432089925538,1.2084842581587236
16.650000000000002,normal,-1.3075138725213014,-3.4499999999999997,1.2,0.3376612952685697,1.1356369714332346,1.2280985531271054,328.71639956676245,57.999836154134584,1.2,0.7868802793928703,1.2280985531271054
16.7,normal,-1.2865138725213023,-3.4499999999999993,1.2,0.32593729916777253,1.1574647838428134,1.235559248399356,328.86968974415356,58.148052954966076,1.2,0.6460326184937312,1.235559248399356
16.75,normal,-1.2655138725213015,-3.4499999999999997,1.2,0.3142223467375099,1.1639086440999713,1.233980672344335,329.02468113461646,58.29423157464405,1.2,0.6290596313883171,1.233980672344335
16.8,normal,-1.2445138725213016,-3.4499999999999997,1.2,0.30266538144457844,1.1502675249340975,1.2349445533259222,329.1889870172534,58.43770192000398,1.2,0.7051548496926319,1.2349445533259222
16.85,normal,-1.223513872521302,-3.4499999999999997,1.2,0.29139151934526747,1.1372540011856258,1.2383170341512852,329.34547305596203,58.578538387120304,1.2,0.6931293592998754,1.2383170341512852
16.900000000000002,normal,-1.2025138725213007,-3.4499999999999997,1.2,0.28051036473374713,1.1250261840313363,1.243653400291718,329.47567204994266,58.71707386598964,1.2,0.6236743471010359,1.243653400291718
16.95,normal,-1.1815138725213021,-3.4499999999999997,1.2,0.2701730735277126,1.1135881765364228,1.2503410394591719,329.5810096464153,58.853538612533285,1.2,0.5776849575354034,1.2503410394591719
17.0,normal,-1.160513872521302,-3.4499999999999997,1.2,0.26052554635494707,1.102930522917876,1.2382603042105251,329.67857484323173,58.98814709666965,1.2,0.5893698670037542,1.2382603042105251
17.05,normal,-1.1395138725213014,-3.4499999999999997,1.2,0.251686784536488,1.0930436136206665,1.2227674022606216,329.80076088045035,59.12065564571866,1.2,0.6553703724764597,1.2227674022606216
17.1,normal,-1.1185138725213013,-3.4499999999999997,1.2,0.24383315378315515,1.0839270208801337,1.2116714303904954,329.96962862005546,59.25082157922426,1.2,0.742223277176074,1.2116714303904954
17.150000000000002,normal,-1.0975138725213016,-3.4499999999999997,1.2,0.23723396928452148,1.0755931110831476,1.2056897709434873,330.1873111015628,59.37850396408661,1.2,0.8250805990448292,1.2056897709434873
17.2,normal,-1.0765138725213024,-3.4499999999999997,1.2,0.2323696348291307,1.0680662998778017,1.205013212256475,330.43080967398544,59.5037334870148,1.2,0.8667135223064447,1.205013212256475
17.25,normal,-1.055513872521302,-3.4499999999999997,1.2,0.22942238334376713,1.0613798028217587,1.2092648491841733,330.6618266825873,59.626716587224905,1.2,0.8374681318403058,1.2092648491841733
17.3,normal,-1.0345138725213017,-3.4499999999999997,1.2,0.2276712333745862,1.0555714699243943,1.2155267016297702,330.852941166417,59.74781289896956,1.2,0.7540361138887167,1.2155267016297702
17.35,normal,-1.0135138725213018,-3.4499999999999997,1.2,0.22628922214921027,1.0506797797539837,1.221732924232403,330.99598558605084,59.86745762913621,1.2,0.6602721013698735,1.221732924232403
17.400000000000002,normal,-0.992513872521301,-3.4499999999999997,1.2,0.22483118238237987,1.0467408824285185,1.2295730738966888,331.0983569090711,59.98600306767078,1.2,0.5688950798626426,1.2295730738966888
17.45,normal,-0.9715138725213018,-3.4499999999999997,1.2,0.22314043167685757,1.043786776209489,1.237961367462449,331.1717506458805,60.10414341993508,1.2,0.46492848548114746,1.237961367462449
17.5,normal,-0.9505138725213023,-3.4499999999999997,1.2,0.2212807238166541,1.0418444539074767,1.2292415679878745,331.24474737277274,60.22194170148223,1.2,0.4842585094934265,1.2292415679878745
17.55,normal,-0.9295138725213011,-3.4499999999999997,1.2,0.21965995818689668,1.0409360936211955,1.2146103293274533,331.34143705677957,60.33932506960902,1.2,0.5740498539308906,1.2146103293274533
17.6,normal,-0.9085138725213016,-3.4499999999999997,1.2,0.2191362711967549,1.0410801242203969,1.2032457093059794,331.47622572774196,60.45634074780523,1.2,0.6719888154277518,1.2032457093059794
17.650000000000002,normal,-0.8875138725213014,-3.4499999999999997,1.2,0.22040792563005943,1.042292870568831,1.1960132817693512,331.6447091239425,60.573311506327244,1.2,0.7351919181009866,1.1960132817693512
17.7,normal,-0.8665138725213022,-3.4499999999999997,1.2,0.22279070743325619,1.044590293299995,1.1933227675308322,331.8303798136416,60.69063892905721,1.2,0.7617881044291492,1.1933227675308322
17.75,normal,-0.8455138725213015,-3.4499999999999997,1.2,0.2253249129990733,1.0479891628269695,1.1950489498333137,332.00915547711463,60.808664454879874,1.2,0.7499098454248959,1.1950489498333137
17.8,normal,-0.8245138725213019,-3.4499999999999997,1.2,0.22764882435989148,1.0525070029590162,1.2005715137417257,332.15938588253334,60.92760165334126,1.2,0.7012435330773502,1.2005715137417257
17.85,normal,-0.8035138725213018,-3.4499999999999997,1.2,0.22978305976133093,1.0581604357510435,1.2089184780954203,332.27190391430594,61.047492304258455,1.2,0.624964075904404,1.2089184780954203
17.900000000000002,normal,-0.7825138725213012,-3.4499999999999997,1.2,0.23187384163525446,1.064962118135237,1.2189542909895856,332.35024139152677,61.16826606703057,1.2,0.5308907657763645,1.2189542909895856
17.95,normal,-0.7615138725213021,-3.4499999999999997,1.2,0.23399782383730336,1.0729170371022076,1.2295511762269336,332.403825880577,61.28993069843018,1.2,0.4260598068646958,1.2295511762269336
18.0,normal,-0.740513872521302,-3.4499999999999997,1.2,0.23608252288181436,1.0820192204824886,1.2243562958746297,332.44851756303893,61.41243688714465,1.2,0.40039503098349016,1.2243562958746297
18.05,normal,-0.7195138725213014,-3.4499999999999997,1.2,0.23795450425745437,1.0922497873594303,1.2190079907799756,332.5035415793225,61.535647925405335,1.2,0.44189491150439786,1.2190079907799756
18.1,normal,-0.6985138725213013,-3.45,1.2,0.2393811775668076,1.103556027210589,1.2153328669560384,332.5783074609008,61.65934480447751,1.2,0.49071232309283913,1.2153328669560384
18.150000000000002,normal,-0.6775138725213016,-3.4499999999999997,1.2,0.24021339193101632,1.1155868372323428,1.2135696952790125,332.6765275646719,61.7833639385142,1.2,0.5267648070674495,1.2135696952790125
18.2,normal,-0.6565138725213024,-3.4499999999999997,1.2,0.24037043200947586,1.1279996049332368,1.2137232494626213,332.79221826371844,61.907660417721544,1.2,0.5769426539581335,1.2137232494626213
18.25,normal,-0.6355138725213019,-3.4499999999999997,1.2,0.23982468978642763,1.140502103720575,1.2155843701870774,332.9123787520051,62.032305811179306,1.2,0.5952964716469923,1.2155843701870774
18.3,normal,-0.6145138725213016,-3.4499999999999997,1.2,0.2385873885383703,1.1528936781284822,1.218775353675441,333.0217920940006,62.15743180099368,1.2,0.5640172609830056,1.218775353675441
18.35,normal,-0.5935138725213011,-3.4499999999999993,1.2,0.23670140972567846,1.165094515601381,1.2227981215538206,333.1085761063706,62.28306030217535,1.2,0.4844253153712442,1.2227981215538206
18.400000000000002,normal,-0.5725138725213009,-3.4499999999999997,1.2,0.23424711579661556,1.177153813651605,1.226017297700661,333.16992486275245,62.40918173016997,1.2,0.39683460843565915,1.226017297700661
18.45,normal,-0.5515138725213022,-3.4499999999999997,1.2,0.2313242890146804,1.189234292811185,1.228832210209838,333.21140953160267,62.53575985824308,1.2,0.32144554561606264,1.228832210209838
18.5,normal,-0.5305138725213021,-3.4499999999999997,1.2,0.22804211215518286,1.2015782700899384,1.2258616974103882,333.24336077263945,62.662745644391165,1.2,0.2879131872957218,1.2258616974103882
18.55,normal,-0.5095138725213015,-3.45,1.2,0.2245094506669152,1.2144650554752954,1.2238821441123817,333.27570050648046,62.7900902740096,1.2,0.31461843129439576,1.2238821441123817
18.6,normal,-0.4885138725213014,-3.4499999999999993,1.2,0.2208265101439081,1.2281692440705616,1.2204988906008714,333.31379917399886,62.91774725472255,1.2,0.3663322428586125,1.2204988906008714
18.650000000000002,normal,-0.46751387252130133,-3.4499999999999997,1.2,0.217078709243421,1.2429263249916773,1.218969099021735,333.3569945956396,63.04564321417988,1.2,0.4009873176846025,1.218969099021735
18.7,normal,-0.4465138725213026,-3.4499999999999997,1.2,0.21332951898978436,1.2437105292179356,1.2194643093651125,333.3993358427764,63.17359862446883,1.2,0.3994544927426949,1.2194643093651125
18.75,normal,-0.4255138725213015,-3.4499999999999993,1.2,0.20962621750732063,1.2320254345862298,1.2217983925964442,333.4350156265453,63.301360532638505,1.2,0.36501412027412883,1.2217983925964442
18.8,normal,-0.4045138725213019,-3.45,1.2,0.20601573420479383,1.2212536043338447,1.2256156112099243,333.4622426294911,63.42867077697636,1.2,0.312601928152453,1.2256156112099243
18.85,normal,-0.3835138725213008,-3.4499999999999997,1.2,0.20252631814317806,1.211319483068062,1.2304482439577928,333.48189073690935,63.5552679371017,1.2,0.2546027725381087,1.2304482439577928
18.900000000000002,normal,-0.3625138725213012,-3.4499999999999997,1.2,0.19917014706306313,1.202123939596897,1.2279672748455215,333.49679055887054,63.68086902647621,1.2,0.2111811186451372,1.2279672748455215
18.95,normal,-0.34151387252130205,-3.45,1.2,0.19593800541306325,1.1935633879320964,1.2256231293511688,333.51081453010346,63.80518930709373,1.2,0.21914563877224985,1.2256231293511688
19.0,normal,-0.32051387252130237,-3.4499999999999997,1.2,0.1928017511621724,1.1855477758023194,1.2239063885849308,333.5271445216845,63.927998722017506,1.2,0.2482350264902211,1.2239063885849308
19.05,normal,-0.29951387252130224,-3.4499999999999997,1.2,0.18972605648097943,1.1780160348490176,1.2229870543573644,333.54717659192517,64.04914206361626,1.2,0.27390154800183436,1.2229870543573644
19.1,normal,-0.2785138725213016,-3.4499999999999997,1.2,0.18667390339657017,1.170947300222346,1.2229332392274777,333.5703635819434,64.1685452805653,1.2,0.2885264250144151,1.2229332392274777
19.150000000000002,normal,-0.25751387252130054,-3.4499999999999997,1.2,0.18361193659076824,1.1643662649943787,1.2237100965988872,333.59475663602825,64.2862089660785,1.2,0.2903677534724043,1.2237100965988872
19.200000000000003,normal,-0.23651387252130185,-3.4499999999999997,1.2,0.18051543514627025,1.1583416866576182,1.2251917224860542,333.6179218312791,64.40219341015579,1.2,0.2809515701749029,1.2251917224860542
19.25,normal,-0.21551387252130272,-3.4499999999999997,1.2,0.17737268066924897,1.152978234144738,1.2271832524012376,333.63786714830553,64.51660072012513,1.2,0.26329658358547164,1.2271832524012376
19.3,normal,-0.19451387252130162,-3.4499999999999997,1.2,0.1741885949082893,1.148403165282793,1.2294488026964807,333.65383199208736,64.62951806913512,1.2,0.24056217041592318,1.2294488026964807
19.35,normal,-0.17351387252130102,-3.4499999999999997,1.2,0.1709909984095098,1.1447502932286282,1.2317408888528332,333.66626672268256,64.74102660174498,1.2,0.21413443111378147,1.2317408888528332
19.400000000000002,normal,-0.1525138725213004,-3.4499999999999997,1.2,0.16782895743544,1.1421438244971098,1.2338276749495158,333.67650804677015,64.8512168770053,1.2,0.1863709751752583,1.2338276749495158
19.450000000000003,normal,-0.13151387252130126,-3.4499999999999997,1.2,0.16477253839108646,1.1406843753306555,1.235515522906475,333.6863031108642,64.96018798176728,1.2,0.16384639659049358,1.235515522906475
19.5,normal,-0.11051387252130211,-3.4499999999999997,1.2,0.1619144024484474,1.140438773377004,1.2342138484195062,333.69718092688174,65.06804760085171,1.2,0.17027335083283165,1.2342138484195062
19.55,normal,-0.0895138725213015,-3.4499999999999997,1.2,0.1593691447527033,1.1414343839228458,1.2321511864390025,333.7099601223041,65.1749100965647,1.2,0.18999998396116718,1.2321511864390025
19.6,normal,-0.0685138725213004,-3.4499999999999997,1.2,0.15726857240914147,1.1436579478066196,1.2305148907499044,333.72455848741373,65.28089121195967,1.2,0.20595006267435795,1.2305148907499044
19.650000000000002,normal,-0.04751387252130173,-3.4499999999999997,1.2,0.15575927243529752,1.1470583872657472,1.229386272031747,333.7401528430568,65.38610034292397,1.2,0.21435529023546157,1.229386272031747
19.700000000000003,normal,-0.026513872521300774,-3.4499999999999997,1.2,0.1550232495743237,1.151552737386928,1.228802011515283,333.7555968664052,65.49063298211375,1.2,0.21467696988581997,1.228802011515283
19.75,normal,-0.00551387252130087,-3.4499999999999997,1.2,0.15526391874843998,1.1570342532415336,1.228753675415954,333.76990114347905,65.5945660566704,1.2,0.2086464692819269,1.228753675415954
19.8,normal,0.015486127478699926,-3.4499999999999993,1.2,0.1564675411804633,1.1633817628105267,1.2291916738130062,333.78257000608403,65.6979576044352,1.2,0.19995241155802274,1.2291916738130062
19.85,normal,0.03648612747869717,-3.4499999999999997,1.2,0.15832089167400892,1.1704694150778703,1.2300331078720381,333.79367903160687,65.8008503826689,1.2,0.19252836358262274,1.2300331078720381
19.900000000000002,normal,0.057486127478697954,-3.4499999999999997,1.2,0.16051696426579717,1.1781760534745545,1.2298971459381716,333.8037103499767,65.90327755832074,1.2,0.18695770572132134,1.2298971459381716
19.950000000000003,normal,0.07848612747869876,-3.4499999999999993,1.2,0.16286568561935594,1.1863934992779155,1.2290770976492642,333.8132649813657,66.00526825771007,1.2,0.18259450191486565,1.2290770976492642
20.0,normal,0.09948612747869957,-3.4499999999999997,1.2,0.16525003498955723,1.1950330735189085,1.2287130024273782,333.82279798551053,66.10685148014635,1.2,0.17952683942485917,1.2287130024273782
20.05,normal,0.12048612747869679,-3.4499999999999997,1.2,0.16758897793081493,1.1861181934945415,1.2288372221401618,333.83247830928696,66.20805810185317,1.2,0.17827804867425154,1.2288372221401618
20.1,normal,0.14148612747869757,-3.45,1.2,0.16982061301733276,1.1752272382061781,1.229427495304415,333.8421986522982,66.3089216348239,1.2,0.17805419558052255,1.229427495304415
20.150000000000002,normal,0.16248612747869837,-3.4499999999999997,1.2,0.17189524156916006,1.1646062530698071,1.2304128162201917,333.8516934523831,66.40947864682184,1.2,0.1764759295846836,1.2304128162201917
20.200000000000003,normal,0.18348612747869916,-3.4499999999999997,1.2,0.17377257336267257,1.1542683869060648,1.2316844965031437,333.8606909004978,66.50976941141869,1.2,0.17248677661973685,1.2316844965031437
20.25,normal,0.20448612747869643,-3.4499999999999997,1.2,0.17542058396785493,1.1442189029675396,1.2331105225583823,333.86903073429164,66.60983882911817,1.2,0.16674393823450434,1.2331105225583823
20.3,normal,0.22548612747869723,-3.4499999999999997,1.2,0.17681500345910303,1.1344547189697913,1.2345511108313396,333.8767097506825,66.70973726760425,1.2,0.16071366653676022,1.2345511108313396
20.35,normal,0.24648612747869802,-3.4499999999999997,1.2,0.17793904398956603,1.124964617129857,1.235873545827217,333.88385288270825,66.80952083869883,1.2,0.15542110965692843,1.235873545827217
20.400000000000002,normal,0.2674861274786988,-3.4499999999999997,1.2,0.17878322817822268,1.115729975807094,1.2369648223429661,333.89063527700404,66.90925073583838,1.2,0.1509132010077073,1.2369648223429661
20.450000000000003,normal,0.28848612747869967,-3.4499999999999997,1.2,0.17934525518930802,1.1067258800294886,1.2365974383081972,333.8971938028331,67.00899150653063,1.2,0.14711281443007557,1.2365974383081972
20.5,normal,0.3094861274786968,-3.4499999999999997,1.2,0.17962983498516338,1.0979224812558674,1.2354607130139994,333.9035644922742,67.10880842703257,1.2,0.14411413206627782,1.2354607130139994
20.55,normal,0.3304861274786976,-3.4499999999999997,1.2,0.17964839408934843,1.0892864922061836,1.234640040675033,333.90966855018536,67.20876439342939,1.2,0.14088974559773643,1.234640040675033
20.6,normal,0.3514861274786984,-3.4499999999999993,1.2,0.17941854553518324,1.0807827186009942,1.2341827149894502,333.9153489887891,67.3089168812615,1.2,0.13556091312740254,1.2341827149894502
20.650000000000002,normal,0.3724861274786992,-3.4499999999999993,1.2,0.17896323864945085,1.0723755460870577,1.2340955779913205,333.92043975041486,67.40931552231592,1.2,0.12744836527854755,1.2340955779913205
20.700000000000003,normal,0.3934861274787,-3.45,1.2,0.178309561098365,1.064030317892789,1.2343478911808097,333.9248369925755,67.5100007034267,1.2,0.11725870012527795,1.2343478911808097
20.75,normal,0.41448612747869723,-3.45,1.2,0.17748724378072583,1.0557145568250859,1.2348780149718537,333.9285430444211,67.61100334435815,1.2,0.10695832892599615,1.2348780149718537
20.8,normal,0.435486127478698,-3.4499999999999997,1.2,0.17652699873929084,1.0473990032010552,1.2345302656936339,333.93166687020647,67.71234572771897,1.2,0.09990477688480823,1.2345302656936339
20.85,normal,0.4564861274786988,-3.4499999999999997,1.2,0.1754588793130903,1.0390584565923173,1.2336368799682016,333.9343843078147,67.81404301780249,1.2,0.09741316024355845,1.2336368799682016
20.900000000000002,normal,0.4774861274786997,-3.45,1.2,0.17431087208777662,1.0306724220730594,1.2328982253524003,333.93687779223984,67.91610499105552,1.2,0.0969430757610189,1.2328982253524003
20.950000000000003,normal,0.49848612747870047,-3.4499999999999997,1.2,0.17310790251446267,1.02222556979232,1.232373975129373,333.9392816261456,68.01853754110243,1.2,0.09682495504320665,1.232373975129373
21.0,normal,0.5194861274786977,-3.4499999999999997,1.2,0.17187136286553972,1.013708020010921,1.2320978843480623,333.94165337625134,68.12134369058089,1.2,0.09636368081955399,1.2320978843480623
21.05,normal,0.5404861274786986,-3.4499999999999993,1.2,0.1706191664799237,1.0051154652947372,1.2320761330861087,333.9439785298576,68.22452406669697,1.2,0.09514407555702922,1.2320761330861087
21.1,normal,0.5614861274786993,-3.4499999999999997,1.2,0.16936621818800518,0.9964491391427106,1.2322886894732805,333.94620109454945,68.32807698791795,1.2,0.09283215582959559,1.2322886894732805
21.150000000000002,normal,0.5824861274787002,-3.4499999999999997,1.2,0.16812509340798756,0.9877156378530227,1.2326933335311812,333.9482637260109,68.43199840007907,1.2,0.08934313503318221,1.2326933335311812
21.200000000000003,normal,0.6034861274787009,-3.4499999999999993,1.2,0.1669066652501397,0.978926601306702,1.233231673346246,333.9501401489081,68.53628187585025,1.2,0.08498958743328269,1.233231673346246
21.25,normal,0.624486127478698,-3.4499999999999993,1.2,0.16572043959900556,0.9700982592368594,1.2338363030484931,333.9518488618342,68.64091878650392,1.2,0.08033167224412499,1.2338363030484931
21.3,normal,0.6454861274786988,-3.45,1.2,0.16457447964599733,0.9612508524657117,1.2344382148972282,333.95344640832934,68.74589863055179,1.2,0.07594125249766384,1.2344382148972282
21.35,normal,0.6664861274786996,-3.45,1.2,0.16347502409909423,0.9524079431807808,1.2349736668195623,333.95500651547803,68.85120941649996,1.2,0.07226421282256948,1.2349736668195623
21.400000000000002,normal,0.6874861274787004,-3.4499999999999997,1.2,0.162426157949552,0.9435956341197669,1.2353964127847588,334.3159919000155,68.9588125916465,1.2,0.5954281189227203,1.2353964127847588
21.450000000000003,normal,0.7084861274786977,-3.4499999999999993,1.2,0.1606472812785243,0.9403512243235184,1.2356792240630838,334.6251904529678,69.07021951345101,1.2,0.5715773251894783,1.2356792240630838
21.5,normal,0.7294861274786986,-3.45,1.2,0.15844923095343622,0.9424215547778305,1.2263007055979682,334.87061335872727,69.1860150789766,1.2,0.5497841686349034,1.2263007055979682
21.55,normal,0.7504861274786992,-3.45,1.2,0.15704110431840398,0.9494352482708639,1.2101181752478252,335.04833229061387,69.30619436340025,1.2,0.523685820556856,1.2101181752478252
21.6,normal,0.7714861274787002,-3.4499999999999997,1.2,0.15794211198868777,0.9608377589842896,1.1990584410054355,335.1577345229301,69.42501291910573,1.2,0.46899459993109743,1.1990584410054355
21.650000000000002,normal,0.7924861274786974,-3.4499999999999997,1.2,0.15959882833577227,0.9706977683248608,1.193903617408444,335.29983015389087,69.54263638737449,1.2,0.529120077294181,1.193903617408444
21.700000000000003,normal,0.8134861274786982,-3.4499999999999997,1.2,0.1612994041923553,0.9787831079928504,1.1947040157937505,335.4449120030392,69.65932616236759,1.2,0.5313220630414949,1.1947040157937505
21.75,normal,0.834486127478699,-3.4499999999999997,1.2,0.16323641491573465,0.9849789761308132,1.2007604815231692,335.56165328745186,69.77534415243454,1.2,0.4795385031454935,1.2007604815231692
21.8,normal,0.8554861274786998,-3.4499999999999997,1.2,0.1656029628651865,0.9892961786603929,1.210805629995034,335.6361255967167,69.89089605199504,1.2,0.3940153877128517,1.210805629995034
21.85,normal,0.8764861274786969,-3.4499999999999997,1.2,0.1682742426351504,0.9918460749750293,1.2232944211413983,335.675789943832,70.00611766825219,1.2,0.29847254024117575,1.2232944211413983
21.900000000000002,normal,0.8974861274786978,-3.4499999999999997,1.2,0.17107224280250874,0.9928019338738852,1.2219023058133125,335.6988652199076,70.12107492781671,1.2,0.218345700328933,1.2219023058133125
21.950000000000003,normal,0.9184861274786985,-3.4499999999999997,1.2,0.17385969249510042,0.9923667822545374,1.220610773938046,335.7215563708217,70.23576850926266,1.2,0.22595876685106941,1.220610773938046
22.0,normal,0.9394861274786994,-3.45,1.2,0.17652162947919137,0.990755489864614,1.2210880416087833,335.7518074233908,70.3501454443057,1.2,0.26823931302517373,1.2210880416087833
22.05,normal,0.9604861274786967,-3.4499999999999997,1.2,0.178957263718667,0.9881875036317387,1.2231940206970575,335.78791174768776,70.46396486330313,1.2,0.2873142310304383,1.2231940206970575
22.1,normal,0.9814861274786975,-3.4499999999999993,1.2,0.18105911033103356,0.9847993899660825,1.2265896879108402,335.8265749916975,70.57698485046487,1.2,0.28767826233846394,1.2265896879108402
22.150000000000002,normal,1.002486127478698,-3.45,1.2,0.18274166541271958,0.9807171261484837,1.2308531952601787,335.8654534870279,70.68903499114145,1.2,0.28168059390645855,1.2308531952601787
22.200000000000003,normal,1.023486127478699,-3.4499999999999997,1.2,0.18394641309995605,0.9760777632598063,1.232624884630945,335.9001014834389,70.80009155315543,1.2,0.2705990455847815,1.232624884630945
22.25,normal,1.0444861274786963,-3.4499999999999993,1.2,0.1846555014939091,0.9710170771713613,1.2330068440264268,335.93033184923496,70.91017311675333,1.2,0.2615470810121655,1.2330068440264268
22.3,normal,1.065486127478697,-3.4499999999999993,1.2,0.18486556290157546,0.9656600641064015,1.2334505001001033,335.9575805536629,71.01930180858399,1.2,0.25659452603956046,1.2334505001001033
22.35,normal,1.0864861274786979,-3.4499999999999997,1.2,0.18457726819643694,0.9601150804106726,1.2339039265587082,335.9828233572523,71.12751059889833,1.2,0.25567853405034785,1.2339039265587082
22.400000000000002,normal,1.1074861274786987,-3.4499999999999997,1.2,0.18379698416880422,0.9544714385302451,1.2343147673484314,336.00646281875845,71.23484729294275,1.2,0.25679863479097487,1.2343147673484314
22.450000000000003,normal,1.1284861274786995,-3.4499999999999997,1.2,0.18253889058395578,0.9487997017013774,1.2346407463209024,336.33469348314134,71.34457579771548,1.2,0.7222123789730756,1.2346407463209024
22.5,normal,1.149486127478697,-3.4499999999999997,1.2,0.18207355108131423,0.9485858425617184,1.2346852952626581,336.617273879951,71.45764004450031,1.2,0.6787880559599866,1.2346852952626581
22.55,normal,1.1704861274786973,-3.4499999999999997,1.2,0.18240245532976576,0.9536509461257163,1.233628355480306,336.6495461896026,71.56940121817014,1.2,0.30350076184939245,1.233628355480306
22.6,normal,1.1914861274786983,-3.4499999999999997,1.2,0.18227664531118254,0.9582239843504305,1.2326993967473905,336.6940548973257,71.6797226001476,1.2,0.312927545960892,1.2326993967473905
22.650000000000002,normal,1.212486127478699,-3.45,1.2,0.18173310054196332,0.9620169892271024,1.2269107211170633,336.75343027855405,71.78859976373968,1.2,0.3650836111391996,1.2269107211170633
22.700000000000003,normal,1.2334861274787,-3.4499999999999997,1.2,0.18082662222784096,0.9647584182857878,1.2217723889175327,336.8227942926284,71.8961977089208,1.2,0.3972075638566117,1.2217723889175327
22.75,normal,1.2544861274786971,-3.45,1.2,0.17962496346691875,0.9662420634658433,1.2203759600807904,336.8909499004628,72.00283521332146,1.2,0.3944835958273633,1.2203759600807904
22.8,normal,1.275486127478698,-3.4499999999999993,1.2,0.17820224247477934,0.9663643675436517,1.2223947179319452,336.9446055056774,72.10873832726689,1.2,0.3398564173870914,1.2223947179319452
22.85,normal,1.2964861274786985,-3.45,1.2,0.17665837733199602,0.9651387501392146,1.2271246276702668,336.9788187140668,72.21412987884041,1.2,0.26178020609506014,1.2271246276702668
22.900000000000002,normal,1.3174861274786993,-3.4499999999999993,1.2,0.1750830473726514,0.962684689803359,1.227194602759883,336.9977789917688,72.31917009756435,1.2,0.22126397645793547,1.227194602759883
22.950000000000003,normal,1.3384861274787003,-3.4499999999999997,1.2,0.17354475623936244,0.9591988229215558,1.2190466579311194,337.01190093611064,72.4239360026835,1.2,0.19753085097867532,1.2190466579311194
23.0,normal,1.3594861274786973,-3.4499999999999993,1.2,0.17208260609657003,0.954920702962138,1.21280804611691,337.03155496734263,72.52844689983057,1.2,0.2194346843447918,1.21280804611691
23.05,normal,1.3804861274786984,-3.4499999999999997,1.2,0.17070324321880265,0.9501032585801321,1.2091160126130205,337.06144083425477,72.63270543613837,1.2,0.26751136804782405,1.2091160126130205
23.1,normal,1.4014861274786992,-3.4499999999999997,1.2,0.16938586599581112,0.9449917261483012,1.2119305131824696,337.52404372665404,72.74010109099515,1.2,0.7570456149409173,1.2119305131824696
23.150000000000002,normal,1.4224861274787,-3.4499999999999997,1.2,0.16924796173866882,0.9452767871880974,1.220415013311534,337.9127218191538,72.85169071683681,1.2,0.6776420647037977,1.220415013311534
23.200000000000003,normal,1.4434861274787005,-3.4499999999999997,1.2,0.17026055725532824,0.9508155876263877,1.2292147357769023,337.9258063280821,72.96257701545868,1.2,0.17695204750629207,1.2292147357769023
23.25,normal,1.4644861274786978,-3.4499999999999997,1.2,0.17117016544851865,0.9557472414309849,1.226579965786386,337.9456837314907,73.07271301817661,1.2,0.19651128260111422,1.226579965786386
23.3,normal,1.4854861274786988,-3.4499999999999997,1.2,0.17190867120115133,0.9598831713491773,1.2221302801489096,337.9788647677153,73.18209558797284,1.2,0.26538381987191234,1.2221302801489096
23.35,normal,1.5064861274786994,-3.45,1.2,0.17240796560056312,0.9630479786085677,1.2206537279458798,338.0230399362461,73.2907622500125,1.2,0.30907804035247394,1.2206537279458798
23.400000000000002,normal,1.5274861274787004,-3.4499999999999993,1.2,0.17261765885412114,0.9651276821710864,1.2222287389574227,338.06973132619,73.39876581362971,1.2,0.31651027055626013,1.2222287389574227
23.450000000000003,normal,1.5484861274786976,-3.4499999999999993,1.2,0.172512813776562,0.9661043326664787,1.2265697662119224,338.1095838399717,73.5061410489909,1.2,0.28824599649999205,1.2265697662119224
23.5,normal,1.5694861274786984,-3.4499999999999993,1.2,0.17209336390401725,0.9660671563944454,1.233102087144316,338.13706400726727,73.61287996311341,1.2,0.231722024779146,1.233102087144316
23.55,normal,1.590486127478699,-3.4499999999999993,1.2,0.1713795713583076,0.9651999354327161,1.2351446783871498,338.1521671122265,73.71892675256098,1.2,0.1606342491813236,1.2351446783871498
23.6,normal,1.6114861274787,-3.4499999999999997,1.2,0.17040715028815848,0.9637524677808262,1.2353812663399624,338.15908806125856,73.82419403646702,1.2,0.11702108022603555,1.2353812663399624
23.650000000000002,normal,1.632486127478697,-3.4499999999999993,1.2,0.16922345236292316,0.9620067284749709,1.2354319270479983,338.1635107763414,73.9285927367838,1.2,0.10367208851450056,1.2354319270479983
23.700000000000003,normal,1.653486127478698,-3.4499999999999997,1.2,0.16788446002899318,0.9602460544116862,1.2350940844025098,338.1701911166187,74.03206301467795,1.2,0.10695237168674929,1.2350940844025098
23.75,normal,1.6744861274786988,-3.4499999999999997,1.2,0.1664519538397014,0.9587313583329646,1.2319484965967018,338.18129634535876,74.13455965181046,1.2,0.15709724938066444,1.2319484965967018
23.8,normal,1.6954861274786999,-3.45,1.2,0.16497782278734116,0.9576321270808779,1.229644616751509,338.1960335152189,74.23605174090076,1.2,0.18727694363242564,1.229644616751509
23.85,normal,1.7164861274786969,-3.4499999999999997,1.2,0.16350070695255967,0.9570126547679194,1.2283157740500101,338.21293614548983,74.33658063484525,1.2,0.2049897840938661,1.2283157740500101
23.900000000000002,normal,1.7374861274786975,-3.4499999999999997,1.2,0.1620674247898942,0.9569302265767099,1.2279995152364005,338.23015562762583,74.43624721789499,1.2,0.21011889832591613,1.2279995152364005
23.950000000000003,normal,1.7584861274786985,-3.4499999999999997,1.2,0.16072644549138826,0.9574318316380219,1.2286395664248226,338.2455445794052,74.53521166432391,1.2,0.2019225641729895,1.2286395664248226
24.0,normal,1.779486127478699,-3.45,1.2,0.15952282754808206,0.958551638557178,1.2300983660167617,338.25850149339595,74.63363440700464,1.2,0.18655322714071132,1.2300983660167617
24.05,normal,1.8004861274786965,-3.4499999999999997,1.2,0.158477174545792,0.9603095794049048,1.231584283680322,338.26841253681977,74.7316854039895,1.2,0.16359487913229045,1.231584283680322
24.1,normal,1.8214861274786973,-3.4499999999999993,1.2,0.1575877322176251,0.9627112245177274,1.2313137834800836,338.27517632020624,74.82953549972241,1.2,0.13510298896395084,1.2313137834800836
24.150000000000002,normal,1.842486127478698,-3.4499999999999997,1.2,0.15683673480807991,0.9657489263946994,1.2312397153187693,338.2793382486167,74.92732596492843,1.2,0.10468366099622968,1.2312397153187693
24.200000000000003,normal,1.8634861274786987,-3.4499999999999997,1.2,0.15619587821601216,0.9693876582759084,1.2313667410105231,338.2816731176596,75.02509186572972,1.2,0.08483389420038143,1.2313667410105231
24.25,normal,1.8844861274786997,-3.4499999999999993,1.2,0.15562613220966262,0.9734620114167776,1.2316782000674211,338.2838888146336,75.12284160759258,1.2,0.08628734529125955,1.2316782000674211
24.3,normal,1.9054861274786967,-3.4499999999999993,1.2,0.15510451289592286,0.9777996160815736,1.2321381886360872,338.2872955011653,75.22057213233262,1.2,0.09793391690957318,1.2321381886360872
24.35,normal,1.9264861274786975,-3.4499999999999997,1.2,0.15462600727317719,0.9822393471009894,1.23269574617062,338.2924673880982,75.31828388468583,1.2,0.11311406275913154,1.23269574617062
24.400000000000002,normal,1.9474861274786985,-3.45,1.2,0.1542038285852098,0.986649092958652,1.2332904825556712,338.29916627425524,75.4159911410662,1.2,0.12573341194890691,1.2332904825556712
24.450000000000003,normal,1.9684861274786993,-3.4499999999999997,1.2,0.15387122244025334,0.9909406376010665,1.2338589224844332,338.3065520980329,75.51372533718552,1.2,0.13222414215859127,1.2338589224844332
24.5,normal,1.9894861274786966,-3.4499999999999997,1.2,0.153690720590113,0.995079255209488,1.2343409126030052,338.3136019285131,75.61153188213429,1.2,0.1314428173092114,1.2343409126030052
24.55,normal,2.010486127478697,-3.4499999999999993,1.2,0.15378348329199232,0.999086357621241,1.2346855611291643,338.3195575454778,75.70946335723812,1.2,0.12548600844974628,1.2346855611291643
24.6,normal,2.031486127478698,-3.45,1.2,0.15434285919142288,1.003034831388973,1.2348562915595507,338.32419980668857,75.80757276543426,1.2,0.11596874174571134,1.2348562915595507
24.650000000000002,normal,2.052486127478699,-3.4499999999999997,1.2,0.1554010898066714,1.007038137111729,1.233300875531805,338.32783943388563,75.90590933409214,1.2,0.10354839204524684,1.233300875531805
24.700000000000003,normal,2.0734861274786995,-3.4499999999999993,1.2,0.15671851762514932,1.011235325698703,1.2314671658360083,338.33106705620344,76.00451722537899,1.2,0.10433902963871004,1.2314671658360083
24.75,normal,2.094486127478697,-3.4499999999999993,1.2,0.15811861159165494,1.0157745587058795,1.230178023485679,338.33442244695595,76.10343585637233,1.2,0.11262737811197703,1.230178023485679
24.8,normal,2.115486127478698,-3.4499999999999997,1.2,0.15953364915196216,1.0207975172091748,1.2295538735713014,338.33815772971303,76.20270025511046,1.2,0.11606697713724592,1.2295538735713014
24.85,normal,2.136486127478699,-3.4499999999999997,1.2,0.16093581668599233,1.0264264781567587,1.2296366968069732,338.3421888852273,76.30234070822677,1.2,0.11374979757647966,1.2296366968069732
24.900000000000002,normal,2.157486127478699,-3.4499999999999993,1.2,0.162308424821506,1.0327551003939186,1.2303906446766277,338.34621611782757,76.4023819502691,1.2,0.10598860119111002,1.2303906446766277
24.950000000000003,normal,2.1784861274787,-3.4499999999999997,1.2,0.16363753929548439,1.039843283759369,1.2317121053806759,338.34991521783877,76.50284257947442,1.2,0.09382134554418657,1.2317121053806759
25.0,normal,2.199486127478697,-3.4499999999999997,1.2,0.1649096365626054,1.0477159301318466,1.2316284817018621,338.3530929468114,76.60373518312467,1.2,0.0800820996184882,1.2316284817018621
25.05,normal,2.2204861274786976,-3.4499999999999997,1.2,0.1661109163640543,1.05636506513997,1.2313728674375006,338.35574643165074,76.70506718659698,1.2,0.07313897291135633,1.2313728674375006
25.1,normal,2.241486127478699,-3.4499999999999997,1.2,0.16722716344521932,1.0604517926498709,1.2313002610499861,338.3580283366839,76.80684209527217,1.2,0.07223924384705255,1.2313002610499861
25.150000000000002,normal,2.2624861274786996,-3.4499999999999997,1.2,0.1682439539795706,1.059089348335448,1.2314137804752567,338.36015962325513,76.90906073703736,1.2,0.07262139090940425,1.2314137804752567
25.200000000000003,normal,2.283486127478701,-3.4499999999999997,1.2,0.1691471790194427,1.0577964570580833,1.2316953292713124,338.36233844866996,77.01172226040174,1.2,0.0738537993066132,1.2316953292713124
25.25,normal,2.3044861274786976,-3.4499999999999997,1.2,0.16992382849430532,1.0565641544937854,1.232108503112769,338.36467789011834,77.1148248305912,1.2,0.07751207982057039,1.232108503112769
25.3,normal,2.3254861274786984,-3.4499999999999997,1.2,0.17056291993645165,1.0553995188397087,1.2326035174795744,338.3671839423082,77.21836607174183,1.2,0.0844529102651803,1.2326035174795744
25.35,normal,2.3464861274786992,-3.4499999999999997,1.2,0.17105642066487858,1.0543232237661015,1.233123360681923,338.36976971656696,77.32234330813635,1.2,0.08974650577314633,1.233123360681923
25.400000000000002,normal,2.3674861274787005,-3.4499999999999997,1.2,0.17140000983423254,1.0533658641388686,1.2336103233157985,338.3722941274298,77.42675361339789,1.2,0.09145987577399198,1.2336103233157985
25.450000000000003,normal,2.3884861274786973,-3.4499999999999997,1.2,0.17159355200746246,1.0525635937049522,1.2340121375371509,338.3746108923159,77.53159364491546,1.2,0.08918729265629784,1.2340121375371509
25.5,normal,2.409486127478698,-3.4499999999999997,1.2,0.17164119900838398,1.0519536044248128,1.2342871265736002,338.37661369150146,77.63685925050044,1.2,0.08318536490015094,1.2342871265736002
25.55,normal,2.4304861274786993,-3.4499999999999997,1.2,0.17155109473259134,1.0515699158951366,1.23440796276775,338.37826524790376,77.7425448773523,1.2,0.07437651679841126,1.23440796276775
25.6,normal,2.4514861274786997,-3.4499999999999997,1.2,0.17133472015026868,1.0514398544896288,1.2343638191701474,338.379602620398,77.84864286317065,1.2,0.06446154851520888,1.2343638191701474
25.650000000000002,normal,2.472486127478697,-3.4499999999999997,1.2,0.17100597166423698,1.0515815025172388,1.2341608531927062,338.3807182581336,77.95514272133826,1.2,0.05575517326072386,1.2341608531927062
25.700000000000003,normal,2.493486127478698,-3.4499999999999997,1.2,0.17058010236576707,1.0520022957795663,1.2338210793573008,338.3817245430373,78.06203053590201,1.2,0.054708849662960066,1.2338210793573008
25.75,normal,2.514486127478699,-3.4499999999999997,1.2,0.17007266289348077,1.05269884416885,1.2333797843900964,338.38271537806827,78.16928856064818,1.2,0.05564558523727122,1.2333797843900964
25.8,normal,2.535486127478699,-3.45,1.2,0.16949855569712408,1.053657942596167,1.2328817287900533,338.3837389216021,78.27689507971509,1.2,0.05638842563447059,1.2328817287900533
25.85,normal,2.5564861274786965,-3.4499999999999993,1.2,0.16887127359336795,1.0548586293761006,1.2323764748028467,338.38479022577667,78.38482454446658,1.2,0.05671072663486213,1.2323764748028467
25.900000000000002,normal,2.5774861274786978,-3.4499999999999997,1.2,0.1682023478364092,1.0562750431123826,1.2319132771229646,338.38582378151705,78.49304795969567,1.2,0.05649851490109942,1.2319132771229646
25.950000000000003,normal,2.598486127478698,-3.4499999999999997,1.2,0.16750099893529385,1.057879740409083,1.2315360496234133,338.3867781010635,78.60153345798936,1.2,0.055418875960203486,1.2315360496234133
26.0,normal,2.619486127478699,-3.45,1.2,0.16677397289582038,1.059647081828312,1.231278950357021,338.38760108152593,78.7102469818888,1.2,0.053004244388971423,1.231278950357021
26.05,normal,2.6404861274786997,-3.4499999999999993,1.2,0.1660255525481687,1.0615562865723354,1.2311630833800042,338.38826686236007,78.81915299565597,1.2,0.049112194686235226,1.2311630833800042
26.1,normal,2.661486127478697,-3.4499999999999997,1.2,0.16525774587604403,1.0635938037298744,1.2311946914916005,338.38878022901713,78.92821517125147,1.2,0.04390213829583041,1.2311946914916005
26.150000000000002,normal,2.6824861274786973,-3.4499999999999997,1.2,0.16447065737446825,1.0657547448938482,1.2313650233798545,338.3891701428505,79.037397025737,1.2,0.037703295132349476,1.2313650233798545
26.200000000000003,normal,2.7034861274786985,-3.45,1.2,0.1636630367682753,1.068043254050323,1.231651836259345,338.3894773252868,79.14666251343571,1.2,0.03115967932522854,1.231651836259345
26.25,normal,2.7244861274786993,-3.4499999999999993,1.2,0.1628329732474038,1.0704718332351837,1.2320222841717692,338.38974138476533,79.25597658372496,1.2,0.027800641952488596,1.2320222841717692
26.3,normal,2.7454861274786966,-3.4499999999999993,1.2,0.16197867168834126,1.0730597724989555,1.2324367813952046,338.3899915306966,79.36530570377364,1.2,0.02903615002550043,1.2324367813952046
26.35,normal,2.7664861274786974,-3.4499999999999997,1.2,0.16109922216669123,1.07583093053814,1.232853343414246,338.39024269191225,79.47461832529793,1.2,0.02975559109388275,1.232853343414246
26.400000000000002,normal,2.787486127478698,-3.45,1.2,0.16019526519713911,1.0788111667189344,1.2332318990048965,338.3904967984006,79.58388525945882,1.2,0.029196356097410912,1.2332318990048965
26.450000000000003,normal,2.808486127478699,-3.45,1.2,0.1592694663982089,1.0820257345606314,1.2335381241052346,338.3907475781076,79.69307992367794,1.2,0.027719962302061148,1.2335381241052346
26.5,normal,2.829486127478696,-3.4499999999999993,1.2,0.15832674279900488,1.0854969175173037,1.233746449715414,338.3909866028443,79.80217843921862,1.2,0.02688933671992131,1.233746449715414
26.55,normal,2.850486127478697,-3.4499999999999997,1.2,0.1573742211343297,1.0892421312218834,1.2338420187851697,338.39120843710884,79.91115958260019,1.2,0.02680334243002731,1.2338420187851697
26.6,normal,2.871486127478698,-3.4499999999999997,1.2,0.1564209471047875,1.093272644412388,1.233821491607351,338.39141343293335,80.0200046182059,1.2,0.026309004237661648,1.233821491607351
26.650000000000002,normal,2.892486127478699,-3.4499999999999993,1.2,0.15547739646277195,1.0975929941137978,1.2336927130045494,338.3916077107812,80.12869705609327,1.2,0.02532587181800635,1.2336927130045494
26.700000000000003,normal,2.9134861274787,-3.4499999999999993,1.2,0.15455486152021025,1.102201097073188,1.233473351351395,338.3918008526728,80.23722238406711,1.2,0.024670424534851458,1.233473351351395
26.75,normal,2.9344861274786966,-3.4499999999999997,1.2,0.15366480861907933,1.1070889940266542,1.2331886973383455,338.3920025116548,80.3455678167901,1.2,0.02520456424013018,1.2331886973383455
26.8,normal,2.9554861274786974,-3.4499999999999997,1.2,0.15281837718402896,1.1122441093487316,1.2328688691626009,338.3922193277573,80.4537220906057,1.2,0.026697905323081545,1.2328688691626009
26.85,normal,2.9764861274786987,-3.45,1.2,0.15202678847401668,1.1176508683114055,1.2325457098656427,338.39245322755653,80.56167531596724,1.2,0.02825737934915889,1.2325457098656427
26.900000000000002,normal,2.997486127478699,-3.4499999999999993,1.2,0.15131684793753655,1.1232924895280212,1.2322496797318003,338.392701538773,80.66941888489873,1.2,0.02958472726248087,1.2322496797318003
26.950000000000003,normal,3.0184861274787,-3.4499999999999997,1.2,0.15102586398076417,1.1291527628375604,1.23200703897989,338.3929586407005,80.77694542212228,1.2,0.030605872256438245,1.23200703897989
27.0,normal,3.0394861274786975,-3.4499999999999997,1.2,0.15094931268548528,1.1352176338092252,1.2318375810956423,338.39321835575794,80.88424876626422,1.2,0.031142363302212938,1.2318375810956423
27.05,normal,3.0604861274786983,-3.45,1.2,0.15090679803373783,1.1414764446977481,1.2317531155545043,338.3934761243476,80.99132397030606,1.2,0.031107749075562813,1.2317531155545043
27.1,normal,3.081486127478698,-3.4499999999999993,1.2,0.15089306260164753,1.147922725504807,1.2317568152428446,338.3937302059363,81.0981673150187,1.2,0.030564654542733338,1.2317568152428446
27.150000000000002,normal,3.1024861274786995,-3.4499999999999997,1.2,0.15090608762136987,1.1545544830104209,1.2318434480670786,338.39398159651086,81.20477633231846,1.2,0.029641496748273488,1.2318434480670786
27.200000000000003,normal,3.1234861274787002,-3.4499999999999997,1.2,0.1509427876897557,1.1613739935948117,1.2320004166703593,338.3942328581045,81.31114983558669,1.2,0.028473862068224907,1.2320004166703593
27.25,normal,3.144486127478697,-3.4499999999999997,1.2,0.15099885161307053,1.1683871598951574,1.232209447963807,338.3944864328665,81.41728795144437,1.2,0.02722000900092771,1.232209447963807
27.3,normal,3.1654861274786983,-3.4499999999999997,1.2,0.15106909490193746,1.175602534879747,1.2324487159475566,338.39474313956765,81.52319214440465,1.2,0.02614691727620262,1.2324487159475566
27.35,normal,3.186486127478699,-3.4499999999999997,1.2,0.15114793897190928,1.1746740515411151,1.2326951529780974,338.3950014046661,81.62886522471194,1.2,0.025503272075283884,1.2326951529780974
27.400000000000002,normal,3.2074861274787,-3.4499999999999997,1.2,0.15122989102233547,1.172586546299404,1.2329267067055623,338.395257446509,81.73431133189709,1.2,0.025154826024867443,1.2329267067055623
27.450000000000003,normal,3.228486127478697,-3.45,1.2,0.1513099546620989,1.1706445456845713,1.2331243281064386,338.395506256991,81.83953589172292,1.2,0.024874879553542065,1.2331243281064386
27.5,normal,3.249486127478698,-3.4499999999999993,1.2,0.1513839331691414,1.1688514750877557,1.2332735231427299,338.395742956166,81.94454555036984,1.2,0.024583225848755684,1.2332735231427299
27.55,normal,3.2704861274786987,-3.4499999999999997,1.2,0.15144861330779638,1.1672120818449463,1.2333653583924367,338.3959640175439,82.04934809454522,1.2,0.024232148502849916,1.2333653583924367
27.6,normal,3.2914861274787,-3.4499999999999997,1.2,0.15150183749064072,1.165732259461864,1.2333968719951804,338.3961679736029,82.15395236793134,1.2,0.023788774788643514,1.2333968719951804
27.650000000000002,normal,3.3124861274787003,-3.4499999999999997,1.2,0.15154248422370548,1.1644187858970947,1.2333708994990584,338.3963554392884,82.25836819251452,1.2,0.02333193435928926,1.2333708994990584
27.700000000000003,normal,3.3334861274786975,-3.4499999999999993,1.2,0.1515703814350911,1.1632789954345382,1.2332953754964655,338.3965285346139,82.36260629867976,1.2,0.022967681499718534,1.2332953754964655
27.75,normal,3.3544861274786983,-3.4499999999999997,1.2,0.15158617626742435,1.1623204116543941,1.233182213546289,338.39668996167427,82.46667826221255,1.2,0.022666635283860107,1.233182213546289
27.8,normal,3.3754861274786996,-3.4499999999999997,1.2,0.15159118070744296,1.1615503732036407,1.2330458969813123,338.3968420556599,82.57059644146295,1.2,0.02233309789865315,1.2330458969813123
27.85,normal,3.3964861274787,-3.4499999999999997,1.2,0.15158720734895229,1.160975684581467,1.2329019305282776,338.3969860881188,82.67437390544626,1.2,0.02188212881251211,1.2329019305282776
27.900000000000002,normal,3.417486127478697,-3.45,1.2,0.15157640525772242,1.1606023214198775,1.2327653064082036,338.3971219878851,82.77802434430575,1.2,0.021254460690365184,1.2327653064082036
27.950000000000003,normal,3.4384861274786984,-3.4499999999999997,1.2,0.15156110308747675,1.1604352143218166,1.2326491285566827,338.3972485053898,82.88156195706172,1.2,0.02042356207578161,1.2326491285566827
28.0,normal,3.4594861274786988,-3.4499999999999997,1.2,0.15154366528891722,1.1604781278443126,1.2325635156178998,338.39736372030535,82.98500131676353,1.2,0.01939869988445645,1.2325635156178998
28.05,normal,3.480486127478699,-3.4499999999999997,1.2,0.15152636696355073,1.16073364236255,1.2325148695349744,338.39746571035306,83.0883572183962,1.2,0.018219144507800232,1.2325148695349744
28.1,normal,3.5014861274786973,-3.4499999999999993,1.2,0.1515112929523384,1.1612032370828367,1.2325055553725786,338.3975531762846,83.19164451858262,1.2,0.016943512198518054,1.2325055553725786
28.150000000000002,normal,3.522486127478698,-3.4499999999999997,1.2,0.15150026651173476,1.1618874632332667,1.2325339940471038,338.3976258546079,83.29487797726439,1.2,0.01563922487342524,1.2325339940471038
28.200000000000003,normal,3.543486127478698,-3.4499999999999997,1.2,0.1514948120885426,1.1627861883377457,1.2325951279530443,338.39768463002076,83.39807211004515,1.2,0.014360781405960624,1.2325951279530443
28.25,normal,3.564486127478699,-3.4499999999999997,1.2,0.15149615527755556,1.1638988863081898,1.232681184761371,338.397731356167,83.50124105653092,1.2,0.013123803968231615,1.232681184761371
28.3,normal,3.5854861274786978,-3.4499999999999997,1.2,0.15150526132786138,1.165224944536907,1.2327826404993216,338.39776847493204,83.60439846613436,1.2,0.011918186027317586,1.2327826404993216
28.35,normal,3.6064861274786986,-3.4499999999999997,1.2,0.151522911920903,1.1667639586177028,1.2328892713199093,338.39779856698885,83.70755739977122,1.2,0.010743920039362049,1.2328892713199093
28.400000000000002,normal,3.6274861274786985,-3.4499999999999997,1.2,0.15154981843984724,1.1685159877911084,1.2329911842454666,338.3978239614338,83.81073024454686,1.2,0.009647382983885538,1.2329911842454666
28.450000000000003,normal,3.6484861274786997,-3.45,1.2,0.1515867677112542,1.1704817493416384,1.2330797291462376,338.3978464895364,83.91392863905574,1.2,0.00880807734051523,1.2330797291462376
28.5,normal,3.6694861274786974,-3.4499999999999997,1.2,0.15163479032187754,1.1726627372924712,1.2331482147042907,338.39786740812957,84.01716340876587,1.2,0.00851743928895183,1.2331482147042907
28.55,normal,3.6904861274786973,-3.4499999999999997,1.2,0.15169532563945198,1.1750612589439944,1.2331923769846866,338.39788746500574,84.12044451318026,1.2,0.00844617987195296,1.2331923769846866
28.6,normal,3.7114861274786985,-3.4499999999999997,1.2,0.15177032158370726,1.177680391102286,1.2332105773276247,338.3979070474987,84.22378100809249,1.2,0.008312733683286045,1.2332105773276247
28.650000000000002,normal,3.7324861274786993,-3.4499999999999997,1.2,0.15186214749594024,1.1805238653152206,1.2332037337492479,338.3979263503225,84.32718102661015,1.2,0.008201018744126775,1.2332037337492479
28.700000000000003,normal,3.7534861274787,-3.4499999999999997,1.2,0.15197315499149172,1.1835958973284024,1.2331750145650644,338.3979455138406,84.4306517815277,1.2,0.008324412007399907,1.2331750145650644
28.75,normal,3.774486127478697,-3.4499999999999997,1.2,0.1521048242243005,1.1869009797991639,1.2331293427555459,338.3979647084115,84.53419958938404,1.2,0.008479880699058284,1.2331293427555459
28.8,normal,3.795486127478698,-3.4499999999999997,1.2,0.15225679762659325,1.1904436588628375,1.2330727734434133,338.3979841638633,84.63782991376941,1.2,0.008537916258591478,1.2330727734434133
28.85,normal,3.816486127478699,-3.4499999999999997,1.2,0.15242645858711734,1.1942283145083892,1.2330118140231012,338.39800415875357,84.74154742288574,1.2,0.008528198637126684,1.2330118140231012
28.900000000000002,normal,3.8374861274787,-3.4499999999999997,1.2,0.1526094484553699,1.1982589622001794,1.232952756762752,338.3980249897085,84.8453560546345,1.2,0.008580371077763346,1.232952756762752
28.950000000000003,normal,3.8584861274787006,-3.4499999999999997,1.2,0.15280074463049442,1.2025390892553738,1.2329010874113218,338.39804693833946,84.94925908195228,1.2,0.008853634188174584,1.2329010874113218
29.0,normal,3.879486127478698,-3.4499999999999997,1.2,0.1529955988146105,1.2070715347199445,1.2328610213650621,338.3980702456147,85.05325917176287,1.2,0.009260798424589331,1.2328610213650621
29.05,normal,3.9004861274786986,-3.4499999999999997,1.2,0.15318999952134882,1.211858416465683,1.2328352026824358,338.3980950953405,85.15735843250097,1.2,0.00964954994984265,1.2328352026824358
29.1,normal,3.9214861274786994,-3.4499999999999997,1.2,0.15338074193702927,1.2169011044951337,1.2328245825094764,338.3981216029683,85.26155844726622,1.2,0.009962620718576348,1.2328245825094764
29.150000000000002,normal,3.9424861274787,-3.4499999999999997,1.2,0.15356530913892324,1.2222002354329409,1.2328284743466449,338.3981498049676,85.36586029184029,1.2,0.01019123755498896,1.2328284743466449
29.200000000000003,normal,3.9634861274787014,-3.4499999999999997,1.2,0.15374170945910154,1.2277557602122073,1.2328447660945665,338.3981796469784,85.47026453869519,1.2,0.010358172986323352,1.2328447660945665
29.25,normal,3.9844861274786987,-3.4499999999999997,1.2,0.1539083356438924,1.2335670151983968,1.232870254720707,338.39821097357105,85.57477124954934,1.2,0.010519824697375356,1.232870254720707
29.3,normal,4.005486127478699,-3.4499999999999993,1.2,0.15406386402306463,1.2396328064508009,1.2329010599513708,338.3982435257808,85.67937995995207,1.2,0.010722920732825226,1.2329010599513708
29.35,normal,4.0264861274787,-3.4499999999999997,1.2,0.1542071914933874,1.2459514973932764,1.2329330692354774,338.39827695251796,85.7840896598637,1.2,0.010924767338035385,1.2329330692354774
29.400000000000002,normal,4.047486127478701,-3.4499999999999997,1.2,0.15433740167739382,1.2525210916402274,1.2329623673078407,338.3983108382169,85.88889877434517,1.2,0.011046544766755095,1.2329623673078407
29.450000000000003,normal,4.068486127478701,-3.4499999999999997,1.2,0.15445375088741625,1.259339304821404,1.2329856093741305,338.3983447433194,85.99380514835266,1.2,0.011047725600842145,1.2329856093741305
29.5,normal,4.089486127478699,-3.45,1.2,0.15455566573200702,1.266403621660371,1.2330003061881964,338.39837824907056,86.09880603927668,1.2,0.010925097864230302,1.2330003061881964
29.55,normal,4.1104861274787,-3.4499999999999997,1.2,0.15464274589047347,1.273711336982135,1.2330050007890216,338.39841099596964,86.20389812026652,1.2,0.010699001964235767,1.2330050007890216
29.6,normal,4.1314861274787,-3.4499999999999997,1.2,0.15471476725834177,1.2812595814883012,1.2329993290390748,338.39844270699007,86.30907749653373,1.2,0.010406256206354145,1.2329993290390748
29.650000000000002,normal,4.152486127478701,-3.4499999999999997,1.2,0.1547716821881523,1.2890453348369972,1.232983968074749,338.39847319153694,86.41433973575663,1.2,0.010095728407739682,1.232983968074749
29.700000000000003,normal,4.173486127478698,-3.4499999999999997,1.2,0.15481361488418283,1.2970654296704087,1.2329604872534157,338.3985023320334,86.51967991249097,1.2,0.00981818513852219,1.2329604872534157
29.75,normal,4.194486127478699,-3.4499999999999997,1.2,0.15484085115529983,1.305316550698376,1.2329311243300287,338.39853005977125,86.62509266526071,1.2,0.009601564569205348,1.2329311243300287
29.8,normal,4.2154861274787,-3.4499999999999997,1.2,0.15485382268773065,1.3137952328049083,1.232898514879021,338.39855632871723,86.73057226390893,1.2,0.009430576766225208,1.232898514879021
29.85,normal,4.236486127478702,-3.4499999999999997,1.2,0.15485308676254714,1.3224978614959941,1.2328654051523844,338.39858109500705,86.83611268398084,1.2,0.009265247714719194,1.2328654051523844
29.900000000000002,normal,4.257486127478699,-3.45,1.2,0.1548393028949282,1.3314206780013118,1.2328343776803827,338.3986043066839,86.94170768449116,1.2,0.009071574630462105,1.2328343776803827
29.950000000000003,normal,4.278486127478699,-3.4499999999999997,1.2,0.154813208194094,1.3405597901554673,1.2328076152927534,338.3986259042632,87.0473508854295,1.2,0.008831918219789039,1.2328076152927534
30.0,normal,4.299486127478699,-3.4499999999999997,1.2,0.1547755933204745,1.349911188994853,1.2327867234113068,338.39864582936906,87.1530358417497,1.2,0.00854305311265274,1.2327867234113068
30.05,normal,4.3204861274787,-3.4499999999999997,1.2,0.15472728075497794,1.3594707699731357,1.2327726231597358,338.398664036931,87.2587561112714,1.2,0.008211700372718844,1.2327726231597358
30.1,normal,4.3414861274786976,-3.4499999999999997,1.2,0.15466910672576833,1.3692343569431096,1.2327655198754681,338.3986805064919,87.36450531477061,1.2,0.007849380588092519,1.2327655198754681
30.150000000000002,normal,4.359999999999999,-3.4475138725213004,1.2,0.15386596502335254,1.3791977266475495,1.2327682451488033,338.3988177357584,87.47019269480596,1.2,0.0203294228738425,1.2327682451488033
30.200000000000003,normal,4.359999999999999,-3.4265138725213,1.2,0.1573714932864238,1.3893571021059044,1.2327786867771475,338.4001726646935,87.5750919854206,1.2,0.07055919877818637,1.2327786867771475
30.25,normal,4.359999999999999,-3.405513872521299,1.2,0.16478862361947005,1.3995304446146728,1.2327907936430367,338.4049284405794,87.67851855867346,1.2,0.13355555933526014,1.2327907936430367
30.3,normal,4.359999999999999,-3.384513872521302,1.2,0.1735597813979096,1.3974379898711404,1.2327959158295325,338.4148577639677,87.7798379135038,1.2,0.19348053381307936,1.2327959158295325
30.35,normal,4.36,-3.3635138725213016,1.2,0.18307899856183768,1.3955006962377101,1.2327843170436612,338.43131779409697,87.87847316726871,1.2,0.2492500393800127,1.2327843170436612
30.400000000000002,normal,4.3599999999999985,-3.3425138725213004,1.2,0.19303035872568514,1.393780785665024,1.2327466949112815,338.45525720358546,87.97391195189853,1.2,0.3004852426613052,1.2327466949112815
30.450000000000003,normal,4.359999999999999,-3.3215138725212996,1.2,0.20322878463916494,1.39226388684348,1.2326755598085888,338.48723385693484,88.06571307388023,1.2,0.3469660085682841,1.2326755598085888
30.5,normal,4.359999999999999,-3.3005138725213023,1.2,0.21353965100799557,1.3909374017936103,1.232566350683779,338.5274414948571,88.1535132811484,1.2,0.38854710998585057,1.232566350683779
30.55,normal,4.359999999999999,-3.2795138725213016,1.2,0.22384067931197835,1.3897909728929039,1.2324182020843952,338.5757437556234,88.23703448354844,1.2,0.42513685364758047,1.2324182020843952
30.6,normal,4.359999999999999,-3.258513872521301,1.2,0.23400508610013016,1.388817122459591,1.2322343157540185,338.63171388931084,88.31609179590242,1.2,0.4566902126655707,1.2322343157540185
30.650000000000002,normal,4.359999999999999,-3.2375138725213,1.2,0.24389765189750695,1.3880120633229842,1.2320219288577652,338.6946786328731,88.39060282131582,1.2,0.4832067221365592,1.2320219288577652
30.700000000000003,normal,4.359999999999999,-3.216513872521299,1.2,0.2533793317439782,1.3873766569750152,1.2317919063008693,338.7637648914963,88.46059867374704,1.2,0.5047304923405045,1.2317919063008693
30.75,normal,4.359999999999999,-3.1955138725213015,1.2,0.26231637133328717,1.3869174759962763,1.231558014802496,338.83794806727417,88.52623727298389,1.2,0.521351557609069,1.231558014802496
30.8,normal,4.359999999999999,-3.174513872521301,1.2,0.2705901728475511,1.386647911116775,1.231335960111777,338.91610103757904,88.58781892527378,1.2,0.5332084691527148,1.231335960111777
30.85,normal,4.359999999999999,-3.1535138725213003,1.2,0.2781054118671983,1.3865892516616578,1.2311422850834488,338.9970428766413,88.64580154501314,1.2,0.5404924206600558,1.2311422850834488
30.900000000000002,normal,4.359999999999999,-3.1325138725212995,1.2,0.2847955295443384,1.3867716619784722,1.2309932344977284,339.07958642698424,88.70080669576218,1.2,0.5434534512230732,1.2309932344977284
30.950000000000003,normal,4.359999999999999,-3.1115138725212987,1.2,0.2906258921686796,1.3872349761110587,1.2309036918995957,339.1625837824733,88.75360994987335,1.2,0.5424093583628873,1.2309036918995957
31.0,normal,4.359999999999999,-3.0905138725213015,1.2,0.29559536128771374,1.3880292384962047,1.230886284082716,339.244968679864,88.80519072533964,1.2,0.5377576626707121,1.230886284082716
31.05,normal,4.359999999999999,-3.0695138725213003,1.2,0.2997369250976226,1.389214929472525,1.2309507305405547,339.3257947537478,88.85718996690464,1.2,0.5299898701639302,1.2309507305405547
31.1,normal,4.359999999999999,-3.0485138725213,1.2,0.3031176496449558,1.3908628301739638,1.2311034895603405,339.4042686263726,88.91151201448719,1.2,0.5197048163041561,1.2311034895603405
31.150000000000002,normal,4.359999999999999,-3.0275138725212987,1.2,0.3058376627626852,1.3930535007944511,1.2313477219713305,339.47977689932543,88.9690588643676,1.2,0.5076141296021195,1.2313477219713305
31.200000000000003,normal,4.359999999999999,-3.0065138725212983,1.2,0.3080272921055232,1.395876367753637,1.231683561060783,339.55190628983553,89.03030324760253,1.2,0.4945307596034734,1.231683561060783
31.25,normal,4.359999999999999,-2.9855138725213015,1.2,0.30984109169061624,1.399428437219237,1.2321086464634794,339.62045639365516,89.09557028930203,1.2,0.48133812745314775,1.2321086464634794
31.3,normal,4.359999999999999,-2.9645138725213003,1.2,0.3114478417287699,1.396330557909285,1.232618854405518,339.6854448293518,89.1651029645769,1.2,0.4689542661106342,1.232618854405518
31.35,normal,4.359999999999999,-2.9435138725212995,1.2,0.3130172482408595,1.3823219127423252,1.2332091393249633,339.7471047913732,89.2390853918255,1.2,0.4583064037273587,1.2332091393249633
31.400000000000002,normal,4.359999999999999,-2.9225138725212982,1.2,0.31470663127128523,1.3674056334129447,1.2338743942510746,339.8058752828676,89.3176548065306,1.2,0.45027829706961625,1.2338743942510746
31.450000000000003,normal,4.359999999999999,-2.901513872521298,1.2,0.3166523225861228,1.3517087535357055,1.2346102397361094,339.8623844982005,89.40090994947563,1.2,0.44554286217429534,1.2346102397361094
31.5,normal,4.359999999999999,-2.8805138725213006,1.2,0.31896851552856514,1.335369131706342,1.2354136626978451,339.91742697882364,89.48891840935559,1.2,0.44433933313506113,1.2354136626978451
31.55,normal,4.359999999999999,-2.8595138725213,1.2,0.3217515107608331,1.318534486900998,1.2362834453825888,339.9719352858572,89.58172357648176,1.2,0.4464660825820223,1.2362834453825888
31.6,normal,4.359999999999999,-2.8385138725212995,1.2,0.3250833538166289,1.3013612987944125,1.2372203483386701,340.0269470346037,89.67935108480197,1.2,0.4515221511873282,1.2372203483386701
31.650000000000002,normal,4.359999999999999,-2.8175138725212987,1.2,0.32902891487224256,1.2840135666015928,1.2382270371093453,340.0835682342079,89.78181440228029,1.2,0.4591227511315613,1.2382270371093453
31.700000000000003,normal,4.359999999999999,-2.796513872521301,1.2,0.333624866217222,1.2666614204872821,1.2393077676858557,340.1429339772995,89.88911928501074,1.2,0.4689653835797426,1.2393077676858557
31.75,normal,4.359999999999999,-2.7755138725213,1.2,0.33886558721468546,1.2494795800877838,1.240467868251474,340.2061676299872,90.00126695388907,1.2,0.480806048809337,1.240467868251474
31.8,normal,4.359999999999999,-2.7545138725212994,1.2,0.3446950651011573,1.2326456558594756,1.2417130724502867,340.27433977697456,90.11825599182347,1.2,0.49440770297035713,1.2417130724502867
31.85,normal,4.359999999999999,-2.7335138725212986,1.2,0.351010785960865,1.2163382915116332,1.2430487708960298,340.34842827179125,90.24008306334508,1.2,0.5094897914883436,1.2430487708960298
31.900000000000002,normal,4.359999999999999,-2.7125138725213014,1.2,0.35767747334168465,1.2007351503774355,1.244479220284857,340.42919388571454,90.36673586157578,1.2,0.525272680783271,1.244479220284857
31.950000000000003,normal,4.359999999999999,-2.6915138725213,1.2,0.36454465782709,1.1860107557355175,1.24600671429462,340.5170396008066,90.49817841595129,1.2,0.5405111573293633,1.24600671429462
32.0,normal,4.359999999999999,-2.6705138725212993,1.2,0.37146189150995623,1.1723342043468434,1.2474304822956799,340.6124309314806,90.63437043168301,1.2,0.5560799920311079,1.2474304822956799
32.050000000000004,normal,4.359999999999999,-2.649513872521299,1.2,0.3782815273761059,1.1598667829173495,1.247573801950419,340.7156298044611,90.77526547543233,1.2,0.5716224573226197,1.247573801950419
32.1,normal,4.359999999999999,-2.6285138725213013,1.2,0.3848621001548319,1.1487595314072336,1.2476947938044094,340.8266866156344,90.92080902063033,1.2,0.5870922578626152,1.2476947938044094
32.15,normal,4.359999999999999,-2.607513872521301,1.2,0.39106975737222033,1.1391508123177962,1.2477920283151027,340.94544048259195,91.07093650268067,1.2,0.6031769687575353,1.2477920283151027
32.2,normal,4.359999999999999,-2.5865138725213,1.2,0.39677913153213284,1.1311639593715437,1.2478668303429665,341.07152725458184,91.22557151512775,1.2,0.6211896051613482,1.2478668303429665
32.25,normal,4.359999999999999,-2.5655138725212994,1.2,0.4018744184538868,1.1249050900441875,1.247922799019796,341.20439553794955,91.38461309462441,1.2,0.6405975241862177,1.247922799019796
32.300000000000004,normal,4.359999999999999,-2.5445138725212986,1.2,0.40625379818821106,1.1204615511949896,1.2479651317986757,341.3433848922825,91.54794454612278,1.2,0.6602321175330734,1.2479651317986757
32.35,normal,4.359999999999999,-2.5235138725213013,1.2,0.40982849978752467,1.1179005871668417,1.2479998320091568,341.4877028600604,91.71543395110831,1.2,0.6781915868515653,1.2479998320091568
32.4,normal,4.359999999999999,-2.502513872521301,1.2,0.41252456498872886,1.1172682496158768,1.2480444409727403,341.6360172484758,91.8869254948822,1.2,0.6927163100393953,1.2480444409727403
32.45,normal,4.359999999999999,-2.4815138725212997,1.2,0.41428736927126336,1.1185886341626514,1.2481412151469282,341.7863763353423,92.06222874980153,1.2,0.7022469844645078,1.2481412151469282
32.5,normal,4.359999999999999,-2.4605138725212994,1.2,0.41508669869142284,1.121863515508281,1.2483243230164998,341.93792161212355,92.2411393517056,1.2,0.7088569300577499,1.2483243230164998
32.550000000000004,normal,4.359999999999999,-2.439513872521298,1.2,0.41491283495100345,1.127072428298945,1.2486181499204783,342.0897793178035,92.42343877980556,1.2,0.7124520081903383,1.2486181499204783
32.6,normal,4.359999999999999,-2.418513872521301,1.2,0.4137778417914036,1.1341732087726448,1.2496406959191328,342.2411006451073,92.60800586038826,1.2,0.7130765798665257,1.2496406959191328
32.65,normal,4.359999999999999,-2.3975138725213,1.2,0.4118588465890123,1.143102977956292,1.2518312015215654,342.3918069082382,92.7938271338761,1.2,0.7117252310326722,1.2518312015215654
32.7,normal,4.359999999999999,-2.3765138725212993,1.2,0.4093256845438521,1.153779519128414,1.2549980780171954,342.5408981238576,92.98069351848488,1.2,0.7037509126241324,1.2549980780171954
32.75,normal,4.359999999999999,-2.355513872521302,1.2,0.40622757214551586,1.166102906611546,1.258942321870579,342.6864827308079,93.16834760972142,1.2,0.6891544454115847,1.258942321870579
32.800000000000004,normal,4.359999999999999,-2.3345138725212977,1.2,0.4026408241741308,1.1799430265281614,1.258846090419145,342.8291665199958,93.35646579779817,1.2,0.674271582000529,1.258846090419145
32.85,normal,4.359999999999999,-2.3135138725213005,1.2,0.39865852516871336,1.195157563202428,1.2538274510624863,342.97108927280107,93.54466616991644,1.2,0.6644498126401102,1.2538274510624863
32.9,normal,4.359999999999999,-2.2925138725212997,1.2,0.3943817725917277,1.2115960998799327,1.2484385769002773,343.11520567950225,93.73252617730685,1.2,0.6647439016896687,1.2484385769002773
32.95,normal,4.359999999999999,-2.271513872521299,1.2,0.38991437913550697,1.2290996903732363,1.2430030674009849,343.26475245199066,93.91960143269341,1.2,0.676204599595529,1.2430030674009849
33.0,normal,4.359999999999999,-2.2505138725213016,1.2,0.3853605497866105,1.2475004232139886,1.237836067117244,343.42256680770663,94.10544551620806,1.2,0.6946255858954986,1.237836067117244
33.050000000000004,normal,4.359999999999999,-2.2295138725212973,1.2,0.3808239608222203,1.2666210965938671,1.233226779327052,343.5896718618156,94.28973692340037,1.2,0.7104961060014316,1.233226779327052
33.1,normal,4.359999999999999,-2.2085138725213,1.2,0.3763848541020468,1.286275127060245,1.2294218899535416,343.765706144152,94.47220952813268,1.2,0.7244034500177167,1.2294218899535416
33.15,normal,4.359999999999999,-2.187513872521303,1.2,0.3721150456821929,1.3062668262542052,1.226611364166932,343.94865728783327,94.65263205473113,1.2,0.7356370683186096,1.226611364166932
33.2,normal,4.359999999999999,-2.1665138725212985,1.2,0.36808144010761595,1.3263921965233625,1.2249181001271288,344.13486780085054,94.83082387942397,1.2,0.7420152431734095,1.2249181001271288
33.25,normal,4.359999999999999,-2.145513872521301,1.2,0.3643411223007839,1.3464404120723958,1.2243926589745024,344.3197375260655,95.00666730383458,1.2,0.7421156646903366,1.2243926589745024
33.300000000000004,normal,4.359999999999999,-2.1245138725213004,1.2,0.360936791888009,1.366196156286746,1.2250137453321717,344.9431655747858,95.18000598559283,1.2,1.2688419044191328,1.2250137453321717
33.35,normal,4.359999999999999,-2.1035138725212996,1.2,0.357645446421087,1.3854429619113924,1.226694367262468,345.51123007871865,95.35241618371485,1.2,1.222419749563514,1.226694367262468
33.4,normal,4.359999999999999,-2.0825138725213024,1.2,0.35437756114030766,1.4039676304295619,1.2292928127684026,346.0184886059117,95.52521627507473,1.2,1.16744562175795,1.2292928127684026
33.45,normal,4.359999999999999,-2.061513872521298,1.2,0.3511223298503242,1.4215656756048947,1.2326269352089219,346.6088980912703,95.69868728595958,1.2,1.2133896928888865,1.2326269352089219
33.5,normal,4.359999999999999,-2.040513872521301,1.2,0.3482410744987422,1.438047542936611,1.2364899043079505,347.18823567611275,95.87462373311467,1.2,1.182631987106513,1.2364899043079505
33.550000000000004,normal,4.359999999999999,-2.0195138725213,1.2,0.3458910762186134,1.4532451259940984,1.2115369948237624,347.7662386864627,96.05504607466108,1.2,1.2110986510960404,1.2115369948237624
33.6,normal,4.359999999999999,-1.9985138725212992,1.2,0.3443283096319067,1.4670178869801933,1.178879951691045,348.3769470270591,96.2388046235003,1.2,1.313560391879188,1.178879951691045
33.65,normal,4.359999999999999,-1.977513872521302,1.2,0.3440856355116354,1.479257768561874,1.1510987448534544,348.72447788908505,96.42522074457699,1.2,1.1258144192153263,1.1510987448534544
33.7,normal,4.359999999999999,-1.9565138725213012,1.2,0.34477945038281793,1.489892127167513,1.1317052125109766,349.2550539271564,96.61540301888203,1.2,1.3001285026008582,1.1317052125109766
33.75,normal,4.359999999999999,-1.9355138725213004,1.2,0.34588771033798693,1.4988841518189997,1.1220248908506432,349.84445014425603,96.80923937023798,1.2,1.3568628475767563,1.1220248908506432
33.800000000000004,normal,4.359999999999999,-1.9145138725212996,1.2,0.3471548275423656,1.5062306162274244,1.1218315054172565,350.3783280626416,97.00628883899752,1.2,1.3133893671497885,1.1218315054172565
33.85,normal,4.359999999999999,-1.8935138725212988,1.2,0.3486861779552597,1.4916344081260065,1.1346759631737664,351.20660794047615,97.20200813757523,1.2,1.581115185867032,1.1346759631737664
33.9,normal,4.359999999999999,-1.8725138725213015,1.2,0.35011040467772153,1.456503974546781,1.1575902263970548,351.9368657861098,97.39469533983252,1.2,1.5031713887750344,1.1575902263970548
33.95,normal,4.359999999999999,-1.8515138725213007,1.2,0.35211903956833934,1.4193838359941144,1.1854678162702696,352.3766651823464,97.58292700807029,1.2,1.2217899802424745,1.1854678162702696
34.0,normal,4.359999999999999,-1.8305138725213,1.2,0.3548759378081951,1.382911529444432,1.2166254498070324,352.6263033050842,97.76851796806088,1.2,0.9127493622688034,1.2166254498070324
34.050000000000004,normal,4.359999999999999,-1.8095138725212991,1.2,0.35803438978871494,1.3473787251586395,1.2485690469647686,352.82349051015865,97.95181024396334,1.2,0.8516547829747043,1.2485690469647686
34.1,normal,4.359999999999999,-1.7885138725212983,1.2,0.3611173324407651,1.3138056388223298,1.2551053262295826,353.4455791658133,98.13061799299732,1.2,1.3248350809987326,1.2551053262295826
34.15,normal,4.359999999999999,-1.767513872521301,1.2,0.3628270999224363,1.283336345782338,1.2468799004615514,354.12065111342935,98.30528455294935,1.2,1.4021991539531136,1.2468799004615514
34.2,normal,4.359999999999999,-1.7465138725213003,1.2,0.3626790891712436,1.2566511741674538,1.2320304315306545,354.8030054327472,98.47728392852432,1.2,1.417127064354304,1.2320304315306545
34.25,normal,4.359999999999999,-1.7255138725212995,1.2,0.3604403743558772,1.2336010661449481,1.214579590665948,355.4478285050209,98.64771245787796,1.2,1.415347557615575,1.214579590665948
34.300000000000004,normal,4.359999999999999,-1.7045138725212987,1.2,0.3560732192520499,1.2140013856274703,1.194103016244891,356.18145176948923,98.81442197048538,1.2,1.5074850393037622,1.194103016244891
34.35,normal,4.359999999999999,-1.6835138725213015,1.2,0.3498009076573754,1.1976540530094046,1.1722662608884575,356.96662282647287,98.97746955155256,1.2,1.5673333826726208,1.1722662608884575
34.4,normal,4.359999999999999,-1.6625138725213007,1.2,0.3417904029601163,1.1843519074236426,1.151198798766497,357.85693427995335,99.13751755591682,1.2,1.6722290218326232,1.151198798766497
34.45,normal,4.359999999999999,-1.6415138725212999,1.2,0.3322149731651077,1.1738826495410797,1.1341641057181362,358.79619151994405,99.29600513676881,1.2,1.756124452926769,1.1341641057181362
34.5,normal,4.359999999999999,-1.620513872521299,1.2,0.3213264771528079,1.1660322716270917,1.122114575873833,359.9879198997542,99.45585847227882,1.2,1.9741963235016566,1.122114575873833
34.550000000000004,normal,4.359999999999999,-1.599513872521298,1.2,0.3097836582342388,1.1605879237299799,1.1153908770187067,361.0738911218827,99.61869761486496,1.2,1.8705220690193982,1.1153908770187067
34.6,normal,4.359999999999999,-1.578513872521301,1.2,0.29816537583474384,1.1573402055521533,1.1140119937627408,362.05989542493376,99.787320267061,1.2,1.7731949760843775,1.1140119937627408
34.65,normal,4.359999999999999,-1.5575138725213,1.2,0.28677350364591536,1.1560849088700678,1.1133434610203703,362.9731366745943,99.96372203638549,1.2,1.7007689771449777,1.1133434610203703
34.7,normal,4.366570873799473,-1.5379267406090245,1.2,0.279862869463758,1.1566242628048415,1.1180713793651427,363.87753533660884,100.14323774338185,1.2,1.7085416627016812,1.1180713793651427
34.75,normal,4.375202629674858,-1.5187827391854025,1.2,0.2766501125353974,1.158813331679003,1.1251331644481086,364.70149677223094,100.32407476651976,1.2,1.5929325404047807,1.1251331644481086
34.800000000000004,normal,4.383834385550247,-1.4996387377617741,1.2,0.2762659331818017,1.1625263013805693,1.1338613156388926,365.43805353258983,100.5074012003889,1.2,1.4877152280080375,1.1338613156388926
34.85,normal,4.392466141425632,-1.4804947363381522,1.2,0.2778876704567245,1.167593134971394,1.1437499022695492,366.0007534875934,100.69350400286612,1.2,1.194163889731395,1.1437499022695492
34.9,normal,4.4010978973010175,-1.461350734914527,1.2,0.2807505469205761,1.1728273780038447,1.1485987448288197,366.3930041021816,100.88307120896992,1.2,1.1161019066363274,1.1485987448288197
34.95,normal,4.409729653176404,-1.442206733490902,1.2,0.28432323782033614,1.1765570315937424,1.1137145586998807,366.85794332155604,101.07833998397655,1.2,1.2064997908788673,1.1137145586998807
35.0,normal,4.41836140905179,-1.42306273206728,1.2,0.2885050618379469,1.176543770806011,1.0870978343069557,367.38986385340206,101.27289580876612,1.2,1.3249980997141253,1.0870978343069557
35.050000000000004,normal,4.426993164927177,-1.4039187306436516,1.2,0.29390967871166945,1.1726852732514919,1.069451061093862,367.8859264891695,101.46626274361333,1.2,1.3016229219125237,1.069451061093862
35.1,normal,4.435624920802562,-1.3847747292200294,1.2,0.2999698768644571,1.1654198846908328,1.055891778507602,368.375930777025,101.65977448600299,1.2,1.2866601178770931,1.055891778507602
35.15,normal,4.444256676677948,-1.3656307277964075,1.2,0.3073684932641991,1.1551978075459688,1.0467076545154763,368.81576349844374,101.85308377683275,1.2,1.2081771153412133,1.0467076545154763
35.2,normal,4.452888432553336,-1.346486726372779,1.2,0.31562025458970944,1.1301811929440604,1.0420534246821789,369.2072717762859,102.04586420776961,1.2,1.1296321152789612,1.0420534246821789
35.25,normal,4.461520188428721,-1.3273427249491572,1.2,0.32439166343376746,1.100633321021421,1.0480943707440504,369.8708792632523,102.23209524333839,1.2,1.3428309932242821,1.0480943707440504
35.300000000000004,normal,4.470151944304107,-1.3081987235255321,1.2,0.3322400383424818,1.071567130733729,1.0643033139483953,370.495000522877,102.41138208279614,1.2,1.2812859732559798,1.0643033139483953
35.35,normal,4.478783700179494,-1.2890547221019069,1.2,0.339125540856695,1.0430043271450298,1.0902605106506587,371.085213090232,102.58347260722346,1.2,1.2178592174195373,1.0902605106506587
35.4,normal,4.48741545605488,-1.269910720678285,1.2,0.3450491824161397,1.0149326218732717,1.1255046934328623,371.63264078604686,102.74828563142337,1.2,1.1436398023518184,1.1255046934328623
35.45,normal,4.496047211930267,-1.2507667192546565,1.2,0.35006003701048216,0.9873103627958228,1.1646613939900579,371.86106708734513,102.90768530342216,1.2,0.8280410296123654,1.1646613939900579
35.5,normal,4.504678967805652,-1.2316227178310344,1.2,0.354645928474365,0.9600729773570562,1.2039315417201186,371.96024063991285,103.06413080219903,1.2,0.518431359092125,1.2039315417201186
35.550000000000004,normal,4.513310723681038,-1.2124787164074093,1.2,0.35926438258864674,0.9331215396561581,1.2169934696725027,372.52972158245524,103.2139406742593,1.2,1.2784801847012535,1.2169934696725027
35.6,normal,4.521942479556426,-1.193334714983784,1.2,0.3639988541106521,0.9118523693484921,1.212217953714294,373.155607903672,103.35763466586916,1.2,1.3663439067312595,1.212217953714294
35.65,normal,4.530574235431811,-1.1741907135601621,1.2,0.36857788989301515,0.8956654841197949,1.209498673790047,373.9708484913343,103.48872171140438,1.2,1.606674272623374,1.209498673790047
35.7,normal,4.539205991307197,-1.155046712136537,1.2,0.3715415120754938,0.8837692643440775,1.2014956683181228,374.8043477103637,103.6094963896748,1.2,1.6142210078824928,1.2014956683181228
35.75,normal,4.547837747182584,-1.1359027107129118,1.2,0.3729159850133373,0.8753266136986191,1.1909323783317023,375.6316577804396,103.72548989443956,1.2,1.5744608026594826,1.1909323783317023
35.800000000000004,normal,4.55646950305797,-1.1167587092892868,1.2,0.3728421568800156,0.8695306440010457,1.180382172568799,376.07847819977735,103.83875093416442,1.2,1.1712511541048607,1.180382172568799
35.85,normal,4.565101258933357,-1.0976147078656613,1.2,0.37271442588597087,0.8657188399598288,1.171319036153042,376.47459006920656,103.9506669263942,1.2,1.0724681888703445,1.171319036153042
35.9,normal,4.573733014808742,-1.0784707064420396,1.2,0.37253845285631104,0.8632400508873574,1.1651248505962535,376.83200498373907,104.06276125622286,1.2,0.9798995911724038,1.1651248505962535
35.95,normal,4.582364770684128,-1.0593267050184143,1.2,0.3721492423132491,0.8615151976530535,1.1626463424952105,377.154828879032,104.17666538552827,1.2,0.9173816327108968,1.1626463424952105
36.0,normal,4.590996526559515,-1.0401827035947893,1.2,0.3712899811666256,0.8601218281818748,1.1638508606108877,377.42692560996716,104.29355903063976,1.2,0.8568351187558039,1.1638508606108877
36.050000000000004,normal,4.599628282434901,-1.0210387021711638,1.2,0.36973875735954126,0.8588678368578992,1.168297203457902,377.65289156669104,104.41413369928291,1.2,0.7845477720366751,1.168297203457902
36.1,normal,4.608260038310288,-1.001894700747539,1.2,0.3673589002796538,0.8578032667254274,1.1750033259255055,377.82295549118135,104.53889486176436,1.2,0.6763839415976689,1.1750033259255055
36.15,normal,4.6168917941856735,-0.9827506993239169,1.2,0.3642379634741152,0.8571935763830385,1.1763285042239364,378.195021724575,104.66263824980605,1.2,0.929036146250473,1.1763285042239364
36.2,normal,4.625523550061059,-0.9636066979002916,1.2,0.3613847990395633,0.8575658312247441,1.1727904113173078,378.56434931536774,104.78571847192634,1.2,0.990188762260223,1.1727904113173078
36.25,normal,4.634155305936446,-0.9444626964766665,1.2,0.35875186151250543,0.858987239937665,1.165704455770836,378.94470935620654,104.90868333578274,1.2,1.0731828049804077,1.165704455770836
36.300000000000004,normal,4.642787061811832,-0.9253186950530413,1.2,0.356217699655025,0.8610722985405055,1.1571710106499682,379.32583233420723,105.03171575714701,1.2,1.1090367298085388,1.1571710106499682
36.35,normal,4.651418817687218,-0.9061746936294194,1.2,0.35354407024461826,0.8630462726856185,1.1494534556911176,379.7207145504602,105.15437678171814,1.2,1.0864110740874373,1.1494534556911176
36.4,normal,4.660050573562604,-0.887030692205794,1.2,0.35059859497720025,0.8639211263968443,1.144071476006572,380.12912890138693,105.27636075138959,1.2,1.0414184926041394,1.144071476006572
36.45,normal,4.668682329437991,-0.8678866907821691,1.2,0.3473739595427435,0.8627694689596261,1.1415870345105565,380.5302279804262,105.39786590751031,1.2,1.0332883347930106,1.1415870345105565
36.5,normal,4.677314085313377,-0.8487426893585437,1.2,0.3440046427177022,0.8589705897176934,1.141648894405986,380.91994339755763,105.51962289172992,1.2,1.0505498271077125,1.141648894405986
36.550000000000004,normal,4.685945841188765,-0.8295986879349188,1.2,0.3407395415307989,0.8524487991111267,1.1434934722048848,381.31143384097913,105.64251005910965,1.2,1.09166063467141,1.1434934722048848
36.6,normal,4.69457759706415,-0.8104546865112966,1.2,0.33780967484914554,0.8433719060164464,1.1461873278431285,381.68192144010357,105.76739499715846,1.2,1.0781573606293522,1.1461873278431285
36.65,normal,4.7032093529395365,-0.7913106850876714,1.2,0.3353523141055804,0.8320596203911335,1.148737705641757,381.97787442416296,105.89463619281435,1.2,0.9547335297060451,1.148737705641757
36.7,normal,4.711841108814922,-0.7721666836640463,1.2,0.3334336003925268,0.8190401249964052,1.1505577945399204,382.19310778703834,106.02435061523106,1.2,0.810203217078383,1.1505577945399204
36.75,normal,4.720472864690308,-0.7530226822404242,1.2,0.332015407886015,0.8048093911943204,1.1513835131298102,382.3579848811042,106.15684599094496,1.2,0.7092418362787452,1.1513835131298102
36.800000000000004,normal,4.729104620565696,-0.733878680816796,1.2,0.33102263813766025,0.7897872577714276,1.1512245824215435,382.49847418744827,106.29255568986065,1.2,0.635070085564406,1.1512245824215435
36.85,normal,4.737736376441081,-0.7147346793931739,1.2,0.33040028723932807,0.77427863793025,1.1502773611943766,382.6362549911006,106.43168909617964,1.2,0.6647079685361634,1.1502773611943766
36.9,normal,4.7463681323164675,-0.6955906779695488,1.2,0.3301248817689181,0.7584647720285665,1.1488433175855017,382.7774476430464,106.57405230201121,1.2,0.6813310276319919,1.1488433175855017
36.95,normal,4.754999888191854,-0.6764466765459236,1.2,0.3302707101520423,0.7424204943456109,1.1472658404580256,382.9160125671206,106.71913700680327,1.2,0.6661595208620051,1.1472658404580256
37.0,normal,4.763631644067239,-0.6573026751223017,1.2,0.33104416496537753,0.7261496070649814,1.145868497657713,383.04592484240436,106.86657070678032,1.2,0.6423547896374174,1.145868497657713
37.050000000000004,normal,4.772263399942626,-0.6381586736986733,1.2,0.3327680812930721,0.7096370003737839,1.1448959542833272,383.1617363675749,107.01639773744063,1.2,0.6086474921998766,1.1448959542833272
37.1,normal,4.780895155818012,-0.6190146722750511,1.2,0.3358896384383128,0.6929354476490573,1.14457736220859,383.257673428399,107.16865447463371,1.2,0.5569639481017898,1.14457736220859
37.15,normal,4.789526911693397,-0.5998706708514293,1.2,0.34075863189950806,0.6761828376577678,1.1450826260335825,383.33220374933137,107.32338572548119,1.2,0.49213592027335673,1.1450826260335825
37.2,normal,4.798158667568785,-0.5807266694278008,1.2,0.34739675755050126,0.6596250090699732,1.1462758846939085,383.7980469657329,107.48029156088108,1.2,0.9182039065988562,1.1462758846939085
37.25,normal,4.80679042344417,-0.561582668004179,1.2,0.3563624739419143,0.6437336426129606,1.1474412362882724,384.22334367845355,107.64019242848995,1.2,0.8743991285233973,1.1474412362882724
37.300000000000004,normal,4.815422179319556,-0.5424386665805538,1.2,0.36705941420497695,0.6292752499171553,1.153570291395228,384.8436225123579,107.79788806836835,1.2,1.1900618031949999,1.153570291395228
37.35,normal,4.824053935194943,-0.5232946651569287,1.2,0.377884019371384,0.6165169431362764,1.1636177164237744,385.3045657855182,107.9547507028229,1.2,1.032244971057043,1.1636177164237744
37.4,normal,4.832685691070329,-0.5041506637333065,1.2,0.38882427043746326,0.6061077557733235,1.1760953913042962,385.6096475629764,108.11166443650244,1.2,0.8525977836883811,1.1760953913042962
37.45,normal,4.841317446945716,-0.4850066623096783,1.2,0.39992126619231166,0.5988950820821374,1.1894335440888324,385.8129914972608,108.26922169558335,1.2,0.7030308033230104,1.1894335440888324
37.5,normal,4.849949202821101,-0.4658626608860562,1.2,0.41122109542853025,0.595727013131362,1.202364149393731,386.0469102665162,108.4216701308165,1.2,0.6875125177305065,1.202364149393731
37.550000000000004,normal,4.858580958696488,-0.44671865946243106,1.2,0.42164254052033384,0.597203135042737,1.2144737150686076,386.29518232303,108.56924143614543,1.2,0.6668666877519229,1.2144737150686076
37.6,normal,4.867212714571874,-0.4275746580388059,1.2,0.4311918750380829,0.6032338650179104,1.2045656998286514,386.5491020122814,108.71200525676252,1.2,0.6593486507100572,1.2045656998286514
37.65,normal,4.87584447044726,-0.408430656615184,1.2,0.4398586991766454,0.6133153504633347,1.1840014591106507,386.8091245059844,108.85035990932948,1.2,0.6660642366694218,1.1840014591106507
37.7,normal,4.884476226322648,-0.3892866551915556,1.2,0.44765086073289684,0.6265236309024959,1.1677029641495529,387.11302894537573,108.9856067558914,1.2,0.725287764148864,1.1677029641495529
37.75,normal,4.893107982198033,-0.37014265376793365,1.2,0.45458223607513365,0.6417369840152459,1.1577613667506395,387.4858764415654,109.12028175319605,1.2,0.8095710296229479,1.1577613667506395
37.800000000000004,normal,4.901739738073419,-0.3509986523443083,1.2,0.4606744745787933,0.6579478230301715,1.1553219105248067,388.1469755346383,109.25036322193559,1.2,1.216152596497461,1.1553219105248067
37.85,normal,4.910371493948806,-0.33185465092068317,1.2,0.46462115256690356,0.6745710169624323,1.1601432219150611,388.75712250803883,109.37769121558506,1.2,1.1691870477574622,1.1601432219150611
37.9,normal,4.919003249824191,-0.3127106494970613,1.2,0.4665484584634223,0.6916997323519544,1.1700229623061194,389.3267256224644,109.50483674522103,1.2,1.2607402704664932,1.1700229623061194
37.95,normal,4.927635005699578,-0.29356664807343613,1.2,0.46609897354569735,0.7106514080064147,1.1807729419335704,389.6625632003109,109.63316884655447,1.2,1.0035472080695251,1.1807729419335704
38.0,normal,4.936266761574965,-0.2744226466498109,1.2,0.4647675635090051,0.7318099603352132,1.1864364495441635,390.64452695148356,109.76440991020459,1.2,1.787483306585952,1.1864364495441635
38.050000000000004,compressed,4.94489851745035,-0.25527864522618576,1.2,0.7910531688363892,0.7552335322122626,1.1837837856663935,392.061027411658,109.8886897609976,1.2,2.2936770476512383,1.1837837856663935
38.1,compressed,4.953530273325736,-0.23613464380256372,1.2,0.7878455570543839,0.7831026524984861,1.1734601707040833,393.4801456649723,110.0048596100996,1.2,2.2649616831674577,1.1734601707040833
38.15,compressed,4.962162029201123,-0.21699064237893853,1.2,0.7830908467328765,0.8144540264239015,1.157539795558562,394.7541308945116,110.1163449489767,1.2,2.124366267869826,1.157539795558562
38.2,compressed,4.970793785076509,-0.19784664095531337,1.2,0.7776547120587828,0.8479399125380722,1.1394550124853737,395.904497040024,110.22825001656034,1.2,2.028399769335554,1.1394550124853737
38.25,compressed,4.979425540951894,-0.1787026395316915,1.2,0.7720244741409727,0.8819117021286955,1.1230111163694332,396.89476290206693,110.34147917475431,1.2,1.8175088409422986,1.1230111163694332
38.300000000000004,compressed,4.988057296827281,-0.15955863810806303,1.2,0.7657919732798572,0.9146101701726177,1.1101141052138317,397.9699506072793,110.45893052944527,1.2,1.9361794129609833,1.1101141052138317
38.35,compressed,4.996689052702667,-0.14041463668444115,1.2,0.7590377621011891,0.9077158583685365,1.1018049990832977,398.8978176561161,110.58122108837574,1.2,1.789094583645086,1.1018049990832977
38.400000000000006,compressed,5.005320808578054,-0.12127063526081598,1.2,0.7514253077034596,0.9006179747459784,1.1031088601691914,400.05347246061234,110.69922369093689,1.2,1.9816254523708274,1.1031088601691914
38.45,compressed,5.01395256445344,-0.10212663383719064,1.2,0.7410700980975069,0.8948515414945535,1.114367331554381,401.0763895882038,110.8142716561372,1.2,1.905840796424529,1.114367331554381
38.5,compressed,5.022584320328825,-0.08298263241356875,1.2,0.7280113684018772,0.8913600864101034,1.1358334828138854,402.00766405307485,110.9280560338958,1.2,1.8239366188894472,1.1358334828138854
38.550000000000004,compressed,5.031216076204213,-0.06383863098994032,1.2,0.7124308867515458,0.8910386965630626,1.1665440692538178,402.89463238059477,111.05053052476603,1.2,1.7686529736548358,1.1665440692538178
38.6,compressed,5.039847832079598,-0.04469462956631842,1.2,0.6942357551355504,0.8946085938334851,1.190023010821825,403.83489804910334,111.18789456792211,1.2,1.8726363930521739,1.190023010821825
38.650000000000006,compressed,5.0484795879549855,-0.025550628142693255,1.2,0.6741812424492819,0.90257065833625,1.193580805783347,404.84921370584823,111.33305801845097,1.2,1.93544825294011,1.193580805783347
38.7,compressed,5.057111343830372,-0.0064066267190680875,1.2,0.6532631600780944,0.9151466321107999,1.1949385805360548,405.8195134285039,111.48504825447307,1.2,1.8609800885478929,1.1949385805360548
38.75,compressed,5.073972254957395,0.0,1.2,0.6387699281358898,0.9323045840392112,1.194252141889985,406.71559152395,111.64304894761966,1.2,1.7719950187909046,1.194252141889985
38.800000000000004,compressed,5.0949722549573995,0.0,1.2,0.63160185206465,0.9535034320382103,1.1976555683541754,407.60857029742317,111.80355503805112,1.2,1.7743276090057924,1.1976555683541754
38.85,compressed,5.115972254957396,0.0,1.2,0.62693755079233,0.9726091426554959,1.2046950496603162,408.3877766608962,111.96473689813648,1.2,1.6768401000191993,1.2046950496603162
38.900000000000006,compressed,5.1369722549573975,0.0,1.2,0.6252008604211847,0.9895154759034426,1.2145310711410218,409.2323292621725,112.12413275186611,1.2,1.7020858965316727,1.2145310711410218
38.95,compressed,5.157972254957398,0.0,1.2,0.6275148774797271,1.0042187764396273,1.2261131496526592,409.99765883662326,112.2807315811082,1.2,1.586763492332409,1.2261131496526592
39.0,compressed,5.1789722549573955,0.0,1.2,0.6345544256919118,1.0167379349938195,1.1819677717553174,410.6802264600089,112.43009578516063,1.2,1.394536480623026,1.1819677717553174
39.050000000000004,compressed,5.199972254957396,0.0,1.2,0.6452556647818698,1.0270537294981292,1.1370904829541268,411.5764645310692,112.56557956534802,1.2,1.774478527831194,1.1370904829541268
39.1,compressed,5.220972254957397,0.0,1.2,0.657902421973823,1.035075883807565,1.1067685807640604,413.1059492146005,112.68071674191987,1.2,2.3470300029649205,1.1067685807640604
39.150000000000006,compressed,5.241972254957398,0.0,1.2,0.6716362968429402,1.0406507719399525,1.0908714665875037,414.65202575050006,112.78407376073078,1.2,2.37762080981975,1.0908714665875037
39.2,compressed,5.262972254957399,0.0,1.2,0.6855961782093078,1.0435698506548425,1.0892479803511268,416.2145571971488,112.88761706188788,1.2,2.40944689952561,1.0892479803511268
39.25,column,5.283972254957396,0.0,1.2,0.7707991028756425,1.0435872050663921,1.1004504553583458,417.69206036726655,113.00123921813673,1.2,2.323133962708084,1.1004504553583458
